using device: cuda
total desired batch size: 65536
=> calculated gradient accumulation steps: 16
found 99 shards for split train
found 1 shards for split val
num decayed parameter tensors: 50, with 124,354,560 parameters
num non-decayed parameter tensors: 98, with 121,344 parameters
using fused AdamW: True
logging to log/run_20260918_224642
validation loss: 10.9499
HellaSwag accuracy: 2484/10042=0.2474
step     0 | loss: 10.956450 | lr 2.0000e-06 | norm: 15.0166 | dt: 96310.55ms | tok/sec: 680.47
step     1 | loss: 10.836965 | lr 4.0000e-06 | norm: 14.8773 | dt: 2986.13ms | tok/sec: 21946.78
step     2 | loss: 10.611835 | lr 6.0000e-06 | norm: 13.0843 | dt: 2875.90ms | tok/sec: 22787.99
step     3 | loss: 10.407990 | lr 8.0000e-06 | norm: 9.1089 | dt: 2902.56ms | tok/sec: 22578.72
step     4 | loss: 10.223195 | lr 1.0000e-05 | norm: 7.2886 | dt: 2898.75ms | tok/sec: 22608.34
step     5 | loss: 10.051300 | lr 1.2000e-05 | norm: 6.0560 | dt: 2887.88ms | tok/sec: 22693.47
step     6 | loss: 9.926678 | lr 1.4000e-05 | norm: 4.5131 | dt: 2889.00ms | tok/sec: 22684.65
step     7 | loss: 9.857855 | lr 1.6000e-05 | norm: 3.7533 | dt: 2884.18ms | tok/sec: 22722.60
step     8 | loss: 9.800370 | lr 1.8000e-05 | norm: 3.0920 | dt: 2887.69ms | tok/sec: 22694.97
step     9 | loss: 9.707593 | lr 2.0000e-05 | norm: 2.7786 | dt: 2942.02ms | tok/sec: 22275.83
step    10 | loss: 9.690874 | lr 2.2000e-05 | norm: 2.6362 | dt: 2891.97ms | tok/sec: 22661.35
step    11 | loss: 9.743093 | lr 2.4000e-05 | norm: 2.4355 | dt: 2898.37ms | tok/sec: 22611.29
step    12 | loss: 9.628678 | lr 2.6000e-05 | norm: 2.5956 | dt: 2911.41ms | tok/sec: 22510.02
step    13 | loss: 9.549247 | lr 2.8000e-05 | norm: 2.4593 | dt: 2909.09ms | tok/sec: 22528.03
step    14 | loss: 9.518917 | lr 3.0000e-05 | norm: 2.4496 | dt: 3162.31ms | tok/sec: 20724.12
step    15 | loss: 9.576757 | lr 3.2000e-05 | norm: 2.3255 | dt: 3056.80ms | tok/sec: 21439.42
step    16 | loss: 9.534628 | lr 3.4000e-05 | norm: 2.2360 | dt: 2976.97ms | tok/sec: 22014.33
step    17 | loss: 9.452917 | lr 3.6000e-05 | norm: 2.3100 | dt: 2989.40ms | tok/sec: 21922.83
step    18 | loss: 9.403052 | lr 3.8000e-05 | norm: 2.3846 | dt: 2990.71ms | tok/sec: 21913.22
step    19 | loss: 9.382004 | lr 4.0000e-05 | norm: 2.3353 | dt: 2993.66ms | tok/sec: 21891.57
step    20 | loss: 9.334000 | lr 4.2000e-05 | norm: 2.0893 | dt: 3181.80ms | tok/sec: 20597.18
step    21 | loss: 9.272844 | lr 4.4000e-05 | norm: 2.1305 | dt: 3208.80ms | tok/sec: 20423.84
step    22 | loss: 9.255184 | lr 4.6000e-05 | norm: 2.0875 | dt: 3141.75ms | tok/sec: 20859.73
step    23 | loss: 9.245384 | lr 4.8000e-05 | norm: 1.9397 | dt: 3176.46ms | tok/sec: 20631.76
step    24 | loss: 9.182510 | lr 5.0000e-05 | norm: 2.0174 | dt: 3161.80ms | tok/sec: 20727.45
step    25 | loss: 9.113091 | lr 5.2000e-05 | norm: 2.4149 | dt: 3140.27ms | tok/sec: 20869.55
step    26 | loss: 9.073123 | lr 5.4000e-05 | norm: 2.6393 | dt: 3139.65ms | tok/sec: 20873.64
step    27 | loss: 9.007712 | lr 5.6000e-05 | norm: 2.0903 | dt: 3117.44ms | tok/sec: 21022.38
step    28 | loss: 8.952302 | lr 5.8000e-05 | norm: 2.0680 | dt: 3174.60ms | tok/sec: 20643.88
step    29 | loss: 8.930693 | lr 6.0000e-05 | norm: 1.9289 | dt: 3208.61ms | tok/sec: 20425.04
step    30 | loss: 8.811743 | lr 6.2000e-05 | norm: 1.9308 | dt: 3173.13ms | tok/sec: 20653.45
step    31 | loss: 8.873459 | lr 6.4000e-05 | norm: 1.8503 | dt: 3183.65ms | tok/sec: 20585.15
step    32 | loss: 8.767854 | lr 6.6000e-05 | norm: 1.8191 | dt: 3157.70ms | tok/sec: 20754.33
step    33 | loss: 8.660182 | lr 6.8000e-05 | norm: 1.7820 | dt: 3290.56ms | tok/sec: 19916.37
step    34 | loss: 8.639356 | lr 7.0000e-05 | norm: 1.7900 | dt: 3407.45ms | tok/sec: 19233.14
step    35 | loss: 8.615424 | lr 7.2000e-05 | norm: 1.7613 | dt: 3159.58ms | tok/sec: 20742.01
step    36 | loss: 8.548156 | lr 7.4000e-05 | norm: 1.6206 | dt: 3235.95ms | tok/sec: 20252.47
step    37 | loss: 8.498919 | lr 7.6000e-05 | norm: 1.8374 | dt: 3209.72ms | tok/sec: 20418.00
step    38 | loss: 8.405897 | lr 7.8000e-05 | norm: 1.6385 | dt: 3245.26ms | tok/sec: 20194.36
step    39 | loss: 8.285893 | lr 8.0000e-05 | norm: 1.8665 | dt: 2902.52ms | tok/sec: 22578.97
step    40 | loss: 8.303560 | lr 8.2000e-05 | norm: 1.5710 | dt: 3067.30ms | tok/sec: 21366.01
step    41 | loss: 8.288007 | lr 8.4000e-05 | norm: 2.0021 | dt: 3087.78ms | tok/sec: 21224.34
step    42 | loss: 8.202985 | lr 8.6000e-05 | norm: 1.8728 | dt: 2949.70ms | tok/sec: 22217.82
step    43 | loss: 8.182301 | lr 8.8000e-05 | norm: 1.4864 | dt: 3055.21ms | tok/sec: 21450.59
step    44 | loss: 8.158278 | lr 9.0000e-05 | norm: 1.4428 | dt: 3070.64ms | tok/sec: 21342.78
step    45 | loss: 8.025784 | lr 9.2000e-05 | norm: 1.2689 | dt: 3099.45ms | tok/sec: 21144.37
step    46 | loss: 8.177158 | lr 9.4000e-05 | norm: 1.1634 | dt: 3122.42ms | tok/sec: 20988.85
step    47 | loss: 8.075370 | lr 9.6000e-05 | norm: 1.2087 | dt: 3148.30ms | tok/sec: 20816.30
step    48 | loss: 7.944261 | lr 9.8000e-05 | norm: 1.2602 | dt: 3057.35ms | tok/sec: 21435.56
step    49 | loss: 8.154826 | lr 1.0000e-04 | norm: 1.3437 | dt: 3008.15ms | tok/sec: 21786.15
step    50 | loss: 7.832461 | lr 1.0200e-04 | norm: 1.3566 | dt: 2950.83ms | tok/sec: 22209.36
step    51 | loss: 7.721120 | lr 1.0400e-04 | norm: 1.2678 | dt: 2952.40ms | tok/sec: 22197.51
step    52 | loss: 7.776678 | lr 1.0600e-04 | norm: 1.0408 | dt: 2920.66ms | tok/sec: 22438.77
step    53 | loss: 7.794043 | lr 1.0800e-04 | norm: 1.1183 | dt: 2973.81ms | tok/sec: 22037.76
step    54 | loss: 7.681009 | lr 1.1000e-04 | norm: 0.9935 | dt: 3035.09ms | tok/sec: 21592.77
step    55 | loss: 7.697827 | lr 1.1200e-04 | norm: 0.9576 | dt: 3027.55ms | tok/sec: 21646.55
step    56 | loss: 7.630626 | lr 1.1400e-04 | norm: 0.9811 | dt: 2982.32ms | tok/sec: 21974.87
step    57 | loss: 7.622450 | lr 1.1600e-04 | norm: 1.0204 | dt: 2976.84ms | tok/sec: 22015.32
step    58 | loss: 7.579165 | lr 1.1800e-04 | norm: 0.7492 | dt: 3191.15ms | tok/sec: 20536.82
step    59 | loss: 7.707413 | lr 1.2000e-04 | norm: 0.8212 | dt: 3162.13ms | tok/sec: 20725.30
step    60 | loss: 7.487133 | lr 1.2200e-04 | norm: 0.8003 | dt: 3190.63ms | tok/sec: 20540.13
step    61 | loss: 7.447690 | lr 1.2400e-04 | norm: 0.7970 | dt: 3282.12ms | tok/sec: 19967.59
step    62 | loss: 7.419409 | lr 1.2600e-04 | norm: 0.6617 | dt: 2891.23ms | tok/sec: 22667.17
step    63 | loss: 7.544075 | lr 1.2800e-04 | norm: 0.7165 | dt: 2890.69ms | tok/sec: 22671.42
step    64 | loss: 7.405144 | lr 1.3000e-04 | norm: 0.8578 | dt: 2885.61ms | tok/sec: 22711.30
step    65 | loss: 7.435952 | lr 1.3200e-04 | norm: 0.9465 | dt: 2889.92ms | tok/sec: 22677.44
step    66 | loss: 7.359222 | lr 1.3400e-04 | norm: 1.4414 | dt: 3287.15ms | tok/sec: 19937.04
step    67 | loss: 7.336434 | lr 1.3600e-04 | norm: 0.6860 | dt: 3297.47ms | tok/sec: 19874.61
step    68 | loss: 7.353903 | lr 1.3800e-04 | norm: 0.7713 | dt: 3154.79ms | tok/sec: 20773.48
step    69 | loss: 7.298230 | lr 1.4000e-04 | norm: 0.6021 | dt: 3222.67ms | tok/sec: 20335.95
step    70 | loss: 7.295108 | lr 1.4200e-04 | norm: 0.8355 | dt: 3097.15ms | tok/sec: 21160.09
step    71 | loss: 7.259298 | lr 1.4400e-04 | norm: 1.1141 | dt: 3073.72ms | tok/sec: 21321.38
step    72 | loss: 7.170928 | lr 1.4600e-04 | norm: 0.8894 | dt: 3144.07ms | tok/sec: 20844.32
step    73 | loss: 7.226987 | lr 1.4800e-04 | norm: 0.9440 | dt: 2950.46ms | tok/sec: 22212.14
step    74 | loss: 7.247465 | lr 1.5000e-04 | norm: 0.6809 | dt: 3278.97ms | tok/sec: 19986.79
step    75 | loss: 7.228147 | lr 1.5200e-04 | norm: 0.9653 | dt: 3061.28ms | tok/sec: 21408.06
step    76 | loss: 7.129113 | lr 1.5400e-04 | norm: 1.0702 | dt: 3033.10ms | tok/sec: 21606.95
step    77 | loss: 7.195801 | lr 1.5600e-04 | norm: 1.0520 | dt: 2949.86ms | tok/sec: 22216.62
step    78 | loss: 7.167223 | lr 1.5800e-04 | norm: 1.2391 | dt: 3066.78ms | tok/sec: 21369.62
step    79 | loss: 7.230732 | lr 1.6000e-04 | norm: 0.7304 | dt: 3189.16ms | tok/sec: 20549.62
step    80 | loss: 7.227607 | lr 1.6200e-04 | norm: 0.6688 | dt: 3145.81ms | tok/sec: 20832.78
step    81 | loss: 7.181027 | lr 1.6400e-04 | norm: 1.0143 | dt: 2947.28ms | tok/sec: 22236.07
step    82 | loss: 7.175271 | lr 1.6600e-04 | norm: 1.0546 | dt: 2937.58ms | tok/sec: 22309.51
step    83 | loss: 7.110803 | lr 1.6800e-04 | norm: 0.7593 | dt: 2937.38ms | tok/sec: 22311.02
step    84 | loss: 7.152134 | lr 1.7000e-04 | norm: 0.5896 | dt: 2924.71ms | tok/sec: 22407.66
step    85 | loss: 7.025070 | lr 1.7200e-04 | norm: 0.8610 | dt: 3052.41ms | tok/sec: 21470.25
step    86 | loss: 7.194060 | lr 1.7400e-04 | norm: 0.6189 | dt: 3104.26ms | tok/sec: 21111.64
step    87 | loss: 6.948880 | lr 1.7600e-04 | norm: 1.1504 | dt: 3048.55ms | tok/sec: 21497.42
step    88 | loss: 7.004611 | lr 1.7800e-04 | norm: 1.6758 | dt: 2888.56ms | tok/sec: 22688.16
step    89 | loss: 7.194563 | lr 1.8000e-04 | norm: 1.2305 | dt: 2886.35ms | tok/sec: 22705.49
step    90 | loss: 6.888048 | lr 1.8200e-04 | norm: 1.2963 | dt: 3029.78ms | tok/sec: 21630.60
step    91 | loss: 7.064502 | lr 1.8400e-04 | norm: 0.9749 | dt: 3185.73ms | tok/sec: 20571.74
step    92 | loss: 7.027991 | lr 1.8600e-04 | norm: 0.6635 | dt: 2909.27ms | tok/sec: 22526.64
step    93 | loss: 6.962085 | lr 1.8800e-04 | norm: 0.9508 | dt: 2897.14ms | tok/sec: 22620.91
step    94 | loss: 6.862050 | lr 1.9000e-04 | norm: 0.8752 | dt: 2922.37ms | tok/sec: 22425.61
step    95 | loss: 7.009425 | lr 1.9200e-04 | norm: 0.6435 | dt: 2901.82ms | tok/sec: 22584.42
step    96 | loss: 6.956314 | lr 1.9400e-04 | norm: 0.6465 | dt: 2890.97ms | tok/sec: 22669.24
step    97 | loss: 6.873844 | lr 1.9600e-04 | norm: 0.6525 | dt: 2898.03ms | tok/sec: 22613.95
step    98 | loss: 6.861181 | lr 1.9800e-04 | norm: 0.7435 | dt: 2891.96ms | tok/sec: 22661.43
step    99 | loss: 6.964501 | lr 2.0000e-04 | norm: 0.7392 | dt: 2890.36ms | tok/sec: 22673.99
step   100 | loss: 7.016418 | lr 2.0200e-04 | norm: 0.7899 | dt: 2895.96ms | tok/sec: 22630.17
step   101 | loss: 7.012995 | lr 2.0400e-04 | norm: 0.8068 | dt: 2935.55ms | tok/sec: 22324.96
step   102 | loss: 7.088716 | lr 2.0600e-04 | norm: 0.8160 | dt: 2894.20ms | tok/sec: 22643.94
step   103 | loss: 7.063633 | lr 2.0800e-04 | norm: 1.1429 | dt: 2887.38ms | tok/sec: 22697.38
step   104 | loss: 6.868219 | lr 2.1000e-04 | norm: 1.1577 | dt: 3107.59ms | tok/sec: 21089.04
step   105 | loss: 6.894158 | lr 2.1200e-04 | norm: 0.9770 | dt: 3078.24ms | tok/sec: 21290.07
step   106 | loss: 6.835362 | lr 2.1400e-04 | norm: 1.2963 | dt: 2883.06ms | tok/sec: 22731.37
step   107 | loss: 6.830001 | lr 2.1600e-04 | norm: 1.1191 | dt: 2888.07ms | tok/sec: 22691.99
step   108 | loss: 6.966826 | lr 2.1800e-04 | norm: 0.7949 | dt: 2894.45ms | tok/sec: 22641.95
step   109 | loss: 6.904382 | lr 2.2000e-04 | norm: 0.8182 | dt: 2922.94ms | tok/sec: 22421.28
step   110 | loss: 7.082605 | lr 2.2200e-04 | norm: 0.7936 | dt: 2888.46ms | tok/sec: 22688.91
step   111 | loss: 6.923325 | lr 2.2400e-04 | norm: 0.9713 | dt: 2885.88ms | tok/sec: 22709.21
step   112 | loss: 6.875973 | lr 2.2600e-04 | norm: 0.7867 | dt: 2910.64ms | tok/sec: 22516.00
step   113 | loss: 6.689867 | lr 2.2800e-04 | norm: 0.6181 | dt: 2934.01ms | tok/sec: 22336.70
step   114 | loss: 6.640858 | lr 2.3000e-04 | norm: 0.7989 | dt: 2937.42ms | tok/sec: 22310.74
step   115 | loss: 6.767038 | lr 2.3200e-04 | norm: 0.6661 | dt: 3018.01ms | tok/sec: 21714.97
step   116 | loss: 6.694379 | lr 2.3400e-04 | norm: 0.7650 | dt: 2914.65ms | tok/sec: 22485.05
step   117 | loss: 6.802529 | lr 2.3600e-04 | norm: 0.5777 | dt: 2916.51ms | tok/sec: 22470.68
step   118 | loss: 6.552202 | lr 2.3800e-04 | norm: 0.8972 | dt: 2887.90ms | tok/sec: 22693.33
step   119 | loss: 6.565743 | lr 2.4000e-04 | norm: 0.8104 | dt: 3117.66ms | tok/sec: 21020.88
step   120 | loss: 6.735988 | lr 2.4200e-04 | norm: 0.6248 | dt: 3075.73ms | tok/sec: 21307.44
step   121 | loss: 6.758281 | lr 2.4400e-04 | norm: 0.7692 | dt: 2923.64ms | tok/sec: 22415.89
step   122 | loss: 6.671879 | lr 2.4600e-04 | norm: 0.9707 | dt: 2961.99ms | tok/sec: 22125.65
step   123 | loss: 6.687101 | lr 2.4800e-04 | norm: 1.0718 | dt: 2928.62ms | tok/sec: 22377.81
step   124 | loss: 6.686775 | lr 2.5000e-04 | norm: 0.8144 | dt: 2913.33ms | tok/sec: 22495.22
step   125 | loss: 6.810967 | lr 2.5200e-04 | norm: 2.1411 | dt: 2961.19ms | tok/sec: 22131.68
step   126 | loss: 6.795312 | lr 2.5400e-04 | norm: 0.9133 | dt: 2971.14ms | tok/sec: 22057.51
step   127 | loss: 6.618519 | lr 2.5600e-04 | norm: 0.8011 | dt: 3040.83ms | tok/sec: 21552.00
step   128 | loss: 6.650914 | lr 2.5800e-04 | norm: 0.9485 | dt: 3012.54ms | tok/sec: 21754.42
step   129 | loss: 6.677111 | lr 2.6000e-04 | norm: 0.5543 | dt: 3301.92ms | tok/sec: 19847.85
step   130 | loss: 6.749874 | lr 2.6200e-04 | norm: 0.6673 | dt: 3048.05ms | tok/sec: 21500.93
step   131 | loss: 6.772161 | lr 2.6400e-04 | norm: 0.7424 | dt: 3164.28ms | tok/sec: 20711.18
step   132 | loss: 6.757769 | lr 2.6600e-04 | norm: 0.6606 | dt: 3217.94ms | tok/sec: 20365.79
step   133 | loss: 6.823770 | lr 2.6800e-04 | norm: 0.7476 | dt: 2939.11ms | tok/sec: 22297.90
step   134 | loss: 6.686689 | lr 2.7000e-04 | norm: 1.0715 | dt: 2897.91ms | tok/sec: 22614.89
step   135 | loss: 6.736442 | lr 2.7200e-04 | norm: 1.1134 | dt: 3103.86ms | tok/sec: 21114.34
step   136 | loss: 6.697090 | lr 2.7400e-04 | norm: 0.8137 | dt: 3073.40ms | tok/sec: 21323.65
step   137 | loss: 6.777104 | lr 2.7600e-04 | norm: 0.7744 | dt: 3040.10ms | tok/sec: 21557.19
step   138 | loss: 6.577310 | lr 2.7800e-04 | norm: 0.6067 | dt: 2894.95ms | tok/sec: 22638.07
step   139 | loss: 6.644511 | lr 2.8000e-04 | norm: 0.7183 | dt: 2959.11ms | tok/sec: 22147.22
step   140 | loss: 6.641329 | lr 2.8200e-04 | norm: 0.7657 | dt: 5239.31ms | tok/sec: 12508.52
step   141 | loss: 6.606124 | lr 2.8400e-04 | norm: 0.6856 | dt: 6214.09ms | tok/sec: 10546.36
step   142 | loss: 6.576243 | lr 2.8600e-04 | norm: 0.5917 | dt: 2988.02ms | tok/sec: 21932.95
step   143 | loss: 6.571115 | lr 2.8800e-04 | norm: 0.6840 | dt: 2973.98ms | tok/sec: 22036.48
step   144 | loss: 6.703617 | lr 2.9000e-04 | norm: 0.5616 | dt: 2984.32ms | tok/sec: 21960.09
step   145 | loss: 6.546554 | lr 2.9200e-04 | norm: 0.6328 | dt: 2989.33ms | tok/sec: 21923.31
step   146 | loss: 6.860696 | lr 2.9400e-04 | norm: 1.0296 | dt: 3010.24ms | tok/sec: 21771.03
step   147 | loss: 6.647917 | lr 2.9600e-04 | norm: 0.9794 | dt: 5668.74ms | tok/sec: 11560.94
step   148 | loss: 6.573514 | lr 2.9800e-04 | norm: 1.0747 | dt: 4663.54ms | tok/sec: 14052.84
step   149 | loss: 6.736545 | lr 3.0000e-04 | norm: 0.7903 | dt: 4073.55ms | tok/sec: 16088.18
step   150 | loss: 7.250373 | lr 3.0200e-04 | norm: 0.9195 | dt: 3111.92ms | tok/sec: 21059.70
step   151 | loss: 7.276250 | lr 3.0400e-04 | norm: 1.1059 | dt: 3705.38ms | tok/sec: 17686.70
step   152 | loss: 6.716959 | lr 3.0600e-04 | norm: 1.1354 | dt: 4050.67ms | tok/sec: 16179.06
step   153 | loss: 6.562029 | lr 3.0800e-04 | norm: 1.0867 | dt: 3600.31ms | tok/sec: 18202.87
step   154 | loss: 6.660917 | lr 3.1000e-04 | norm: 1.1910 | dt: 3674.54ms | tok/sec: 17835.18
step   155 | loss: 8.406966 | lr 3.1200e-04 | norm: 5.7536 | dt: 3830.50ms | tok/sec: 17109.00
step   156 | loss: 7.413383 | lr 3.1400e-04 | norm: 2.6766 | dt: 3858.23ms | tok/sec: 16986.01
step   157 | loss: 6.655964 | lr 3.1600e-04 | norm: 1.8019 | dt: 3655.71ms | tok/sec: 17927.05
step   158 | loss: 6.608815 | lr 3.1800e-04 | norm: 1.4176 | dt: 3826.85ms | tok/sec: 17125.33
step   159 | loss: 6.589178 | lr 3.2000e-04 | norm: 1.1219 | dt: 3826.99ms | tok/sec: 17124.70
step   160 | loss: 6.601523 | lr 3.2200e-04 | norm: 1.2759 | dt: 3671.82ms | tok/sec: 17848.35
step   161 | loss: 6.639273 | lr 3.2400e-04 | norm: 0.9042 | dt: 3789.39ms | tok/sec: 17294.60
step   162 | loss: 6.634277 | lr 3.2600e-04 | norm: 1.0867 | dt: 4433.68ms | tok/sec: 14781.39
step   163 | loss: 6.638332 | lr 3.2800e-04 | norm: 0.9168 | dt: 3894.05ms | tok/sec: 16829.78
step   164 | loss: 6.598847 | lr 3.3000e-04 | norm: 0.5539 | dt: 4198.98ms | tok/sec: 15607.59
step   165 | loss: 6.608760 | lr 3.3200e-04 | norm: 0.7601 | dt: 4053.52ms | tok/sec: 16167.67
step   166 | loss: 6.533545 | lr 3.3400e-04 | norm: 0.5801 | dt: 3813.87ms | tok/sec: 17183.58
step   167 | loss: 6.602368 | lr 3.3600e-04 | norm: 0.8279 | dt: 4303.59ms | tok/sec: 15228.21
step   168 | loss: 6.536191 | lr 3.3800e-04 | norm: 0.6350 | dt: 3866.46ms | tok/sec: 16949.89
step   169 | loss: 6.648645 | lr 3.4000e-04 | norm: 0.7430 | dt: 3734.45ms | tok/sec: 17549.02
step   170 | loss: 6.460913 | lr 3.4200e-04 | norm: 0.5303 | dt: 3800.46ms | tok/sec: 17244.23
step   171 | loss: 6.565765 | lr 3.4400e-04 | norm: 0.6657 | dt: 4399.78ms | tok/sec: 14895.30
step   172 | loss: 6.451089 | lr 3.4600e-04 | norm: 0.6237 | dt: 4183.89ms | tok/sec: 15663.89
step   173 | loss: 6.536205 | lr 3.4800e-04 | norm: 0.6140 | dt: 4330.18ms | tok/sec: 15134.69
step   174 | loss: 6.473622 | lr 3.5000e-04 | norm: 0.5660 | dt: 3164.25ms | tok/sec: 20711.42
step   175 | loss: 6.572636 | lr 3.5200e-04 | norm: 0.9640 | dt: 3211.87ms | tok/sec: 20404.33
step   176 | loss: 6.552452 | lr 3.5400e-04 | norm: 1.0347 | dt: 2977.58ms | tok/sec: 22009.78
step   177 | loss: 6.505923 | lr 3.5600e-04 | norm: 0.6576 | dt: 3007.45ms | tok/sec: 21791.19
step   178 | loss: 6.502890 | lr 3.5800e-04 | norm: 0.6801 | dt: 2986.28ms | tok/sec: 21945.71
step   179 | loss: 6.443004 | lr 3.6000e-04 | norm: 0.4829 | dt: 2979.27ms | tok/sec: 21997.30
step   180 | loss: 6.285071 | lr 3.6200e-04 | norm: 0.7530 | dt: 2989.18ms | tok/sec: 21924.39
step   181 | loss: 6.663241 | lr 3.6400e-04 | norm: 1.1062 | dt: 3687.04ms | tok/sec: 17774.70
step   182 | loss: 6.476593 | lr 3.6600e-04 | norm: 1.0623 | dt: 3239.08ms | tok/sec: 20232.88
step   183 | loss: 6.484247 | lr 3.6800e-04 | norm: 1.6292 | dt: 2992.14ms | tok/sec: 21902.69
step   184 | loss: 6.441441 | lr 3.7000e-04 | norm: 0.7309 | dt: 3044.64ms | tok/sec: 21525.07
step   185 | loss: 6.455673 | lr 3.7200e-04 | norm: 1.1566 | dt: 3011.14ms | tok/sec: 21764.52
step   186 | loss: 6.379599 | lr 3.7400e-04 | norm: 0.9831 | dt: 2995.39ms | tok/sec: 21878.97
step   187 | loss: 6.503354 | lr 3.7600e-04 | norm: 0.5759 | dt: 2976.01ms | tok/sec: 22021.43
step   188 | loss: 6.589958 | lr 3.7800e-04 | norm: 1.0625 | dt: 3664.96ms | tok/sec: 17881.76
step   189 | loss: 6.796282 | lr 3.8000e-04 | norm: 1.8503 | dt: 3159.53ms | tok/sec: 20742.32
step   190 | loss: 6.523969 | lr 3.8200e-04 | norm: 1.0135 | dt: 3914.58ms | tok/sec: 16741.53
step   191 | loss: 6.446922 | lr 3.8400e-04 | norm: 1.3497 | dt: 3350.79ms | tok/sec: 19558.35
step   192 | loss: 6.341317 | lr 3.8600e-04 | norm: 0.8063 | dt: 2992.30ms | tok/sec: 21901.58
step   193 | loss: 6.379759 | lr 3.8800e-04 | norm: 0.9616 | dt: 2984.91ms | tok/sec: 21955.78
step   194 | loss: 6.359941 | lr 3.9000e-04 | norm: 0.8590 | dt: 2979.48ms | tok/sec: 21995.75
step   195 | loss: 6.467162 | lr 3.9200e-04 | norm: 0.6872 | dt: 2984.03ms | tok/sec: 21962.27
step   196 | loss: 6.482491 | lr 3.9400e-04 | norm: 0.7882 | dt: 3014.06ms | tok/sec: 21743.47
step   197 | loss: 6.441296 | lr 3.9600e-04 | norm: 0.7718 | dt: 3001.39ms | tok/sec: 21835.20
step   198 | loss: 6.373250 | lr 3.9800e-04 | norm: 0.7135 | dt: 2999.76ms | tok/sec: 21847.05
step   199 | loss: 6.363038 | lr 4.0000e-04 | norm: 0.5772 | dt: 3041.44ms | tok/sec: 21547.72
step   200 | loss: 6.409321 | lr 4.0200e-04 | norm: 0.7295 | dt: 3280.02ms | tok/sec: 19980.39
step   201 | loss: 6.377937 | lr 4.0400e-04 | norm: 0.6012 | dt: 3007.56ms | tok/sec: 21790.45
step   202 | loss: 6.177464 | lr 4.0600e-04 | norm: 0.5847 | dt: 2982.37ms | tok/sec: 21974.44
step   203 | loss: 6.294671 | lr 4.0800e-04 | norm: 0.6453 | dt: 3026.38ms | tok/sec: 21654.93
step   204 | loss: 6.297440 | lr 4.1000e-04 | norm: 0.4967 | dt: 3072.27ms | tok/sec: 21331.46
step   205 | loss: 6.373008 | lr 4.1200e-04 | norm: 0.6639 | dt: 3184.67ms | tok/sec: 20578.59
step   206 | loss: 6.368376 | lr 4.1400e-04 | norm: 0.6774 | dt: 2958.84ms | tok/sec: 22149.21
step   207 | loss: 6.270916 | lr 4.1600e-04 | norm: 0.6887 | dt: 2981.52ms | tok/sec: 21980.71
step   208 | loss: 6.508653 | lr 4.1800e-04 | norm: 0.6635 | dt: 2979.24ms | tok/sec: 21997.58
step   209 | loss: 6.306210 | lr 4.2000e-04 | norm: 0.6478 | dt: 2979.32ms | tok/sec: 21996.98
step   210 | loss: 6.408211 | lr 4.2200e-04 | norm: 0.7549 | dt: 2972.45ms | tok/sec: 22047.81
step   211 | loss: 6.360879 | lr 4.2400e-04 | norm: 0.6950 | dt: 2977.81ms | tok/sec: 22008.15
step   212 | loss: 6.291503 | lr 4.2600e-04 | norm: 0.6833 | dt: 2984.93ms | tok/sec: 21955.63
step   213 | loss: 6.241124 | lr 4.2800e-04 | norm: 0.6150 | dt: 2996.56ms | tok/sec: 21870.42
step   214 | loss: 6.348527 | lr 4.3000e-04 | norm: 0.5691 | dt: 3242.11ms | tok/sec: 20214.03
step   215 | loss: 6.244472 | lr 4.3200e-04 | norm: 0.4915 | dt: 3429.05ms | tok/sec: 19112.02
step   216 | loss: 6.308243 | lr 4.3400e-04 | norm: 0.6318 | dt: 3432.53ms | tok/sec: 19092.64
step   217 | loss: 6.238925 | lr 4.3600e-04 | norm: 0.5668 | dt: 3243.59ms | tok/sec: 20204.78
step   218 | loss: 6.253907 | lr 4.3800e-04 | norm: 0.6453 | dt: 3387.04ms | tok/sec: 19349.03
step   219 | loss: 6.284743 | lr 4.4000e-04 | norm: 0.6003 | dt: 4370.99ms | tok/sec: 14993.39
step   220 | loss: 6.320114 | lr 4.4200e-04 | norm: 0.4855 | dt: 3523.99ms | tok/sec: 18597.09
step   221 | loss: 6.206524 | lr 4.4400e-04 | norm: 0.6363 | dt: 4081.88ms | tok/sec: 16055.33
step   222 | loss: 6.201463 | lr 4.4600e-04 | norm: 0.4636 | dt: 3754.58ms | tok/sec: 17454.95
step   223 | loss: 6.354890 | lr 4.4800e-04 | norm: 0.6239 | dt: 3508.41ms | tok/sec: 18679.69
step   224 | loss: 6.263735 | lr 4.5000e-04 | norm: 0.6623 | dt: 3206.45ms | tok/sec: 20438.79
step   225 | loss: 6.325094 | lr 4.5200e-04 | norm: 0.5806 | dt: 3245.91ms | tok/sec: 20190.35
step   226 | loss: 6.207726 | lr 4.5400e-04 | norm: 0.8928 | dt: 3180.50ms | tok/sec: 20605.57
step   227 | loss: 6.342342 | lr 4.5600e-04 | norm: 0.9838 | dt: 3089.55ms | tok/sec: 21212.12
step   228 | loss: 6.273184 | lr 4.5800e-04 | norm: 0.8667 | dt: 3201.92ms | tok/sec: 20467.69
step   229 | loss: 6.249876 | lr 4.6000e-04 | norm: 0.5140 | dt: 3291.03ms | tok/sec: 19913.51
step   230 | loss: 6.169072 | lr 4.6200e-04 | norm: 0.6807 | dt: 3638.23ms | tok/sec: 18013.14
step   231 | loss: 6.222954 | lr 4.6400e-04 | norm: 0.6914 | dt: 4799.89ms | tok/sec: 13653.65
step   232 | loss: 6.188684 | lr 4.6600e-04 | norm: 0.5821 | dt: 3006.86ms | tok/sec: 21795.51
step   233 | loss: 6.144789 | lr 4.6800e-04 | norm: 0.5899 | dt: 2952.06ms | tok/sec: 22200.06
step   234 | loss: 6.183484 | lr 4.7000e-04 | norm: 0.5766 | dt: 2967.49ms | tok/sec: 22084.66
step   235 | loss: 6.200573 | lr 4.7200e-04 | norm: 0.5307 | dt: 2987.98ms | tok/sec: 21933.24
step   236 | loss: 6.242578 | lr 4.7400e-04 | norm: 0.4749 | dt: 2961.48ms | tok/sec: 22129.46
step   237 | loss: 6.137557 | lr 4.7600e-04 | norm: 0.4927 | dt: 2979.47ms | tok/sec: 21995.89
step   238 | loss: 6.009665 | lr 4.7800e-04 | norm: 0.6785 | dt: 2968.07ms | tok/sec: 22080.36
step   239 | loss: 6.216401 | lr 4.8000e-04 | norm: 0.5539 | dt: 3529.46ms | tok/sec: 18568.26
step   240 | loss: 6.210000 | lr 4.8200e-04 | norm: 0.5828 | dt: 2963.97ms | tok/sec: 22110.89
step   241 | loss: 6.354724 | lr 4.8400e-04 | norm: 0.4712 | dt: 2973.79ms | tok/sec: 22037.84
step   242 | loss: 6.267743 | lr 4.8600e-04 | norm: 0.5350 | dt: 2969.42ms | tok/sec: 22070.29
step   243 | loss: 6.411481 | lr 4.8800e-04 | norm: 0.6894 | dt: 2967.96ms | tok/sec: 22081.17
step   244 | loss: 6.308244 | lr 4.9000e-04 | norm: 0.6276 | dt: 2965.94ms | tok/sec: 22096.20
step   245 | loss: 6.331880 | lr 4.9200e-04 | norm: 0.6630 | dt: 2960.96ms | tok/sec: 22133.35
step   246 | loss: 6.189838 | lr 4.9400e-04 | norm: 0.9373 | dt: 2967.70ms | tok/sec: 22083.12
step   247 | loss: 6.238040 | lr 4.9600e-04 | norm: 0.7310 | dt: 2961.99ms | tok/sec: 22125.67
step   248 | loss: 6.219707 | lr 4.9800e-04 | norm: 0.6118 | dt: 3579.50ms | tok/sec: 18308.69
step   249 | loss: 6.246551 | lr 5.0000e-04 | norm: 0.6560 | dt: 2965.78ms | tok/sec: 22097.40
step   250 | loss: 6.214767 | lr 5.0200e-04 | norm: 0.4962 | dt: 2968.32ms | tok/sec: 22078.48
step   251 | loss: 6.293517 | lr 5.0400e-04 | norm: 0.6799 | dt: 2932.75ms | tok/sec: 22346.24
step   252 | loss: 6.354099 | lr 5.0600e-04 | norm: 0.7065 | dt: 2958.86ms | tok/sec: 22149.07
step   253 | loss: 6.144784 | lr 5.0800e-04 | norm: 0.7293 | dt: 2940.80ms | tok/sec: 22285.09
step   254 | loss: 6.165390 | lr 5.1000e-04 | norm: 0.7058 | dt: 2945.12ms | tok/sec: 22252.37
step   255 | loss: 6.194254 | lr 5.1200e-04 | norm: 0.6019 | dt: 2937.42ms | tok/sec: 22310.71
step   256 | loss: 6.212978 | lr 5.1400e-04 | norm: 0.5566 | dt: 2928.78ms | tok/sec: 22376.57
step   257 | loss: 6.101951 | lr 5.1600e-04 | norm: 0.6479 | dt: 2936.78ms | tok/sec: 22315.62
step   258 | loss: 6.484544 | lr 5.1800e-04 | norm: 0.9226 | dt: 2934.73ms | tok/sec: 22331.22
step   259 | loss: 6.114615 | lr 5.2000e-04 | norm: 0.6185 | dt: 2935.22ms | tok/sec: 22327.48
step   260 | loss: 6.235487 | lr 5.2200e-04 | norm: 0.5489 | dt: 2965.35ms | tok/sec: 22100.62
step   261 | loss: 6.304329 | lr 5.2400e-04 | norm: 0.5669 | dt: 2932.86ms | tok/sec: 22345.40
step   262 | loss: 6.225286 | lr 5.2600e-04 | norm: 0.5818 | dt: 2938.00ms | tok/sec: 22306.33
step   263 | loss: 6.302472 | lr 5.2800e-04 | norm: 0.5729 | dt: 2936.51ms | tok/sec: 22317.67
step   264 | loss: 6.249653 | lr 5.3000e-04 | norm: 0.8193 | dt: 2944.74ms | tok/sec: 22255.26
step   265 | loss: 6.362919 | lr 5.3200e-04 | norm: 1.1954 | dt: 2939.65ms | tok/sec: 22293.84
step   266 | loss: 6.248260 | lr 5.3400e-04 | norm: 0.9759 | dt: 2940.15ms | tok/sec: 22290.04
step   267 | loss: 6.214704 | lr 5.3600e-04 | norm: 0.6616 | dt: 2934.09ms | tok/sec: 22336.05
step   268 | loss: 6.250154 | lr 5.3800e-04 | norm: 0.8022 | dt: 2945.81ms | tok/sec: 22247.19
step   269 | loss: 6.344425 | lr 5.4000e-04 | norm: 0.7427 | dt: 2942.16ms | tok/sec: 22274.79
step   270 | loss: 6.184762 | lr 5.4200e-04 | norm: 0.8779 | dt: 2942.91ms | tok/sec: 22269.10
step   271 | loss: 6.129216 | lr 5.4400e-04 | norm: 0.7488 | dt: 2977.93ms | tok/sec: 22007.20
step   272 | loss: 6.117561 | lr 5.4600e-04 | norm: 0.6944 | dt: 2961.14ms | tok/sec: 22131.99
step   273 | loss: 6.287623 | lr 5.4800e-04 | norm: 0.5899 | dt: 2939.48ms | tok/sec: 22295.08
step   274 | loss: 6.155840 | lr 5.5000e-04 | norm: 0.6472 | dt: 2954.72ms | tok/sec: 22180.11
step   275 | loss: 6.023224 | lr 5.5200e-04 | norm: 0.6960 | dt: 2943.04ms | tok/sec: 22268.09
step   276 | loss: 6.087485 | lr 5.5400e-04 | norm: 0.6700 | dt: 2938.66ms | tok/sec: 22301.29
step   277 | loss: 6.084738 | lr 5.5600e-04 | norm: 0.5784 | dt: 2949.81ms | tok/sec: 22217.00
step   278 | loss: 5.953507 | lr 5.5800e-04 | norm: 0.7064 | dt: 2937.38ms | tok/sec: 22311.07
step   279 | loss: 6.214908 | lr 5.6000e-04 | norm: 0.6904 | dt: 2941.99ms | tok/sec: 22276.11
step   280 | loss: 6.143261 | lr 5.6200e-04 | norm: 0.6254 | dt: 2973.07ms | tok/sec: 22043.21
step   281 | loss: 6.019062 | lr 5.6400e-04 | norm: 0.6626 | dt: 2943.54ms | tok/sec: 22264.35
step   282 | loss: 6.077811 | lr 5.6600e-04 | norm: 0.5646 | dt: 2940.41ms | tok/sec: 22288.05
step   283 | loss: 6.021401 | lr 5.6800e-04 | norm: 0.5300 | dt: 2940.83ms | tok/sec: 22284.85
step   284 | loss: 6.162004 | lr 5.7000e-04 | norm: 0.5859 | dt: 2940.56ms | tok/sec: 22286.91
step   285 | loss: 6.118840 | lr 5.7200e-04 | norm: 0.5130 | dt: 2936.50ms | tok/sec: 22317.72
step   286 | loss: 6.090466 | lr 5.7400e-04 | norm: 0.4526 | dt: 2944.46ms | tok/sec: 22257.41
step   287 | loss: 6.065150 | lr 5.7600e-04 | norm: 0.5199 | dt: 2946.74ms | tok/sec: 22240.15
step   288 | loss: 6.000912 | lr 5.7800e-04 | norm: 0.5051 | dt: 2952.96ms | tok/sec: 22193.33
step   289 | loss: 6.098100 | lr 5.8000e-04 | norm: 0.4786 | dt: 2943.70ms | tok/sec: 22263.17
step   290 | loss: 6.053673 | lr 5.8200e-04 | norm: 0.5013 | dt: 2945.04ms | tok/sec: 22252.99
step   291 | loss: 6.071067 | lr 5.8400e-04 | norm: 0.4515 | dt: 2947.99ms | tok/sec: 22230.71
step   292 | loss: 6.274667 | lr 5.8600e-04 | norm: 0.4614 | dt: 2944.84ms | tok/sec: 22254.54
step   293 | loss: 6.164744 | lr 5.8800e-04 | norm: 0.5645 | dt: 2962.88ms | tok/sec: 22118.98
step   294 | loss: 6.116507 | lr 5.9000e-04 | norm: 0.5446 | dt: 2947.08ms | tok/sec: 22237.60
step   295 | loss: 6.045170 | lr 5.9200e-04 | norm: 0.5648 | dt: 2946.35ms | tok/sec: 22243.14
step   296 | loss: 6.038425 | lr 5.9400e-04 | norm: 0.4985 | dt: 2940.95ms | tok/sec: 22283.94
step   297 | loss: 6.025887 | lr 5.9600e-04 | norm: 0.4960 | dt: 2946.33ms | tok/sec: 22243.30
step   298 | loss: 5.944296 | lr 5.9800e-04 | norm: 0.4751 | dt: 2946.94ms | tok/sec: 22238.64
step   299 | loss: 5.852719 | lr 6.0000e-04 | norm: 0.6136 | dt: 2946.86ms | tok/sec: 22239.23
step   300 | loss: 6.141174 | lr 6.0000e-04 | norm: 0.5290 | dt: 2979.88ms | tok/sec: 21992.81
step   301 | loss: 6.140443 | lr 6.0000e-04 | norm: 0.5842 | dt: 2943.63ms | tok/sec: 22263.68
step   302 | loss: 5.873698 | lr 6.0000e-04 | norm: 0.5110 | dt: 2949.21ms | tok/sec: 22221.54
step   303 | loss: 5.999386 | lr 6.0000e-04 | norm: 0.5304 | dt: 2939.99ms | tok/sec: 22291.26
step   304 | loss: 5.915201 | lr 6.0000e-04 | norm: 0.8171 | dt: 2945.20ms | tok/sec: 22251.83
step   305 | loss: 6.012229 | lr 6.0000e-04 | norm: 1.0549 | dt: 2939.73ms | tok/sec: 22293.21
step   306 | loss: 5.881737 | lr 6.0000e-04 | norm: 0.8255 | dt: 2946.64ms | tok/sec: 22240.90
step   307 | loss: 5.940758 | lr 6.0000e-04 | norm: 0.7285 | dt: 2940.42ms | tok/sec: 22287.94
step   308 | loss: 6.060081 | lr 6.0000e-04 | norm: 0.5085 | dt: 2945.23ms | tok/sec: 22251.58
step   309 | loss: 6.037652 | lr 6.0000e-04 | norm: 0.6052 | dt: 2935.32ms | tok/sec: 22326.69
step   310 | loss: 6.209671 | lr 6.0000e-04 | norm: 0.7217 | dt: 2942.82ms | tok/sec: 22269.83
step   311 | loss: 6.184620 | lr 6.0000e-04 | norm: 0.6363 | dt: 2944.82ms | tok/sec: 22254.69
step   312 | loss: 5.947601 | lr 6.0000e-04 | norm: 0.6893 | dt: 2974.00ms | tok/sec: 22036.32
step   313 | loss: 6.091626 | lr 6.0000e-04 | norm: 0.6583 | dt: 2972.09ms | tok/sec: 22050.48
step   314 | loss: 6.081308 | lr 6.0000e-04 | norm: 0.6883 | dt: 2945.02ms | tok/sec: 22253.13
step   315 | loss: 6.142521 | lr 6.0000e-04 | norm: 0.5267 | dt: 2946.01ms | tok/sec: 22245.68
step   316 | loss: 6.073164 | lr 6.0000e-04 | norm: 0.4846 | dt: 2939.36ms | tok/sec: 22296.00
step   317 | loss: 6.062267 | lr 6.0000e-04 | norm: 0.5635 | dt: 2948.20ms | tok/sec: 22229.19
step   318 | loss: 5.966438 | lr 6.0000e-04 | norm: 0.4286 | dt: 2930.13ms | tok/sec: 22366.22
step   319 | loss: 6.244727 | lr 5.9999e-04 | norm: 0.6811 | dt: 2955.62ms | tok/sec: 22173.34
step   320 | loss: 6.035654 | lr 5.9999e-04 | norm: 0.5782 | dt: 2950.63ms | tok/sec: 22210.83
step   321 | loss: 5.927044 | lr 5.9999e-04 | norm: 0.4596 | dt: 2969.83ms | tok/sec: 22067.25
step   322 | loss: 5.923687 | lr 5.9999e-04 | norm: 0.6191 | dt: 2940.06ms | tok/sec: 22290.74
step   323 | loss: 6.023498 | lr 5.9999e-04 | norm: 0.6556 | dt: 2942.69ms | tok/sec: 22270.79
step   324 | loss: 6.143203 | lr 5.9999e-04 | norm: 0.6168 | dt: 2939.73ms | tok/sec: 22293.24
step   325 | loss: 6.080331 | lr 5.9999e-04 | norm: 0.4440 | dt: 2932.22ms | tok/sec: 22350.30
step   326 | loss: 6.021990 | lr 5.9999e-04 | norm: 0.4599 | dt: 2926.03ms | tok/sec: 22397.55
step   327 | loss: 5.968832 | lr 5.9999e-04 | norm: 0.4160 | dt: 2934.03ms | tok/sec: 22336.54
step   328 | loss: 5.923671 | lr 5.9999e-04 | norm: 0.4022 | dt: 2934.79ms | tok/sec: 22330.70
step   329 | loss: 5.910585 | lr 5.9999e-04 | norm: 0.4296 | dt: 2944.08ms | tok/sec: 22260.24
step   330 | loss: 6.134758 | lr 5.9999e-04 | norm: 0.4748 | dt: 2941.51ms | tok/sec: 22279.68
step   331 | loss: 5.923506 | lr 5.9999e-04 | norm: 0.5250 | dt: 2947.88ms | tok/sec: 22231.60
step   332 | loss: 6.118429 | lr 5.9999e-04 | norm: 0.7868 | dt: 2948.96ms | tok/sec: 22223.45
step   333 | loss: 5.935274 | lr 5.9998e-04 | norm: 0.7103 | dt: 2959.97ms | tok/sec: 22140.79
step   334 | loss: 6.010539 | lr 5.9998e-04 | norm: 0.7387 | dt: 2941.82ms | tok/sec: 22277.36
step   335 | loss: 6.122130 | lr 5.9998e-04 | norm: 0.8470 | dt: 2948.65ms | tok/sec: 22225.75
step   336 | loss: 5.900749 | lr 5.9998e-04 | norm: 0.9080 | dt: 2943.79ms | tok/sec: 22262.45
step   337 | loss: 5.961741 | lr 5.9998e-04 | norm: 0.6749 | dt: 2937.39ms | tok/sec: 22310.96
step   338 | loss: 5.960335 | lr 5.9998e-04 | norm: 0.4754 | dt: 2945.26ms | tok/sec: 22251.35
step   339 | loss: 5.983619 | lr 5.9998e-04 | norm: 0.6171 | dt: 2933.87ms | tok/sec: 22337.71
step   340 | loss: 5.961012 | lr 5.9998e-04 | norm: 0.4909 | dt: 2949.68ms | tok/sec: 22217.99
step   341 | loss: 5.931430 | lr 5.9998e-04 | norm: 0.4665 | dt: 2978.78ms | tok/sec: 22000.96
step   342 | loss: 5.927037 | lr 5.9998e-04 | norm: 0.5064 | dt: 2937.55ms | tok/sec: 22309.79
step   343 | loss: 5.929066 | lr 5.9997e-04 | norm: 0.4838 | dt: 2933.91ms | tok/sec: 22337.46
step   344 | loss: 6.025772 | lr 5.9997e-04 | norm: 0.4743 | dt: 2933.74ms | tok/sec: 22338.73
step   345 | loss: 5.885166 | lr 5.9997e-04 | norm: 0.4210 | dt: 2944.38ms | tok/sec: 22258.01
step   346 | loss: 5.942801 | lr 5.9997e-04 | norm: 0.4947 | dt: 2943.17ms | tok/sec: 22267.17
step   347 | loss: 5.930634 | lr 5.9997e-04 | norm: 0.4657 | dt: 2985.83ms | tok/sec: 21949.01
step   348 | loss: 6.000489 | lr 5.9997e-04 | norm: 0.5331 | dt: 2944.59ms | tok/sec: 22256.43
step   349 | loss: 6.166380 | lr 5.9997e-04 | norm: 0.5352 | dt: 2943.32ms | tok/sec: 22266.00
step   350 | loss: 5.847176 | lr 5.9996e-04 | norm: 2.4579 | dt: 2943.37ms | tok/sec: 22265.62
step   351 | loss: 5.998059 | lr 5.9996e-04 | norm: 1.5319 | dt: 2937.22ms | tok/sec: 22312.25
step   352 | loss: 5.937130 | lr 5.9996e-04 | norm: 0.6234 | dt: 2961.61ms | tok/sec: 22128.53
step   353 | loss: 6.128435 | lr 5.9996e-04 | norm: 0.5321 | dt: 2941.49ms | tok/sec: 22279.85
step   354 | loss: 5.980249 | lr 5.9996e-04 | norm: 0.6214 | dt: 2943.00ms | tok/sec: 22268.40
step   355 | loss: 5.964102 | lr 5.9996e-04 | norm: 0.4846 | dt: 2930.71ms | tok/sec: 22361.82
step   356 | loss: 5.924837 | lr 5.9996e-04 | norm: 0.5313 | dt: 2948.66ms | tok/sec: 22225.68
step   357 | loss: 6.035883 | lr 5.9995e-04 | norm: 0.4661 | dt: 2946.27ms | tok/sec: 22243.74
step   358 | loss: 5.847050 | lr 5.9995e-04 | norm: 0.5451 | dt: 2936.01ms | tok/sec: 22321.47
step   359 | loss: 5.887259 | lr 5.9995e-04 | norm: 0.4699 | dt: 2939.16ms | tok/sec: 22297.56
step   360 | loss: 5.867351 | lr 5.9995e-04 | norm: 0.4823 | dt: 2940.76ms | tok/sec: 22285.37
step   361 | loss: 6.061033 | lr 5.9995e-04 | norm: 0.6748 | dt: 2976.48ms | tok/sec: 22017.95
step   362 | loss: 5.880519 | lr 5.9995e-04 | norm: 0.5095 | dt: 2939.67ms | tok/sec: 22293.68
step   363 | loss: 5.824256 | lr 5.9994e-04 | norm: 0.7439 | dt: 2931.50ms | tok/sec: 22355.76
step   364 | loss: 5.991869 | lr 5.9994e-04 | norm: 0.4643 | dt: 2948.04ms | tok/sec: 22230.38
step   365 | loss: 5.978541 | lr 5.9994e-04 | norm: 0.5514 | dt: 2941.99ms | tok/sec: 22276.09
step   366 | loss: 5.873750 | lr 5.9994e-04 | norm: 0.4501 | dt: 2950.39ms | tok/sec: 22212.66
step   367 | loss: 5.966073 | lr 5.9994e-04 | norm: 0.5025 | dt: 2947.95ms | tok/sec: 22231.02
step   368 | loss: 5.822303 | lr 5.9993e-04 | norm: 0.5659 | dt: 2945.97ms | tok/sec: 22245.96
step   369 | loss: 5.818959 | lr 5.9993e-04 | norm: 0.5178 | dt: 2938.76ms | tok/sec: 22300.55
step   370 | loss: 5.869767 | lr 5.9993e-04 | norm: 0.4841 | dt: 2940.05ms | tok/sec: 22290.74
step   371 | loss: 5.828315 | lr 5.9993e-04 | norm: 0.4386 | dt: 2936.38ms | tok/sec: 22318.63
step   372 | loss: 5.874650 | lr 5.9993e-04 | norm: 0.4114 | dt: 2946.20ms | tok/sec: 22244.26
step   373 | loss: 6.117281 | lr 5.9992e-04 | norm: 0.7627 | dt: 2963.20ms | tok/sec: 22116.62
step   374 | loss: 6.008170 | lr 5.9992e-04 | norm: 0.6266 | dt: 2964.43ms | tok/sec: 22107.42
step   375 | loss: 6.285744 | lr 5.9992e-04 | norm: 0.6813 | dt: 2949.60ms | tok/sec: 22218.63
step   376 | loss: 6.003888 | lr 5.9992e-04 | norm: 0.7531 | dt: 2943.97ms | tok/sec: 22261.11
step   377 | loss: 6.013182 | lr 5.9992e-04 | norm: 0.6853 | dt: 2939.73ms | tok/sec: 22293.24
step   378 | loss: 6.120273 | lr 5.9991e-04 | norm: 0.5464 | dt: 2938.47ms | tok/sec: 22302.76
step   379 | loss: 6.091335 | lr 5.9991e-04 | norm: 0.5315 | dt: 2952.00ms | tok/sec: 22200.54
step   380 | loss: 6.107257 | lr 5.9991e-04 | norm: 0.6476 | dt: 2957.62ms | tok/sec: 22158.32
step   381 | loss: 6.068287 | lr 5.9991e-04 | norm: 0.7959 | dt: 2946.20ms | tok/sec: 22244.25
step   382 | loss: 6.060102 | lr 5.9990e-04 | norm: 0.5173 | dt: 2994.36ms | tok/sec: 21886.47
step   383 | loss: 6.013397 | lr 5.9990e-04 | norm: 0.5021 | dt: 2940.41ms | tok/sec: 22288.06
step   384 | loss: 6.139209 | lr 5.9990e-04 | norm: 0.4952 | dt: 2941.80ms | tok/sec: 22277.51
step   385 | loss: 6.041881 | lr 5.9990e-04 | norm: 0.4609 | dt: 2953.10ms | tok/sec: 22192.25
step   386 | loss: 5.978013 | lr 5.9990e-04 | norm: 0.4706 | dt: 2947.19ms | tok/sec: 22236.80
step   387 | loss: 5.957383 | lr 5.9989e-04 | norm: 0.5631 | dt: 2934.45ms | tok/sec: 22333.35
step   388 | loss: 6.090178 | lr 5.9989e-04 | norm: 0.5124 | dt: 2945.38ms | tok/sec: 22250.44
step   389 | loss: 6.079653 | lr 5.9989e-04 | norm: 0.4956 | dt: 2953.86ms | tok/sec: 22186.59
step   390 | loss: 6.091163 | lr 5.9989e-04 | norm: 0.4675 | dt: 2934.08ms | tok/sec: 22336.12
step   391 | loss: 6.026509 | lr 5.9988e-04 | norm: 0.4817 | dt: 2944.58ms | tok/sec: 22256.48
step   392 | loss: 5.942498 | lr 5.9988e-04 | norm: 0.6451 | dt: 2945.82ms | tok/sec: 22247.12
step   393 | loss: 5.957316 | lr 5.9988e-04 | norm: 0.4660 | dt: 2952.80ms | tok/sec: 22194.56
step   394 | loss: 5.951673 | lr 5.9987e-04 | norm: 0.5144 | dt: 2945.83ms | tok/sec: 22247.04
step   395 | loss: 5.964974 | lr 5.9987e-04 | norm: 0.4778 | dt: 2965.18ms | tok/sec: 22101.85
step   396 | loss: 5.923659 | lr 5.9987e-04 | norm: 0.4779 | dt: 2949.43ms | tok/sec: 22219.89
step   397 | loss: 5.940500 | lr 5.9987e-04 | norm: 0.4901 | dt: 2947.27ms | tok/sec: 22236.16
step   398 | loss: 6.110787 | lr 5.9986e-04 | norm: 0.4860 | dt: 2947.07ms | tok/sec: 22237.70
step   399 | loss: 5.978104 | lr 5.9986e-04 | norm: 0.5990 | dt: 2943.92ms | tok/sec: 22261.50
step   400 | loss: 5.967403 | lr 5.9986e-04 | norm: 0.5274 | dt: 2938.13ms | tok/sec: 22305.37
step   401 | loss: 6.095638 | lr 5.9986e-04 | norm: 0.4985 | dt: 2942.61ms | tok/sec: 22271.36
step   402 | loss: 6.027682 | lr 5.9985e-04 | norm: 0.6183 | dt: 2980.11ms | tok/sec: 21991.12
step   403 | loss: 5.854160 | lr 5.9985e-04 | norm: 0.4889 | dt: 2936.39ms | tok/sec: 22318.56
step   404 | loss: 6.101453 | lr 5.9985e-04 | norm: 0.5353 | dt: 2933.51ms | tok/sec: 22340.44
step   405 | loss: 6.026813 | lr 5.9984e-04 | norm: 0.5034 | dt: 2947.33ms | tok/sec: 22235.69
step   406 | loss: 6.037264 | lr 5.9984e-04 | norm: 0.4656 | dt: 2943.33ms | tok/sec: 22265.91
step   407 | loss: 5.949925 | lr 5.9984e-04 | norm: 0.6831 | dt: 2949.56ms | tok/sec: 22218.91
step   408 | loss: 5.963912 | lr 5.9983e-04 | norm: 0.5302 | dt: 2936.68ms | tok/sec: 22316.34
step   409 | loss: 5.971530 | lr 5.9983e-04 | norm: 0.4857 | dt: 2946.77ms | tok/sec: 22239.95
step   410 | loss: 6.033309 | lr 5.9983e-04 | norm: 0.4477 | dt: 2941.02ms | tok/sec: 22283.45
step   411 | loss: 5.902206 | lr 5.9983e-04 | norm: 0.5626 | dt: 2937.91ms | tok/sec: 22307.02
step   412 | loss: 5.996064 | lr 5.9982e-04 | norm: 0.4593 | dt: 2931.52ms | tok/sec: 22355.63
step   413 | loss: 5.997486 | lr 5.9982e-04 | norm: 0.4755 | dt: 2952.54ms | tok/sec: 22196.45
step   414 | loss: 5.931726 | lr 5.9982e-04 | norm: 0.4799 | dt: 2957.35ms | tok/sec: 22160.37
step   415 | loss: 5.894229 | lr 5.9981e-04 | norm: 0.7180 | dt: 2955.48ms | tok/sec: 22174.37
step   416 | loss: 5.944105 | lr 5.9981e-04 | norm: 0.4080 | dt: 2936.39ms | tok/sec: 22318.60
step   417 | loss: 5.943546 | lr 5.9981e-04 | norm: 0.5353 | dt: 2936.11ms | tok/sec: 22320.70
step   418 | loss: 5.967677 | lr 5.9980e-04 | norm: 0.4564 | dt: 2934.82ms | tok/sec: 22330.48
step   419 | loss: 6.056002 | lr 5.9980e-04 | norm: 0.5287 | dt: 2941.65ms | tok/sec: 22278.69
step   420 | loss: 5.897890 | lr 5.9980e-04 | norm: 0.4076 | dt: 2939.25ms | tok/sec: 22296.83
step   421 | loss: 6.003394 | lr 5.9979e-04 | norm: 0.4914 | dt: 2935.96ms | tok/sec: 22321.87
step   422 | loss: 5.861853 | lr 5.9979e-04 | norm: 0.5255 | dt: 2987.53ms | tok/sec: 21936.50
step   423 | loss: 5.889760 | lr 5.9979e-04 | norm: 0.5042 | dt: 2934.28ms | tok/sec: 22334.57
step   424 | loss: 5.919864 | lr 5.9978e-04 | norm: 0.4429 | dt: 2936.03ms | tok/sec: 22321.27
step   425 | loss: 5.917407 | lr 5.9978e-04 | norm: 0.4848 | dt: 2956.25ms | tok/sec: 22168.63
step   426 | loss: 5.825183 | lr 5.9978e-04 | norm: 0.5121 | dt: 2944.48ms | tok/sec: 22257.27
step   427 | loss: 5.887117 | lr 5.9977e-04 | norm: 0.4561 | dt: 2944.93ms | tok/sec: 22253.83
step   428 | loss: 5.897816 | lr 5.9977e-04 | norm: 0.4578 | dt: 2929.75ms | tok/sec: 22369.15
step   429 | loss: 5.852321 | lr 5.9976e-04 | norm: 0.3894 | dt: 2941.55ms | tok/sec: 22279.42
step   430 | loss: 5.780025 | lr 5.9976e-04 | norm: 0.4733 | dt: 2940.05ms | tok/sec: 22290.79
step   431 | loss: 5.789929 | lr 5.9976e-04 | norm: 0.4392 | dt: 2948.51ms | tok/sec: 22226.80
step   432 | loss: 5.770621 | lr 5.9975e-04 | norm: 0.4393 | dt: 2932.67ms | tok/sec: 22346.83
step   433 | loss: 5.780800 | lr 5.9975e-04 | norm: 0.4978 | dt: 2937.67ms | tok/sec: 22308.81
step   434 | loss: 5.834898 | lr 5.9975e-04 | norm: 0.4043 | dt: 2969.02ms | tok/sec: 22073.30
step   435 | loss: 5.903525 | lr 5.9974e-04 | norm: 0.5204 | dt: 2968.56ms | tok/sec: 22076.67
step   436 | loss: 5.746323 | lr 5.9974e-04 | norm: 0.5061 | dt: 2944.71ms | tok/sec: 22255.51
step   437 | loss: 5.754287 | lr 5.9973e-04 | norm: 0.5479 | dt: 2936.29ms | tok/sec: 22319.33
step   438 | loss: 6.100491 | lr 5.9973e-04 | norm: 0.4802 | dt: 2948.37ms | tok/sec: 22227.85
step   439 | loss: 5.858977 | lr 5.9973e-04 | norm: 0.4473 | dt: 2943.61ms | tok/sec: 22263.83
step   440 | loss: 5.774752 | lr 5.9972e-04 | norm: 0.4254 | dt: 2944.77ms | tok/sec: 22255.08
step   441 | loss: 6.004986 | lr 5.9972e-04 | norm: 0.5459 | dt: 2938.58ms | tok/sec: 22301.97
step   442 | loss: 5.650478 | lr 5.9971e-04 | norm: 0.6973 | dt: 2952.89ms | tok/sec: 22193.87
step   443 | loss: 6.029139 | lr 5.9971e-04 | norm: 0.9936 | dt: 2979.22ms | tok/sec: 21997.71
step   444 | loss: 5.841637 | lr 5.9971e-04 | norm: 0.6511 | dt: 2940.93ms | tok/sec: 22284.10
step   445 | loss: 5.877718 | lr 5.9970e-04 | norm: 0.5894 | dt: 2940.77ms | tok/sec: 22285.28
step   446 | loss: 5.876422 | lr 5.9970e-04 | norm: 0.6515 | dt: 2942.63ms | tok/sec: 22271.27
step   447 | loss: 5.858925 | lr 5.9969e-04 | norm: 0.4971 | dt: 2944.78ms | tok/sec: 22254.97
step   448 | loss: 5.718956 | lr 5.9969e-04 | norm: 0.4579 | dt: 2942.62ms | tok/sec: 22271.29
step   449 | loss: 5.836487 | lr 5.9969e-04 | norm: 0.4626 | dt: 2936.22ms | tok/sec: 22319.85
step   450 | loss: 5.892438 | lr 5.9968e-04 | norm: 0.5277 | dt: 2949.33ms | tok/sec: 22220.67
step   451 | loss: 5.857162 | lr 5.9968e-04 | norm: 0.7441 | dt: 2939.84ms | tok/sec: 22292.39
step   452 | loss: 5.994297 | lr 5.9967e-04 | norm: 0.6192 | dt: 2939.47ms | tok/sec: 22295.18
step   453 | loss: 5.805380 | lr 5.9967e-04 | norm: 0.5533 | dt: 2940.69ms | tok/sec: 22285.90
step   454 | loss: 5.865001 | lr 5.9966e-04 | norm: 0.5711 | dt: 2967.72ms | tok/sec: 22082.92
step   455 | loss: 5.901521 | lr 5.9966e-04 | norm: 0.5910 | dt: 2947.39ms | tok/sec: 22235.27
step   456 | loss: 5.785117 | lr 5.9966e-04 | norm: 0.4252 | dt: 2958.35ms | tok/sec: 22152.85
step   457 | loss: 5.910903 | lr 5.9965e-04 | norm: 0.5300 | dt: 2944.69ms | tok/sec: 22255.68
step   458 | loss: 5.907912 | lr 5.9965e-04 | norm: 0.4837 | dt: 2933.95ms | tok/sec: 22337.15
step   459 | loss: 5.796570 | lr 5.9964e-04 | norm: 0.4393 | dt: 2936.03ms | tok/sec: 22321.28
step   460 | loss: 5.814581 | lr 5.9964e-04 | norm: 0.5159 | dt: 2939.57ms | tok/sec: 22294.44
step   461 | loss: 5.866216 | lr 5.9963e-04 | norm: 0.4499 | dt: 2941.68ms | tok/sec: 22278.44
step   462 | loss: 5.720178 | lr 5.9963e-04 | norm: 0.4620 | dt: 2946.52ms | tok/sec: 22241.82
step   463 | loss: 5.869808 | lr 5.9962e-04 | norm: 0.3871 | dt: 2965.04ms | tok/sec: 22102.89
step   464 | loss: 5.799566 | lr 5.9962e-04 | norm: 0.4869 | dt: 2940.07ms | tok/sec: 22290.66
step   465 | loss: 5.688390 | lr 5.9961e-04 | norm: 0.4315 | dt: 2949.40ms | tok/sec: 22220.11
step   466 | loss: 5.844730 | lr 5.9961e-04 | norm: 0.4703 | dt: 2946.09ms | tok/sec: 22245.07
step   467 | loss: 5.792820 | lr 5.9961e-04 | norm: 0.5445 | dt: 2948.95ms | tok/sec: 22223.47
step   468 | loss: 5.634371 | lr 5.9960e-04 | norm: 0.4200 | dt: 2939.11ms | tok/sec: 22297.94
step   469 | loss: 5.735975 | lr 5.9960e-04 | norm: 0.5412 | dt: 2938.11ms | tok/sec: 22305.53
step   470 | loss: 5.751786 | lr 5.9959e-04 | norm: 0.4922 | dt: 2939.07ms | tok/sec: 22298.18
step   471 | loss: 5.800849 | lr 5.9959e-04 | norm: 0.5834 | dt: 2935.85ms | tok/sec: 22322.63
step   472 | loss: 5.667419 | lr 5.9958e-04 | norm: 0.5599 | dt: 2935.34ms | tok/sec: 22326.56
step   473 | loss: 5.757189 | lr 5.9958e-04 | norm: 0.4673 | dt: 2950.80ms | tok/sec: 22209.54
step   474 | loss: 5.773890 | lr 5.9957e-04 | norm: 0.4730 | dt: 2944.75ms | tok/sec: 22255.22
step   475 | loss: 5.788671 | lr 5.9957e-04 | norm: 0.4292 | dt: 2963.90ms | tok/sec: 22111.43
step   476 | loss: 5.757123 | lr 5.9956e-04 | norm: 0.4608 | dt: 2966.37ms | tok/sec: 22093.03
step   477 | loss: 5.714538 | lr 5.9956e-04 | norm: 0.4832 | dt: 2933.71ms | tok/sec: 22338.96
step   478 | loss: 5.684840 | lr 5.9955e-04 | norm: 0.4196 | dt: 2940.98ms | tok/sec: 22283.75
step   479 | loss: 5.747959 | lr 5.9955e-04 | norm: 0.3964 | dt: 2939.96ms | tok/sec: 22291.47
step   480 | loss: 5.792521 | lr 5.9954e-04 | norm: 0.4827 | dt: 2940.15ms | tok/sec: 22289.99
step   481 | loss: 5.757955 | lr 5.9954e-04 | norm: 0.4425 | dt: 2942.67ms | tok/sec: 22270.96
step   482 | loss: 5.726631 | lr 5.9953e-04 | norm: 0.4274 | dt: 2942.46ms | tok/sec: 22272.53
step   483 | loss: 5.804929 | lr 5.9953e-04 | norm: 0.3991 | dt: 2931.78ms | tok/sec: 22353.68
step   484 | loss: 5.685680 | lr 5.9952e-04 | norm: 0.5099 | dt: 2967.42ms | tok/sec: 22085.21
step   485 | loss: 5.756172 | lr 5.9952e-04 | norm: 0.5073 | dt: 2946.36ms | tok/sec: 22243.05
step   486 | loss: 5.656558 | lr 5.9951e-04 | norm: 0.4630 | dt: 2948.80ms | tok/sec: 22224.62
step   487 | loss: 5.660423 | lr 5.9950e-04 | norm: 0.4396 | dt: 2940.68ms | tok/sec: 22286.04
step   488 | loss: 5.707221 | lr 5.9950e-04 | norm: 0.4428 | dt: 2948.78ms | tok/sec: 22224.81
step   489 | loss: 5.744694 | lr 5.9949e-04 | norm: 0.4355 | dt: 2940.38ms | tok/sec: 22288.29
step   490 | loss: 5.662194 | lr 5.9949e-04 | norm: 0.5555 | dt: 2941.84ms | tok/sec: 22277.21
step   491 | loss: 5.434015 | lr 5.9948e-04 | norm: 0.4293 | dt: 2946.96ms | tok/sec: 22238.53
step   492 | loss: 5.648951 | lr 5.9948e-04 | norm: 0.4235 | dt: 2946.94ms | tok/sec: 22238.66
step   493 | loss: 5.946207 | lr 5.9947e-04 | norm: 0.5656 | dt: 2941.54ms | tok/sec: 22279.46
step   494 | loss: 5.711153 | lr 5.9947e-04 | norm: 0.6225 | dt: 2945.12ms | tok/sec: 22252.44
step   495 | loss: 5.698807 | lr 5.9946e-04 | norm: 0.5201 | dt: 2964.12ms | tok/sec: 22109.76
step   496 | loss: 5.676202 | lr 5.9946e-04 | norm: 0.5713 | dt: 2965.81ms | tok/sec: 22097.15
step   497 | loss: 5.653521 | lr 5.9945e-04 | norm: 0.5261 | dt: 2953.19ms | tok/sec: 22191.61
step   498 | loss: 5.586796 | lr 5.9945e-04 | norm: 0.4591 | dt: 2935.04ms | tok/sec: 22328.82
step   499 | loss: 5.684601 | lr 5.9944e-04 | norm: 0.4798 | dt: 2941.46ms | tok/sec: 22280.06
validation loss: 5.6903
HellaSwag accuracy: 2378/10042=0.2368
rank 0 sample 0: Hello, I'm a language model, and the world. The study's second model:
But I found one-t a strongly-in-called
rank 0 sample 1: Hello, I'm a language model, including "we are the two. My C-of (n=H2), which can also also be used in
rank 0 sample 2: Hello, I'm a language model, or a few simple one day. In the last day, there's time, but I can be a lot, one
rank 0 sample 3: Hello, I'm a language model, which includes a book, and a few different art, and this course, it: A few, an integral character:
step   500 | loss: 5.771284 | lr 5.9943e-04 | norm: 0.4775 | dt: 108918.46ms | tok/sec: 601.70
step   501 | loss: 5.650245 | lr 5.9943e-04 | norm: 0.4013 | dt: 2962.83ms | tok/sec: 22119.39
step   502 | loss: 5.674935 | lr 5.9942e-04 | norm: 0.4179 | dt: 2937.50ms | tok/sec: 22310.13
step   503 | loss: 5.644693 | lr 5.9942e-04 | norm: 0.4948 | dt: 2940.00ms | tok/sec: 22291.15
step   504 | loss: 5.727280 | lr 5.9941e-04 | norm: 0.5957 | dt: 2952.32ms | tok/sec: 22198.16
step   505 | loss: 5.793643 | lr 5.9941e-04 | norm: 0.4813 | dt: 2939.70ms | tok/sec: 22293.47
step   506 | loss: 5.726554 | lr 5.9940e-04 | norm: 0.5108 | dt: 2944.91ms | tok/sec: 22253.97
step   507 | loss: 5.598298 | lr 5.9939e-04 | norm: 0.5152 | dt: 2947.70ms | tok/sec: 22232.96
step   508 | loss: 5.576697 | lr 5.9939e-04 | norm: 0.4425 | dt: 2937.29ms | tok/sec: 22311.74
step   509 | loss: 5.586202 | lr 5.9938e-04 | norm: 0.4500 | dt: 2981.79ms | tok/sec: 21978.78
step   510 | loss: 5.546208 | lr 5.9938e-04 | norm: 0.4152 | dt: 2940.50ms | tok/sec: 22287.33
step   511 | loss: 5.609920 | lr 5.9937e-04 | norm: 0.5055 | dt: 2937.89ms | tok/sec: 22307.19
step   512 | loss: 5.626610 | lr 5.9936e-04 | norm: 0.4935 | dt: 2948.86ms | tok/sec: 22224.21
step   513 | loss: 5.687648 | lr 5.9936e-04 | norm: 0.4406 | dt: 2943.43ms | tok/sec: 22265.18
step   514 | loss: 5.682433 | lr 5.9935e-04 | norm: 0.4436 | dt: 2946.64ms | tok/sec: 22240.95
step   515 | loss: 5.550457 | lr 5.9935e-04 | norm: 0.4332 | dt: 2949.50ms | tok/sec: 22219.34
step   516 | loss: 5.516063 | lr 5.9934e-04 | norm: 0.4325 | dt: 2946.42ms | tok/sec: 22242.56
step   517 | loss: 5.619697 | lr 5.9933e-04 | norm: 0.3842 | dt: 2940.43ms | tok/sec: 22287.90
step   518 | loss: 5.654089 | lr 5.9933e-04 | norm: 0.4512 | dt: 2942.94ms | tok/sec: 22268.87
step   519 | loss: 5.610452 | lr 5.9932e-04 | norm: 0.3929 | dt: 2943.64ms | tok/sec: 22263.57
step   520 | loss: 5.733567 | lr 5.9931e-04 | norm: 0.4628 | dt: 2958.04ms | tok/sec: 22155.22
step   521 | loss: 5.566348 | lr 5.9931e-04 | norm: 0.4975 | dt: 2965.24ms | tok/sec: 22101.45
step   522 | loss: 5.671777 | lr 5.9930e-04 | norm: 0.5007 | dt: 2936.53ms | tok/sec: 22317.53
step   523 | loss: 5.632185 | lr 5.9930e-04 | norm: 0.4843 | dt: 2949.09ms | tok/sec: 22222.45
step   524 | loss: 5.605183 | lr 5.9929e-04 | norm: 0.5308 | dt: 2943.53ms | tok/sec: 22264.45
step   525 | loss: 5.848228 | lr 5.9928e-04 | norm: 0.5836 | dt: 2934.80ms | tok/sec: 22330.65
step   526 | loss: 5.574569 | lr 5.9928e-04 | norm: 0.6125 | dt: 2946.89ms | tok/sec: 22239.06
step   527 | loss: 5.781702 | lr 5.9927e-04 | norm: 0.5724 | dt: 2945.77ms | tok/sec: 22247.51
step   528 | loss: 5.600994 | lr 5.9926e-04 | norm: 0.5256 | dt: 2946.13ms | tok/sec: 22244.74
step   529 | loss: 5.630601 | lr 5.9926e-04 | norm: 0.5109 | dt: 2980.69ms | tok/sec: 21986.86
step   530 | loss: 5.605250 | lr 5.9925e-04 | norm: 0.4579 | dt: 2947.98ms | tok/sec: 22230.78
step   531 | loss: 5.611578 | lr 5.9924e-04 | norm: 0.5011 | dt: 2947.87ms | tok/sec: 22231.65
step   532 | loss: 5.541349 | lr 5.9924e-04 | norm: 0.4537 | dt: 2939.98ms | tok/sec: 22291.34
step   533 | loss: 5.549279 | lr 5.9923e-04 | norm: 0.4367 | dt: 2933.42ms | tok/sec: 22341.15
step   534 | loss: 5.626291 | lr 5.9922e-04 | norm: 0.5193 | dt: 2948.72ms | tok/sec: 22225.24
step   535 | loss: 5.597878 | lr 5.9922e-04 | norm: 0.5156 | dt: 2951.48ms | tok/sec: 22204.45
step   536 | loss: 5.719209 | lr 5.9921e-04 | norm: 0.6245 | dt: 2942.85ms | tok/sec: 22269.53
step   537 | loss: 5.661792 | lr 5.9920e-04 | norm: 0.5221 | dt: 2949.20ms | tok/sec: 22221.61
step   538 | loss: 5.598690 | lr 5.9920e-04 | norm: 0.5148 | dt: 2947.97ms | tok/sec: 22230.87
step   539 | loss: 5.701743 | lr 5.9919e-04 | norm: 0.5004 | dt: 2935.01ms | tok/sec: 22329.02
step   540 | loss: 5.802597 | lr 5.9918e-04 | norm: 0.5409 | dt: 2959.68ms | tok/sec: 22142.96
step   541 | loss: 5.628277 | lr 5.9918e-04 | norm: 0.4777 | dt: 2947.88ms | tok/sec: 22231.56
step   542 | loss: 5.582160 | lr 5.9917e-04 | norm: 0.4762 | dt: 2962.50ms | tok/sec: 22121.85
step   543 | loss: 5.615666 | lr 5.9916e-04 | norm: 0.4601 | dt: 2938.91ms | tok/sec: 22299.41
step   544 | loss: 5.565006 | lr 5.9916e-04 | norm: 0.4858 | dt: 2940.75ms | tok/sec: 22285.45
step   545 | loss: 5.633981 | lr 5.9915e-04 | norm: 0.4588 | dt: 2938.93ms | tok/sec: 22299.28
step   546 | loss: 5.655163 | lr 5.9914e-04 | norm: 0.4942 | dt: 2948.07ms | tok/sec: 22230.10
step   547 | loss: 5.612606 | lr 5.9914e-04 | norm: 0.7036 | dt: 2948.19ms | tok/sec: 22229.22
step   548 | loss: 5.565279 | lr 5.9913e-04 | norm: 0.4787 | dt: 2945.43ms | tok/sec: 22250.05
step   549 | loss: 5.646576 | lr 5.9912e-04 | norm: 0.5173 | dt: 2973.37ms | tok/sec: 22040.95
step   550 | loss: 5.545522 | lr 5.9912e-04 | norm: 0.5193 | dt: 2943.73ms | tok/sec: 22262.89
step   551 | loss: 5.615581 | lr 5.9911e-04 | norm: 0.5222 | dt: 2948.20ms | tok/sec: 22229.18
step   552 | loss: 5.473965 | lr 5.9910e-04 | norm: 0.4588 | dt: 2936.61ms | tok/sec: 22316.89
step   553 | loss: 5.631281 | lr 5.9909e-04 | norm: 0.5533 | dt: 2937.05ms | tok/sec: 22313.52
step   554 | loss: 5.497731 | lr 5.9909e-04 | norm: 0.4867 | dt: 2942.53ms | tok/sec: 22271.97
step   555 | loss: 5.289075 | lr 5.9908e-04 | norm: 0.5019 | dt: 2934.67ms | tok/sec: 22331.63
step   556 | loss: 5.554658 | lr 5.9907e-04 | norm: 0.5044 | dt: 2940.56ms | tok/sec: 22286.89
step   557 | loss: 5.540410 | lr 5.9907e-04 | norm: 0.7000 | dt: 2951.90ms | tok/sec: 22201.32
step   558 | loss: 5.480053 | lr 5.9906e-04 | norm: 0.4819 | dt: 2943.17ms | tok/sec: 22267.17
step   559 | loss: 5.415794 | lr 5.9905e-04 | norm: 0.5526 | dt: 2950.92ms | tok/sec: 22208.65
step   560 | loss: 5.510044 | lr 5.9904e-04 | norm: 0.5068 | dt: 2943.94ms | tok/sec: 22261.35
step   561 | loss: 5.682951 | lr 5.9904e-04 | norm: 0.7861 | dt: 2963.99ms | tok/sec: 22110.77
step   562 | loss: 5.621408 | lr 5.9903e-04 | norm: 0.6234 | dt: 2968.64ms | tok/sec: 22076.08
step   563 | loss: 5.417615 | lr 5.9902e-04 | norm: 0.6141 | dt: 2942.42ms | tok/sec: 22272.80
step   564 | loss: 5.390644 | lr 5.9901e-04 | norm: 0.4590 | dt: 2942.97ms | tok/sec: 22268.64
step   565 | loss: 5.556992 | lr 5.9901e-04 | norm: 0.5439 | dt: 2936.98ms | tok/sec: 22314.09
step   566 | loss: 5.466356 | lr 5.9900e-04 | norm: 0.5335 | dt: 2937.54ms | tok/sec: 22309.85
step   567 | loss: 5.383121 | lr 5.9899e-04 | norm: 0.4634 | dt: 2930.78ms | tok/sec: 22361.29
step   568 | loss: 5.542700 | lr 5.9898e-04 | norm: 0.5015 | dt: 2952.20ms | tok/sec: 22199.04
step   569 | loss: 5.464916 | lr 5.9898e-04 | norm: 0.4642 | dt: 2939.24ms | tok/sec: 22296.91
step   570 | loss: 5.426283 | lr 5.9897e-04 | norm: 0.5218 | dt: 2967.01ms | tok/sec: 22088.21
step   571 | loss: 5.624454 | lr 5.9896e-04 | norm: 0.5807 | dt: 2933.53ms | tok/sec: 22340.33
step   572 | loss: 5.448402 | lr 5.9895e-04 | norm: 0.4618 | dt: 2950.90ms | tok/sec: 22208.82
step   573 | loss: 5.504381 | lr 5.9895e-04 | norm: 0.5144 | dt: 2938.19ms | tok/sec: 22304.91
step   574 | loss: 5.497325 | lr 5.9894e-04 | norm: 0.4573 | dt: 2936.77ms | tok/sec: 22315.70
step   575 | loss: 5.532146 | lr 5.9893e-04 | norm: 0.4999 | dt: 2938.91ms | tok/sec: 22299.44
step   576 | loss: 5.394564 | lr 5.9892e-04 | norm: 0.4802 | dt: 2937.68ms | tok/sec: 22308.79
step   577 | loss: 5.461433 | lr 5.9891e-04 | norm: 0.4883 | dt: 2935.97ms | tok/sec: 22321.75
step   578 | loss: 5.466860 | lr 5.9891e-04 | norm: 0.4667 | dt: 2937.07ms | tok/sec: 22313.37
step   579 | loss: 5.461973 | lr 5.9890e-04 | norm: 0.5107 | dt: 2932.90ms | tok/sec: 22345.14
step   580 | loss: 5.485079 | lr 5.9889e-04 | norm: 0.4548 | dt: 2935.65ms | tok/sec: 22324.21
step   581 | loss: 5.501202 | lr 5.9888e-04 | norm: 0.4780 | dt: 2952.50ms | tok/sec: 22196.76
step   582 | loss: 5.423728 | lr 5.9887e-04 | norm: 0.4032 | dt: 2939.17ms | tok/sec: 22297.44
step   583 | loss: 5.344443 | lr 5.9887e-04 | norm: 0.4399 | dt: 2963.56ms | tok/sec: 22113.97
step   584 | loss: 5.363788 | lr 5.9886e-04 | norm: 0.4288 | dt: 2946.37ms | tok/sec: 22242.98
step   585 | loss: 5.404184 | lr 5.9885e-04 | norm: 0.4300 | dt: 2937.14ms | tok/sec: 22312.83
step   586 | loss: 5.511421 | lr 5.9884e-04 | norm: 0.4384 | dt: 2939.82ms | tok/sec: 22292.54
step   587 | loss: 5.426485 | lr 5.9883e-04 | norm: 0.4245 | dt: 2936.98ms | tok/sec: 22314.06
step   588 | loss: 5.442996 | lr 5.9883e-04 | norm: 0.4659 | dt: 2941.48ms | tok/sec: 22279.92
step   589 | loss: 5.496331 | lr 5.9882e-04 | norm: 0.5215 | dt: 2943.74ms | tok/sec: 22262.86
step   590 | loss: 5.487792 | lr 5.9881e-04 | norm: 0.5101 | dt: 2974.03ms | tok/sec: 22036.06
step   591 | loss: 5.435575 | lr 5.9880e-04 | norm: 0.5145 | dt: 2938.17ms | tok/sec: 22305.02
step   592 | loss: 5.322629 | lr 5.9879e-04 | norm: 0.5276 | dt: 2942.76ms | tok/sec: 22270.22
step   593 | loss: 5.456177 | lr 5.9879e-04 | norm: 0.5785 | dt: 2945.57ms | tok/sec: 22248.99
step   594 | loss: 5.387228 | lr 5.9878e-04 | norm: 0.4564 | dt: 2936.06ms | tok/sec: 22321.08
step   595 | loss: 5.313023 | lr 5.9877e-04 | norm: 0.5541 | dt: 2945.77ms | tok/sec: 22247.47
step   596 | loss: 5.457541 | lr 5.9876e-04 | norm: 0.4894 | dt: 2938.48ms | tok/sec: 22302.67
step   597 | loss: 5.330757 | lr 5.9875e-04 | norm: 0.4559 | dt: 2939.83ms | tok/sec: 22292.46
step   598 | loss: 5.382696 | lr 5.9874e-04 | norm: 0.4600 | dt: 2938.19ms | tok/sec: 22304.88
step   599 | loss: 5.360953 | lr 5.9873e-04 | norm: 0.5094 | dt: 2944.94ms | tok/sec: 22253.77
step   600 | loss: 5.383761 | lr 5.9873e-04 | norm: 0.5509 | dt: 2942.53ms | tok/sec: 22271.99
step   601 | loss: 5.432036 | lr 5.9872e-04 | norm: 0.5172 | dt: 2948.79ms | tok/sec: 22224.70
step   602 | loss: 5.504092 | lr 5.9871e-04 | norm: 0.5564 | dt: 2955.38ms | tok/sec: 22175.16
step   603 | loss: 5.497439 | lr 5.9870e-04 | norm: 0.5558 | dt: 2960.73ms | tok/sec: 22135.09
step   604 | loss: 5.335360 | lr 5.9869e-04 | norm: 0.5775 | dt: 2939.20ms | tok/sec: 22297.19
step   605 | loss: 5.367582 | lr 5.9868e-04 | norm: 0.6113 | dt: 2950.12ms | tok/sec: 22214.71
step   606 | loss: 5.439570 | lr 5.9868e-04 | norm: 0.4803 | dt: 2939.89ms | tok/sec: 22292.03
step   607 | loss: 5.350311 | lr 5.9867e-04 | norm: 0.4879 | dt: 2937.52ms | tok/sec: 22309.94
step   608 | loss: 5.300920 | lr 5.9866e-04 | norm: 0.5561 | dt: 2944.26ms | tok/sec: 22258.90
step   609 | loss: 5.330465 | lr 5.9865e-04 | norm: 0.6530 | dt: 2945.44ms | tok/sec: 22249.97
step   610 | loss: 5.371801 | lr 5.9864e-04 | norm: 0.5440 | dt: 2950.93ms | tok/sec: 22208.58
step   611 | loss: 5.300276 | lr 5.9863e-04 | norm: 0.5692 | dt: 2983.82ms | tok/sec: 21963.83
step   612 | loss: 5.381669 | lr 5.9862e-04 | norm: 0.4986 | dt: 2942.18ms | tok/sec: 22274.67
step   613 | loss: 5.338756 | lr 5.9861e-04 | norm: 0.4635 | dt: 2946.80ms | tok/sec: 22239.72
step   614 | loss: 5.351556 | lr 5.9860e-04 | norm: 0.4796 | dt: 2943.56ms | tok/sec: 22264.23
step   615 | loss: 5.592134 | lr 5.9860e-04 | norm: 0.9658 | dt: 2977.71ms | tok/sec: 22008.86
step   616 | loss: 5.325280 | lr 5.9859e-04 | norm: 0.5750 | dt: 2946.42ms | tok/sec: 22242.61
step   617 | loss: 5.341411 | lr 5.9858e-04 | norm: 0.6569 | dt: 2944.26ms | tok/sec: 22258.90
step   618 | loss: 5.442624 | lr 5.9857e-04 | norm: 0.5545 | dt: 2945.42ms | tok/sec: 22250.15
step   619 | loss: 5.293692 | lr 5.9856e-04 | norm: 0.5407 | dt: 2942.88ms | tok/sec: 22269.31
step   620 | loss: 5.320966 | lr 5.9855e-04 | norm: 0.4891 | dt: 2931.70ms | tok/sec: 22354.27
step   621 | loss: 5.446137 | lr 5.9854e-04 | norm: 0.5722 | dt: 2966.70ms | tok/sec: 22090.53
step   622 | loss: 5.527356 | lr 5.9853e-04 | norm: 0.5220 | dt: 2955.29ms | tok/sec: 22175.84
step   623 | loss: 5.407267 | lr 5.9852e-04 | norm: 0.4815 | dt: 2949.50ms | tok/sec: 22219.36
step   624 | loss: 5.538342 | lr 5.9851e-04 | norm: 0.5569 | dt: 2950.68ms | tok/sec: 22210.47
step   625 | loss: 5.363367 | lr 5.9851e-04 | norm: 0.5687 | dt: 2943.89ms | tok/sec: 22261.69
step   626 | loss: 5.340467 | lr 5.9850e-04 | norm: 0.4286 | dt: 2944.42ms | tok/sec: 22257.70
step   627 | loss: 5.330554 | lr 5.9849e-04 | norm: 0.4383 | dt: 2938.03ms | tok/sec: 22306.14
step   628 | loss: 5.283548 | lr 5.9848e-04 | norm: 0.4636 | dt: 2945.26ms | tok/sec: 22251.35
step   629 | loss: 5.355351 | lr 5.9847e-04 | norm: 0.4592 | dt: 2936.81ms | tok/sec: 22315.38
step   630 | loss: 5.282396 | lr 5.9846e-04 | norm: 0.5242 | dt: 2934.08ms | tok/sec: 22336.11
step   631 | loss: 5.318045 | lr 5.9845e-04 | norm: 0.5018 | dt: 2978.10ms | tok/sec: 22005.99
step   632 | loss: 5.407121 | lr 5.9844e-04 | norm: 0.4420 | dt: 2945.84ms | tok/sec: 22246.96
step   633 | loss: 5.260221 | lr 5.9843e-04 | norm: 0.4745 | dt: 2939.16ms | tok/sec: 22297.53
step   634 | loss: 5.402019 | lr 5.9842e-04 | norm: 0.4499 | dt: 2942.86ms | tok/sec: 22269.48
step   635 | loss: 5.409381 | lr 5.9841e-04 | norm: 0.4536 | dt: 2939.64ms | tok/sec: 22293.87
step   636 | loss: 5.233111 | lr 5.9840e-04 | norm: 0.4775 | dt: 2933.76ms | tok/sec: 22338.54
step   637 | loss: 5.276803 | lr 5.9839e-04 | norm: 0.4255 | dt: 2949.58ms | tok/sec: 22218.74
step   638 | loss: 5.235033 | lr 5.9838e-04 | norm: 0.4179 | dt: 2937.26ms | tok/sec: 22311.93
step   639 | loss: 5.173679 | lr 5.9837e-04 | norm: 0.4899 | dt: 2934.45ms | tok/sec: 22333.31
step   640 | loss: 5.323078 | lr 5.9836e-04 | norm: 0.5201 | dt: 2935.53ms | tok/sec: 22325.07
step   641 | loss: 5.290125 | lr 5.9836e-04 | norm: 0.5081 | dt: 2951.28ms | tok/sec: 22205.92
step   642 | loss: 5.313829 | lr 5.9835e-04 | norm: 0.6377 | dt: 2970.06ms | tok/sec: 22065.58
step   643 | loss: 5.388411 | lr 5.9834e-04 | norm: 0.5197 | dt: 2932.59ms | tok/sec: 22347.50
step   644 | loss: 5.313470 | lr 5.9833e-04 | norm: 0.4801 | dt: 2953.27ms | tok/sec: 22191.00
step   645 | loss: 5.161868 | lr 5.9832e-04 | norm: 0.4602 | dt: 2935.82ms | tok/sec: 22322.87
step   646 | loss: 5.330608 | lr 5.9831e-04 | norm: 0.5687 | dt: 2939.40ms | tok/sec: 22295.67
step   647 | loss: 5.308383 | lr 5.9830e-04 | norm: 0.5054 | dt: 2939.35ms | tok/sec: 22296.05
step   648 | loss: 5.224389 | lr 5.9829e-04 | norm: 0.5469 | dt: 2933.97ms | tok/sec: 22336.99
step   649 | loss: 5.146473 | lr 5.9828e-04 | norm: 0.4793 | dt: 2937.04ms | tok/sec: 22313.62
step   650 | loss: 5.195186 | lr 5.9827e-04 | norm: 0.5303 | dt: 2949.08ms | tok/sec: 22222.55
step   651 | loss: 5.207906 | lr 5.9826e-04 | norm: 0.5000 | dt: 2961.89ms | tok/sec: 22126.38
step   652 | loss: 5.299791 | lr 5.9825e-04 | norm: 0.4887 | dt: 2937.69ms | tok/sec: 22308.66
step   653 | loss: 5.330239 | lr 5.9824e-04 | norm: 0.4567 | dt: 2933.70ms | tok/sec: 22339.05
step   654 | loss: 5.310537 | lr 5.9823e-04 | norm: 0.5504 | dt: 2935.50ms | tok/sec: 22325.35
step   655 | loss: 5.351703 | lr 5.9822e-04 | norm: 0.5390 | dt: 2948.31ms | tok/sec: 22228.35
step   656 | loss: 5.372736 | lr 5.9821e-04 | norm: 0.5096 | dt: 2935.75ms | tok/sec: 22323.43
step   657 | loss: 5.256318 | lr 5.9820e-04 | norm: 0.5412 | dt: 2934.11ms | tok/sec: 22335.89
step   658 | loss: 5.165535 | lr 5.9819e-04 | norm: 0.6100 | dt: 2944.39ms | tok/sec: 22257.91
step   659 | loss: 5.283241 | lr 5.9818e-04 | norm: 0.5307 | dt: 2937.37ms | tok/sec: 22311.12
step   660 | loss: 5.251186 | lr 5.9817e-04 | norm: 0.4713 | dt: 2937.28ms | tok/sec: 22311.79
step   661 | loss: 5.179867 | lr 5.9816e-04 | norm: 0.4855 | dt: 2936.86ms | tok/sec: 22315.02
step   662 | loss: 5.202817 | lr 5.9815e-04 | norm: 0.6056 | dt: 2943.53ms | tok/sec: 22264.44
step   663 | loss: 5.275019 | lr 5.9814e-04 | norm: 0.5890 | dt: 2959.57ms | tok/sec: 22143.78
step   664 | loss: 5.149708 | lr 5.9813e-04 | norm: 0.5834 | dt: 2959.27ms | tok/sec: 22146.01
step   665 | loss: 5.100533 | lr 5.9812e-04 | norm: 0.4654 | dt: 2929.63ms | tok/sec: 22370.10
step   666 | loss: 5.132852 | lr 5.9811e-04 | norm: 0.5166 | dt: 2946.00ms | tok/sec: 22245.78
step   667 | loss: 5.337981 | lr 5.9809e-04 | norm: 0.4729 | dt: 2938.81ms | tok/sec: 22300.18
step   668 | loss: 5.173853 | lr 5.9808e-04 | norm: 0.5139 | dt: 2948.16ms | tok/sec: 22229.43
step   669 | loss: 5.114615 | lr 5.9807e-04 | norm: 0.5444 | dt: 2935.25ms | tok/sec: 22327.24
step   670 | loss: 5.061522 | lr 5.9806e-04 | norm: 0.5903 | dt: 2951.80ms | tok/sec: 22202.07
step   671 | loss: 5.159963 | lr 5.9805e-04 | norm: 0.4997 | dt: 2940.73ms | tok/sec: 22285.63
step   672 | loss: 5.231002 | lr 5.9804e-04 | norm: 0.5207 | dt: 2974.35ms | tok/sec: 22033.74
step   673 | loss: 5.204872 | lr 5.9803e-04 | norm: 0.6295 | dt: 2934.80ms | tok/sec: 22330.69
step   674 | loss: 5.229946 | lr 5.9802e-04 | norm: 0.5529 | dt: 2940.64ms | tok/sec: 22286.34
step   675 | loss: 5.085095 | lr 5.9801e-04 | norm: 0.6690 | dt: 2929.84ms | tok/sec: 22368.43
step   676 | loss: 5.128053 | lr 5.9800e-04 | norm: 0.4850 | dt: 2933.98ms | tok/sec: 22336.89
step   677 | loss: 5.149291 | lr 5.9799e-04 | norm: 0.5907 | dt: 2941.56ms | tok/sec: 22279.33
step   678 | loss: 5.305695 | lr 5.9798e-04 | norm: 0.5219 | dt: 2935.51ms | tok/sec: 22325.22
step   679 | loss: 5.149610 | lr 5.9797e-04 | norm: 0.4812 | dt: 2935.02ms | tok/sec: 22328.98
step   680 | loss: 5.169322 | lr 5.9796e-04 | norm: 0.4526 | dt: 2937.85ms | tok/sec: 22307.49
step   681 | loss: 5.173407 | lr 5.9795e-04 | norm: 0.5345 | dt: 2933.66ms | tok/sec: 22339.33
step   682 | loss: 5.037603 | lr 5.9794e-04 | norm: 0.4557 | dt: 2930.05ms | tok/sec: 22366.83
step   683 | loss: 5.176497 | lr 5.9793e-04 | norm: 0.4831 | dt: 2953.42ms | tok/sec: 22189.85
step   684 | loss: 5.085974 | lr 5.9791e-04 | norm: 0.4828 | dt: 2945.69ms | tok/sec: 22248.08
step   685 | loss: 5.023292 | lr 5.9790e-04 | norm: 0.5117 | dt: 2940.63ms | tok/sec: 22286.37
step   686 | loss: 5.092173 | lr 5.9789e-04 | norm: 0.4917 | dt: 2935.45ms | tok/sec: 22325.68
step   687 | loss: 5.211932 | lr 5.9788e-04 | norm: 0.4673 | dt: 2938.74ms | tok/sec: 22300.71
step   688 | loss: 5.132885 | lr 5.9787e-04 | norm: 0.5091 | dt: 2933.71ms | tok/sec: 22338.94
step   689 | loss: 5.085510 | lr 5.9786e-04 | norm: 0.5137 | dt: 2946.12ms | tok/sec: 22244.88
step   690 | loss: 5.146711 | lr 5.9785e-04 | norm: 0.4803 | dt: 2948.55ms | tok/sec: 22226.53
step   691 | loss: 4.976635 | lr 5.9784e-04 | norm: 0.4490 | dt: 2950.09ms | tok/sec: 22214.90
step   692 | loss: 5.077821 | lr 5.9783e-04 | norm: 0.4885 | dt: 2976.34ms | tok/sec: 22019.02
step   693 | loss: 5.189769 | lr 5.9782e-04 | norm: 0.5001 | dt: 2945.28ms | tok/sec: 22251.23
step   694 | loss: 5.069654 | lr 5.9780e-04 | norm: 0.4894 | dt: 2949.59ms | tok/sec: 22218.69
step   695 | loss: 5.204822 | lr 5.9779e-04 | norm: 0.6080 | dt: 2947.59ms | tok/sec: 22233.73
step   696 | loss: 5.175004 | lr 5.9778e-04 | norm: 0.5849 | dt: 2945.15ms | tok/sec: 22252.21
step   697 | loss: 5.133189 | lr 5.9777e-04 | norm: 0.6673 | dt: 2943.47ms | tok/sec: 22264.86
step   698 | loss: 5.177838 | lr 5.9776e-04 | norm: 0.5931 | dt: 2937.45ms | tok/sec: 22310.48
step   699 | loss: 5.230114 | lr 5.9775e-04 | norm: 0.5578 | dt: 2948.79ms | tok/sec: 22224.67
step   700 | loss: 5.159645 | lr 5.9774e-04 | norm: 0.6168 | dt: 2934.86ms | tok/sec: 22330.18
step   701 | loss: 5.180929 | lr 5.9773e-04 | norm: 0.4950 | dt: 2942.16ms | tok/sec: 22274.80
step   702 | loss: 5.322220 | lr 5.9771e-04 | norm: 0.6570 | dt: 2947.15ms | tok/sec: 22237.11
step   703 | loss: 5.077045 | lr 5.9770e-04 | norm: 0.5552 | dt: 2960.99ms | tok/sec: 22133.16
step   704 | loss: 5.109732 | lr 5.9769e-04 | norm: 0.5955 | dt: 2946.31ms | tok/sec: 22243.41
step   705 | loss: 5.214157 | lr 5.9768e-04 | norm: 0.5585 | dt: 2971.46ms | tok/sec: 22055.13
step   706 | loss: 5.217091 | lr 5.9767e-04 | norm: 0.5973 | dt: 2936.96ms | tok/sec: 22314.21
step   707 | loss: 5.087750 | lr 5.9766e-04 | norm: 0.5681 | dt: 2938.71ms | tok/sec: 22300.94
step   708 | loss: 5.107355 | lr 5.9765e-04 | norm: 0.5671 | dt: 2942.36ms | tok/sec: 22273.29
step   709 | loss: 5.167378 | lr 5.9763e-04 | norm: 0.5758 | dt: 2939.89ms | tok/sec: 22291.98
step   710 | loss: 5.234862 | lr 5.9762e-04 | norm: 0.6332 | dt: 2953.94ms | tok/sec: 22185.94
step   711 | loss: 5.031187 | lr 5.9761e-04 | norm: 0.5041 | dt: 2946.17ms | tok/sec: 22244.51
step   712 | loss: 5.162764 | lr 5.9760e-04 | norm: 0.6140 | dt: 2989.38ms | tok/sec: 21922.98
step   713 | loss: 5.126280 | lr 5.9759e-04 | norm: 0.6234 | dt: 2947.15ms | tok/sec: 22237.10
step   714 | loss: 5.238377 | lr 5.9758e-04 | norm: 0.5505 | dt: 2947.24ms | tok/sec: 22236.43
step   715 | loss: 5.091398 | lr 5.9756e-04 | norm: 0.5925 | dt: 2947.11ms | tok/sec: 22237.40
step   716 | loss: 5.082980 | lr 5.9755e-04 | norm: 0.5874 | dt: 2947.73ms | tok/sec: 22232.73
step   717 | loss: 5.169984 | lr 5.9754e-04 | norm: 0.6341 | dt: 2949.04ms | tok/sec: 22222.79
step   718 | loss: 5.419636 | lr 5.9753e-04 | norm: 0.8432 | dt: 2948.55ms | tok/sec: 22226.53
step   719 | loss: 5.112731 | lr 5.9752e-04 | norm: 0.7220 | dt: 2950.05ms | tok/sec: 22215.18
step   720 | loss: 5.107759 | lr 5.9751e-04 | norm: 0.5845 | dt: 2953.15ms | tok/sec: 22191.90
step   721 | loss: 5.160664 | lr 5.9749e-04 | norm: 0.5473 | dt: 2939.01ms | tok/sec: 22298.69
step   722 | loss: 5.071661 | lr 5.9748e-04 | norm: 0.5098 | dt: 2947.39ms | tok/sec: 22235.25
step   723 | loss: 5.226336 | lr 5.9747e-04 | norm: 0.5231 | dt: 2950.09ms | tok/sec: 22214.89
step   724 | loss: 5.031020 | lr 5.9746e-04 | norm: 0.6275 | dt: 2949.40ms | tok/sec: 22220.11
step   725 | loss: 5.170663 | lr 5.9745e-04 | norm: 0.6496 | dt: 2950.84ms | tok/sec: 22209.29
step   726 | loss: 5.062403 | lr 5.9743e-04 | norm: 0.5825 | dt: 2949.91ms | tok/sec: 22216.24
step   727 | loss: 5.293398 | lr 5.9742e-04 | norm: 0.7863 | dt: 2946.92ms | tok/sec: 22238.83
step   728 | loss: 5.122841 | lr 5.9741e-04 | norm: 0.6342 | dt: 2959.85ms | tok/sec: 22141.69
step   729 | loss: 5.087870 | lr 5.9740e-04 | norm: 0.5778 | dt: 2948.02ms | tok/sec: 22230.54
step   730 | loss: 5.162053 | lr 5.9739e-04 | norm: 0.5538 | dt: 2947.59ms | tok/sec: 22233.77
step   731 | loss: 5.071803 | lr 5.9737e-04 | norm: 0.6463 | dt: 2947.46ms | tok/sec: 22234.76
step   732 | loss: 5.108313 | lr 5.9736e-04 | norm: 0.5117 | dt: 2941.42ms | tok/sec: 22280.38
step   733 | loss: 5.336381 | lr 5.9735e-04 | norm: 0.5180 | dt: 2969.79ms | tok/sec: 22067.52
step   734 | loss: 5.041607 | lr 5.9734e-04 | norm: 0.5869 | dt: 2952.19ms | tok/sec: 22199.09
step   735 | loss: 5.086206 | lr 5.9732e-04 | norm: 0.5256 | dt: 2938.33ms | tok/sec: 22303.83
step   736 | loss: 5.154493 | lr 5.9731e-04 | norm: 0.5297 | dt: 2945.19ms | tok/sec: 22251.87
step   737 | loss: 5.196639 | lr 5.9730e-04 | norm: 0.5230 | dt: 2951.97ms | tok/sec: 22200.76
step   738 | loss: 4.989717 | lr 5.9729e-04 | norm: 0.5217 | dt: 2945.66ms | tok/sec: 22248.34
step   739 | loss: 5.103804 | lr 5.9728e-04 | norm: 0.5681 | dt: 2936.42ms | tok/sec: 22318.32
step   740 | loss: 5.205254 | lr 5.9726e-04 | norm: 0.4766 | dt: 2938.35ms | tok/sec: 22303.66
step   741 | loss: 5.258405 | lr 5.9725e-04 | norm: 0.5997 | dt: 2941.43ms | tok/sec: 22280.31
step   742 | loss: 5.225088 | lr 5.9724e-04 | norm: 0.6557 | dt: 2942.25ms | tok/sec: 22274.11
step   743 | loss: 5.229478 | lr 5.9723e-04 | norm: 0.4959 | dt: 2946.84ms | tok/sec: 22239.38
step   744 | loss: 5.226906 | lr 5.9721e-04 | norm: 0.5388 | dt: 2971.80ms | tok/sec: 22052.61
step   745 | loss: 5.278940 | lr 5.9720e-04 | norm: 0.4244 | dt: 2961.94ms | tok/sec: 22126.02
step   746 | loss: 5.147073 | lr 5.9719e-04 | norm: 0.5155 | dt: 2944.51ms | tok/sec: 22257.01
step   747 | loss: 5.143974 | lr 5.9718e-04 | norm: 0.4805 | dt: 2942.77ms | tok/sec: 22270.14
step   748 | loss: 5.277314 | lr 5.9716e-04 | norm: 0.4972 | dt: 2948.10ms | tok/sec: 22229.92
step   749 | loss: 5.152974 | lr 5.9715e-04 | norm: 0.4586 | dt: 2944.66ms | tok/sec: 22255.89
step   750 | loss: 5.262525 | lr 5.9714e-04 | norm: 0.4778 | dt: 2941.48ms | tok/sec: 22279.93
step   751 | loss: 5.347402 | lr 5.9712e-04 | norm: 0.5546 | dt: 2949.11ms | tok/sec: 22222.33
step   752 | loss: 5.206691 | lr 5.9711e-04 | norm: 0.5804 | dt: 2946.26ms | tok/sec: 22243.76
step   753 | loss: 5.525603 | lr 5.9710e-04 | norm: 0.5738 | dt: 2967.85ms | tok/sec: 22081.98
step   754 | loss: 5.259824 | lr 5.9709e-04 | norm: 0.7368 | dt: 2941.25ms | tok/sec: 22281.65
step   755 | loss: 5.199858 | lr 5.9707e-04 | norm: 0.6137 | dt: 2943.57ms | tok/sec: 22264.10
step   756 | loss: 5.222028 | lr 5.9706e-04 | norm: 0.5347 | dt: 2951.53ms | tok/sec: 22204.08
step   757 | loss: 5.181846 | lr 5.9705e-04 | norm: 0.4829 | dt: 2940.05ms | tok/sec: 22290.76
step   758 | loss: 5.233697 | lr 5.9704e-04 | norm: 0.6027 | dt: 2942.60ms | tok/sec: 22271.48
step   759 | loss: 5.433711 | lr 5.9702e-04 | norm: 0.6097 | dt: 2955.12ms | tok/sec: 22177.09
step   760 | loss: 5.475294 | lr 5.9701e-04 | norm: 0.6927 | dt: 2938.75ms | tok/sec: 22300.65
step   761 | loss: 5.175056 | lr 5.9700e-04 | norm: 0.5569 | dt: 2941.94ms | tok/sec: 22276.43
step   762 | loss: 5.221566 | lr 5.9698e-04 | norm: 0.4972 | dt: 2941.61ms | tok/sec: 22278.98
step   763 | loss: 5.286875 | lr 5.9697e-04 | norm: 0.5849 | dt: 2942.46ms | tok/sec: 22272.54
step   764 | loss: 5.144034 | lr 5.9696e-04 | norm: 0.5173 | dt: 2965.06ms | tok/sec: 22102.77
step   765 | loss: 5.266156 | lr 5.9694e-04 | norm: 0.4937 | dt: 2946.33ms | tok/sec: 22243.26
step   766 | loss: 5.234405 | lr 5.9693e-04 | norm: 0.5685 | dt: 2972.54ms | tok/sec: 22047.13
step   767 | loss: 5.219409 | lr 5.9692e-04 | norm: 0.4671 | dt: 2939.43ms | tok/sec: 22295.48
step   768 | loss: 5.193159 | lr 5.9690e-04 | norm: 0.5825 | dt: 2946.38ms | tok/sec: 22242.90
step   769 | loss: 5.170411 | lr 5.9689e-04 | norm: 0.6162 | dt: 2946.15ms | tok/sec: 22244.65
step   770 | loss: 5.209757 | lr 5.9688e-04 | norm: 0.5291 | dt: 2941.21ms | tok/sec: 22281.99
step   771 | loss: 5.162258 | lr 5.9686e-04 | norm: 0.5139 | dt: 2931.95ms | tok/sec: 22352.37
step   772 | loss: 5.145060 | lr 5.9685e-04 | norm: 0.4573 | dt: 2944.03ms | tok/sec: 22260.67
step   773 | loss: 5.421295 | lr 5.9684e-04 | norm: 0.6218 | dt: 2962.19ms | tok/sec: 22124.15
step   774 | loss: 5.202910 | lr 5.9682e-04 | norm: 0.5562 | dt: 2935.50ms | tok/sec: 22325.34
step   775 | loss: 5.245212 | lr 5.9681e-04 | norm: 0.4943 | dt: 2944.67ms | tok/sec: 22255.80
step   776 | loss: 5.031260 | lr 5.9680e-04 | norm: 0.6119 | dt: 2947.78ms | tok/sec: 22232.29
step   777 | loss: 5.110109 | lr 5.9678e-04 | norm: 0.5184 | dt: 2937.84ms | tok/sec: 22307.56
step   778 | loss: 5.188925 | lr 5.9677e-04 | norm: 0.4826 | dt: 2944.08ms | tok/sec: 22260.26
step   779 | loss: 5.138205 | lr 5.9676e-04 | norm: 0.4684 | dt: 2944.83ms | tok/sec: 22254.58
step   780 | loss: 5.199668 | lr 5.9674e-04 | norm: 0.4851 | dt: 2933.67ms | tok/sec: 22339.25
step   781 | loss: 5.240988 | lr 5.9673e-04 | norm: 0.5153 | dt: 2944.05ms | tok/sec: 22260.50
step   782 | loss: 5.127810 | lr 5.9672e-04 | norm: 0.6548 | dt: 2945.81ms | tok/sec: 22247.22
step   783 | loss: 5.143168 | lr 5.9670e-04 | norm: 0.7101 | dt: 2945.84ms | tok/sec: 22246.98
step   784 | loss: 5.215268 | lr 5.9669e-04 | norm: 0.7697 | dt: 2941.87ms | tok/sec: 22277.01
step   785 | loss: 5.279981 | lr 5.9668e-04 | norm: 0.8204 | dt: 2962.74ms | tok/sec: 22120.07
step   786 | loss: 5.335825 | lr 5.9666e-04 | norm: 0.7595 | dt: 2954.08ms | tok/sec: 22184.94
step   787 | loss: 5.080695 | lr 5.9665e-04 | norm: 0.6323 | dt: 2943.56ms | tok/sec: 22264.23
step   788 | loss: 5.204336 | lr 5.9663e-04 | norm: 0.5136 | dt: 2933.00ms | tok/sec: 22344.36
step   789 | loss: 5.060222 | lr 5.9662e-04 | norm: 0.5634 | dt: 2945.65ms | tok/sec: 22248.39
step   790 | loss: 5.196038 | lr 5.9661e-04 | norm: 0.5825 | dt: 2940.16ms | tok/sec: 22289.92
step   791 | loss: 5.185063 | lr 5.9659e-04 | norm: 0.7754 | dt: 2945.03ms | tok/sec: 22253.11
step   792 | loss: 5.081133 | lr 5.9658e-04 | norm: 0.8463 | dt: 2938.33ms | tok/sec: 22303.85
step   793 | loss: 5.226517 | lr 5.9657e-04 | norm: 0.7164 | dt: 2938.58ms | tok/sec: 22301.94
step   794 | loss: 5.183090 | lr 5.9655e-04 | norm: 0.6043 | dt: 2972.63ms | tok/sec: 22046.48
step   795 | loss: 5.364143 | lr 5.9654e-04 | norm: 0.7572 | dt: 2940.40ms | tok/sec: 22288.10
step   796 | loss: 5.246957 | lr 5.9652e-04 | norm: 0.6326 | dt: 2946.98ms | tok/sec: 22238.37
step   797 | loss: 5.235975 | lr 5.9651e-04 | norm: 0.6515 | dt: 2950.19ms | tok/sec: 22214.20
step   798 | loss: 5.173965 | lr 5.9650e-04 | norm: 0.5981 | dt: 2946.57ms | tok/sec: 22241.46
step   799 | loss: 5.290018 | lr 5.9648e-04 | norm: 0.5349 | dt: 2942.08ms | tok/sec: 22275.40
step   800 | loss: 5.378778 | lr 5.9647e-04 | norm: 0.8045 | dt: 2950.45ms | tok/sec: 22212.23
step   801 | loss: 5.161935 | lr 5.9645e-04 | norm: 0.5796 | dt: 2941.17ms | tok/sec: 22282.33
step   802 | loss: 5.194593 | lr 5.9644e-04 | norm: 0.6168 | dt: 2944.26ms | tok/sec: 22258.93
step   803 | loss: 5.118167 | lr 5.9643e-04 | norm: 0.6860 | dt: 2931.33ms | tok/sec: 22357.10
step   804 | loss: 5.219013 | lr 5.9641e-04 | norm: 0.6125 | dt: 2943.31ms | tok/sec: 22266.09
step   805 | loss: 5.132599 | lr 5.9640e-04 | norm: 0.5921 | dt: 2965.51ms | tok/sec: 22099.43
step   806 | loss: 5.200219 | lr 5.9638e-04 | norm: 0.6025 | dt: 2958.38ms | tok/sec: 22152.70
step   807 | loss: 5.299226 | lr 5.9637e-04 | norm: 0.5284 | dt: 2940.25ms | tok/sec: 22289.29
step   808 | loss: 5.176528 | lr 5.9635e-04 | norm: 0.5053 | dt: 2947.39ms | tok/sec: 22235.26
step   809 | loss: 5.054603 | lr 5.9634e-04 | norm: 0.4979 | dt: 2950.32ms | tok/sec: 22213.21
step   810 | loss: 5.103561 | lr 5.9633e-04 | norm: 0.4322 | dt: 2942.83ms | tok/sec: 22269.75
step   811 | loss: 5.231873 | lr 5.9631e-04 | norm: 0.4692 | dt: 2939.64ms | tok/sec: 22293.88
step   812 | loss: 5.203792 | lr 5.9630e-04 | norm: 0.5003 | dt: 2939.90ms | tok/sec: 22291.92
step   813 | loss: 5.099725 | lr 5.9628e-04 | norm: 0.6346 | dt: 2947.58ms | tok/sec: 22233.86
step   814 | loss: 5.175331 | lr 5.9627e-04 | norm: 0.5590 | dt: 2967.65ms | tok/sec: 22083.50
step   815 | loss: 5.120576 | lr 5.9625e-04 | norm: 0.4771 | dt: 2938.22ms | tok/sec: 22304.65
step   816 | loss: 5.072307 | lr 5.9624e-04 | norm: 0.4829 | dt: 2945.65ms | tok/sec: 22248.36
step   817 | loss: 5.161404 | lr 5.9622e-04 | norm: 0.4700 | dt: 2943.76ms | tok/sec: 22262.67
step   818 | loss: 5.058501 | lr 5.9621e-04 | norm: 0.4268 | dt: 2942.58ms | tok/sec: 22271.65
step   819 | loss: 5.070547 | lr 5.9619e-04 | norm: 0.4482 | dt: 2943.89ms | tok/sec: 22261.68
step   820 | loss: 5.075105 | lr 5.9618e-04 | norm: 0.4686 | dt: 2940.00ms | tok/sec: 22291.15
step   821 | loss: 5.202651 | lr 5.9617e-04 | norm: 0.5270 | dt: 2931.27ms | tok/sec: 22357.51
step   822 | loss: 5.218850 | lr 5.9615e-04 | norm: 0.5989 | dt: 2937.88ms | tok/sec: 22307.22
step   823 | loss: 5.184843 | lr 5.9614e-04 | norm: 0.5259 | dt: 2952.27ms | tok/sec: 22198.50
step   824 | loss: 5.197415 | lr 5.9612e-04 | norm: 0.5666 | dt: 2944.30ms | tok/sec: 22258.60
step   825 | loss: 5.149724 | lr 5.9611e-04 | norm: 0.5334 | dt: 2954.09ms | tok/sec: 22184.82
step   826 | loss: 4.704407 | lr 5.9609e-04 | norm: 0.9929 | dt: 2944.21ms | tok/sec: 22259.27
step   827 | loss: 5.091803 | lr 5.9608e-04 | norm: 1.3452 | dt: 2974.90ms | tok/sec: 22029.66
step   828 | loss: 5.158633 | lr 5.9606e-04 | norm: 0.6021 | dt: 2933.61ms | tok/sec: 22339.67
step   829 | loss: 5.079803 | lr 5.9605e-04 | norm: 0.6728 | dt: 2949.10ms | tok/sec: 22222.38
step   830 | loss: 5.037947 | lr 5.9603e-04 | norm: 0.6169 | dt: 2942.37ms | tok/sec: 22273.19
step   831 | loss: 5.122035 | lr 5.9602e-04 | norm: 0.5709 | dt: 2953.22ms | tok/sec: 22191.37
step   832 | loss: 5.173372 | lr 5.9600e-04 | norm: 0.5700 | dt: 2943.14ms | tok/sec: 22267.39
step   833 | loss: 5.223534 | lr 5.9599e-04 | norm: 0.5468 | dt: 2931.17ms | tok/sec: 22358.30
step   834 | loss: 5.082580 | lr 5.9597e-04 | norm: 0.5259 | dt: 2945.98ms | tok/sec: 22245.90
step   835 | loss: 5.082309 | lr 5.9596e-04 | norm: 0.5526 | dt: 2983.81ms | tok/sec: 21963.89
step   836 | loss: 5.209952 | lr 5.9594e-04 | norm: 0.5413 | dt: 2931.59ms | tok/sec: 22355.14
step   837 | loss: 5.114498 | lr 5.9593e-04 | norm: 0.4619 | dt: 2947.09ms | tok/sec: 22237.55
step   838 | loss: 5.009169 | lr 5.9591e-04 | norm: 0.4585 | dt: 2951.24ms | tok/sec: 22206.22
step   839 | loss: 5.185841 | lr 5.9590e-04 | norm: 0.4469 | dt: 2939.13ms | tok/sec: 22297.77
step   840 | loss: 5.109626 | lr 5.9588e-04 | norm: 0.5050 | dt: 2942.66ms | tok/sec: 22271.02
step   841 | loss: 5.012901 | lr 5.9587e-04 | norm: 0.4456 | dt: 2947.70ms | tok/sec: 22232.91
step   842 | loss: 5.097832 | lr 5.9585e-04 | norm: 0.6129 | dt: 2943.15ms | tok/sec: 22267.27
step   843 | loss: 5.172664 | lr 5.9584e-04 | norm: 0.5326 | dt: 2944.29ms | tok/sec: 22258.69
step   844 | loss: 5.107947 | lr 5.9582e-04 | norm: 0.5321 | dt: 2946.34ms | tok/sec: 22243.16
step   845 | loss: 5.025842 | lr 5.9580e-04 | norm: 0.4667 | dt: 2939.10ms | tok/sec: 22298.01
step   846 | loss: 4.999987 | lr 5.9579e-04 | norm: 0.7784 | dt: 2960.09ms | tok/sec: 22139.90
step   847 | loss: 5.050013 | lr 5.9577e-04 | norm: 0.4861 | dt: 2966.14ms | tok/sec: 22094.73
step   848 | loss: 5.045416 | lr 5.9576e-04 | norm: 0.5136 | dt: 2938.97ms | tok/sec: 22298.94
step   849 | loss: 5.203608 | lr 5.9574e-04 | norm: 0.4879 | dt: 2948.46ms | tok/sec: 22227.23
step   850 | loss: 5.152159 | lr 5.9573e-04 | norm: 0.5390 | dt: 2949.20ms | tok/sec: 22221.63
step   851 | loss: 5.085246 | lr 5.9571e-04 | norm: 0.4587 | dt: 2941.11ms | tok/sec: 22282.73
step   852 | loss: 4.940352 | lr 5.9570e-04 | norm: 0.4494 | dt: 2945.17ms | tok/sec: 22252.01
step   853 | loss: 5.005409 | lr 5.9568e-04 | norm: 0.4858 | dt: 2936.04ms | tok/sec: 22321.21
step   854 | loss: 5.023457 | lr 5.9567e-04 | norm: 0.5580 | dt: 2943.70ms | tok/sec: 22263.12
step   855 | loss: 5.102459 | lr 5.9565e-04 | norm: 0.5710 | dt: 2973.53ms | tok/sec: 22039.80
step   856 | loss: 5.028357 | lr 5.9563e-04 | norm: 0.5642 | dt: 2932.00ms | tok/sec: 22351.94
step   857 | loss: 4.952180 | lr 5.9562e-04 | norm: 0.5575 | dt: 2950.95ms | tok/sec: 22208.42
step   858 | loss: 4.883873 | lr 5.9560e-04 | norm: 0.5046 | dt: 2945.70ms | tok/sec: 22248.03
step   859 | loss: 5.075409 | lr 5.9559e-04 | norm: 0.5800 | dt: 2946.62ms | tok/sec: 22241.08
step   860 | loss: 5.087284 | lr 5.9557e-04 | norm: 0.5577 | dt: 2947.38ms | tok/sec: 22235.36
step   861 | loss: 5.031247 | lr 5.9556e-04 | norm: 0.5267 | dt: 2946.95ms | tok/sec: 22238.56
step   862 | loss: 5.150690 | lr 5.9554e-04 | norm: 0.4700 | dt: 2943.76ms | tok/sec: 22262.70
step   863 | loss: 4.924634 | lr 5.9552e-04 | norm: 0.5049 | dt: 2946.06ms | tok/sec: 22245.32
step   864 | loss: 5.011495 | lr 5.9551e-04 | norm: 0.4605 | dt: 2941.63ms | tok/sec: 22278.84
step   865 | loss: 5.224508 | lr 5.9549e-04 | norm: 0.4727 | dt: 2948.27ms | tok/sec: 22228.59
step   866 | loss: 5.035792 | lr 5.9548e-04 | norm: 0.4954 | dt: 2952.70ms | tok/sec: 22195.26
step   867 | loss: 5.018986 | lr 5.9546e-04 | norm: 0.5108 | dt: 2944.17ms | tok/sec: 22259.58
step   868 | loss: 5.085245 | lr 5.9544e-04 | norm: 0.4988 | dt: 2970.04ms | tok/sec: 22065.70
step   869 | loss: 5.023428 | lr 5.9543e-04 | norm: 0.4949 | dt: 2945.47ms | tok/sec: 22249.78
step   870 | loss: 4.902009 | lr 5.9541e-04 | norm: 0.4980 | dt: 2948.09ms | tok/sec: 22229.95
step   871 | loss: 4.908758 | lr 5.9540e-04 | norm: 0.5373 | dt: 2934.12ms | tok/sec: 22335.82
step   872 | loss: 5.066097 | lr 5.9538e-04 | norm: 0.5508 | dt: 2936.69ms | tok/sec: 22316.27
step   873 | loss: 5.149452 | lr 5.9536e-04 | norm: 0.5353 | dt: 2941.76ms | tok/sec: 22277.79
step   874 | loss: 4.920867 | lr 5.9535e-04 | norm: 0.5501 | dt: 2952.09ms | tok/sec: 22199.89
step   875 | loss: 5.010116 | lr 5.9533e-04 | norm: 0.5411 | dt: 2981.58ms | tok/sec: 21980.26
step   876 | loss: 5.020337 | lr 5.9532e-04 | norm: 0.8889 | dt: 2946.78ms | tok/sec: 22239.90
step   877 | loss: 4.944059 | lr 5.9530e-04 | norm: 0.5453 | dt: 2942.41ms | tok/sec: 22272.92
step   878 | loss: 5.109262 | lr 5.9528e-04 | norm: 0.4986 | dt: 2952.27ms | tok/sec: 22198.54
step   879 | loss: 4.802895 | lr 5.9527e-04 | norm: 0.5418 | dt: 2948.40ms | tok/sec: 22227.67
step   880 | loss: 4.898191 | lr 5.9525e-04 | norm: 0.4970 | dt: 2944.87ms | tok/sec: 22254.33
step   881 | loss: 4.977554 | lr 5.9523e-04 | norm: 0.8020 | dt: 2948.15ms | tok/sec: 22229.51
step   882 | loss: 5.028613 | lr 5.9522e-04 | norm: 0.5245 | dt: 2948.10ms | tok/sec: 22229.92
step   883 | loss: 5.085535 | lr 5.9520e-04 | norm: 0.5073 | dt: 2935.49ms | tok/sec: 22325.41
step   884 | loss: 5.123831 | lr 5.9518e-04 | norm: 0.5570 | dt: 2945.53ms | tok/sec: 22249.30
step   885 | loss: 5.027384 | lr 5.9517e-04 | norm: 0.5187 | dt: 2953.88ms | tok/sec: 22186.45
step   886 | loss: 5.081504 | lr 5.9515e-04 | norm: 0.7038 | dt: 2937.74ms | tok/sec: 22308.28
step   887 | loss: 4.962576 | lr 5.9514e-04 | norm: 0.6288 | dt: 2968.87ms | tok/sec: 22074.37
step   888 | loss: 4.975185 | lr 5.9512e-04 | norm: 0.4955 | dt: 2967.96ms | tok/sec: 22081.12
step   889 | loss: 5.051164 | lr 5.9510e-04 | norm: 0.5419 | dt: 2945.14ms | tok/sec: 22252.25
step   890 | loss: 4.999949 | lr 5.9509e-04 | norm: 0.5186 | dt: 2944.88ms | tok/sec: 22254.24
step   891 | loss: 5.022681 | lr 5.9507e-04 | norm: 0.4845 | dt: 2938.56ms | tok/sec: 22302.09
step   892 | loss: 4.886611 | lr 5.9505e-04 | norm: 0.5040 | dt: 2937.62ms | tok/sec: 22309.22
step   893 | loss: 4.998569 | lr 5.9504e-04 | norm: 0.5639 | dt: 2943.33ms | tok/sec: 22265.91
step   894 | loss: 4.963803 | lr 5.9502e-04 | norm: 0.5454 | dt: 2944.00ms | tok/sec: 22260.86
step   895 | loss: 5.040945 | lr 5.9500e-04 | norm: 0.4876 | dt: 2946.83ms | tok/sec: 22239.51
step   896 | loss: 4.983269 | lr 5.9499e-04 | norm: 0.4948 | dt: 2968.70ms | tok/sec: 22075.69
step   897 | loss: 4.916180 | lr 5.9497e-04 | norm: 0.5431 | dt: 2962.25ms | tok/sec: 22123.74
step   898 | loss: 4.965611 | lr 5.9495e-04 | norm: 0.4864 | dt: 2940.99ms | tok/sec: 22283.68
step   899 | loss: 5.007683 | lr 5.9493e-04 | norm: 0.4522 | dt: 2941.78ms | tok/sec: 22277.67
step   900 | loss: 5.021767 | lr 5.9492e-04 | norm: 0.5173 | dt: 2936.30ms | tok/sec: 22319.28
step   901 | loss: 4.892572 | lr 5.9490e-04 | norm: 0.5131 | dt: 2954.55ms | tok/sec: 22181.38
step   902 | loss: 4.985721 | lr 5.9488e-04 | norm: 0.5724 | dt: 2938.40ms | tok/sec: 22303.27
step   903 | loss: 4.912738 | lr 5.9487e-04 | norm: 0.5125 | dt: 2933.32ms | tok/sec: 22341.94
step   904 | loss: 4.831816 | lr 5.9485e-04 | norm: 0.5651 | dt: 2946.15ms | tok/sec: 22244.62
step   905 | loss: 4.938931 | lr 5.9483e-04 | norm: 0.5643 | dt: 2946.59ms | tok/sec: 22241.28
step   906 | loss: 4.863788 | lr 5.9482e-04 | norm: 0.5289 | dt: 2938.72ms | tok/sec: 22300.84
step   907 | loss: 5.026374 | lr 5.9480e-04 | norm: 0.6081 | dt: 2968.65ms | tok/sec: 22076.05
step   908 | loss: 4.979593 | lr 5.9478e-04 | norm: 0.5461 | dt: 2957.52ms | tok/sec: 22159.11
step   909 | loss: 5.002662 | lr 5.9477e-04 | norm: 0.5526 | dt: 2944.84ms | tok/sec: 22254.54
step   910 | loss: 4.893101 | lr 5.9475e-04 | norm: 0.4997 | dt: 2944.69ms | tok/sec: 22255.67
step   911 | loss: 4.974514 | lr 5.9473e-04 | norm: 0.4936 | dt: 2932.06ms | tok/sec: 22351.53
step   912 | loss: 5.077883 | lr 5.9471e-04 | norm: 0.5239 | dt: 2940.59ms | tok/sec: 22286.72
step   913 | loss: 5.003221 | lr 5.9470e-04 | norm: 0.4318 | dt: 2931.42ms | tok/sec: 22356.38
step   914 | loss: 4.930561 | lr 5.9468e-04 | norm: 0.4793 | dt: 2940.17ms | tok/sec: 22289.84
step   915 | loss: 5.099844 | lr 5.9466e-04 | norm: 0.5918 | dt: 2937.70ms | tok/sec: 22308.60
step   916 | loss: 5.151512 | lr 5.9464e-04 | norm: 0.9801 | dt: 2967.57ms | tok/sec: 22084.03
step   917 | loss: 4.948992 | lr 5.9463e-04 | norm: 0.5495 | dt: 2947.39ms | tok/sec: 22235.24
step   918 | loss: 4.931866 | lr 5.9461e-04 | norm: 0.5068 | dt: 2921.22ms | tok/sec: 22434.50
step   919 | loss: 5.031544 | lr 5.9459e-04 | norm: 0.5953 | dt: 2938.06ms | tok/sec: 22305.89
step   920 | loss: 4.967438 | lr 5.9457e-04 | norm: 0.6867 | dt: 2939.67ms | tok/sec: 22293.64
step   921 | loss: 5.041300 | lr 5.9456e-04 | norm: 0.7279 | dt: 2941.34ms | tok/sec: 22280.97
step   922 | loss: 4.976163 | lr 5.9454e-04 | norm: 0.5331 | dt: 2938.33ms | tok/sec: 22303.82
step   923 | loss: 4.924213 | lr 5.9452e-04 | norm: 0.5876 | dt: 2929.10ms | tok/sec: 22374.13
step   924 | loss: 4.942701 | lr 5.9450e-04 | norm: 0.4966 | dt: 2945.61ms | tok/sec: 22248.71
step   925 | loss: 5.214179 | lr 5.9449e-04 | norm: 0.7447 | dt: 2934.18ms | tok/sec: 22335.37
step   926 | loss: 5.064751 | lr 5.9447e-04 | norm: 0.5525 | dt: 2934.31ms | tok/sec: 22334.41
step   927 | loss: 4.946230 | lr 5.9445e-04 | norm: 0.5108 | dt: 2957.94ms | tok/sec: 22155.93
step   928 | loss: 5.053689 | lr 5.9443e-04 | norm: 0.5261 | dt: 2934.00ms | tok/sec: 22336.72
step   929 | loss: 4.938744 | lr 5.9442e-04 | norm: 0.6022 | dt: 2956.86ms | tok/sec: 22164.03
step   930 | loss: 4.998932 | lr 5.9440e-04 | norm: 0.5124 | dt: 2937.36ms | tok/sec: 22311.16
step   931 | loss: 4.845132 | lr 5.9438e-04 | norm: 0.5069 | dt: 2937.02ms | tok/sec: 22313.74
step   932 | loss: 4.949899 | lr 5.9436e-04 | norm: 0.6192 | dt: 2939.67ms | tok/sec: 22293.66
step   933 | loss: 5.054293 | lr 5.9435e-04 | norm: 0.6644 | dt: 2943.24ms | tok/sec: 22266.62
step   934 | loss: 4.902035 | lr 5.9433e-04 | norm: 0.4951 | dt: 2939.09ms | tok/sec: 22298.06
step   935 | loss: 4.909564 | lr 5.9431e-04 | norm: 0.5180 | dt: 2941.71ms | tok/sec: 22278.18
step   936 | loss: 4.927242 | lr 5.9429e-04 | norm: 0.4795 | dt: 2988.67ms | tok/sec: 21928.16
step   937 | loss: 4.846795 | lr 5.9427e-04 | norm: 0.5636 | dt: 2929.48ms | tok/sec: 22371.22
step   938 | loss: 4.945501 | lr 5.9426e-04 | norm: 0.5328 | dt: 2938.24ms | tok/sec: 22304.51
step   939 | loss: 4.801538 | lr 5.9424e-04 | norm: 0.4980 | dt: 2930.62ms | tok/sec: 22362.50
step   940 | loss: 4.984251 | lr 5.9422e-04 | norm: 0.5527 | dt: 2941.63ms | tok/sec: 22278.79
step   941 | loss: 4.911407 | lr 5.9420e-04 | norm: 0.4964 | dt: 2930.32ms | tok/sec: 22364.83
step   942 | loss: 4.903666 | lr 5.9418e-04 | norm: 0.5480 | dt: 2932.66ms | tok/sec: 22346.94
step   943 | loss: 4.886831 | lr 5.9417e-04 | norm: 0.6013 | dt: 2938.09ms | tok/sec: 22305.61
step   944 | loss: 5.018909 | lr 5.9415e-04 | norm: 0.6306 | dt: 2940.73ms | tok/sec: 22285.59
step   945 | loss: 4.913149 | lr 5.9413e-04 | norm: 0.5451 | dt: 2936.14ms | tok/sec: 22320.49
step   946 | loss: 4.929475 | lr 5.9411e-04 | norm: 0.5659 | dt: 2937.76ms | tok/sec: 22308.19
step   947 | loss: 4.879480 | lr 5.9409e-04 | norm: 0.5448 | dt: 2933.19ms | tok/sec: 22342.92
step   948 | loss: 4.894251 | lr 5.9408e-04 | norm: 0.5781 | dt: 2957.89ms | tok/sec: 22156.32
step   949 | loss: 4.787045 | lr 5.9406e-04 | norm: 0.5526 | dt: 2957.20ms | tok/sec: 22161.54
step   950 | loss: 4.805507 | lr 5.9404e-04 | norm: 0.4950 | dt: 2936.69ms | tok/sec: 22316.30
step   951 | loss: 4.934877 | lr 5.9402e-04 | norm: 0.4967 | dt: 2936.58ms | tok/sec: 22317.13
step   952 | loss: 4.909563 | lr 5.9400e-04 | norm: 0.4762 | dt: 2948.02ms | tok/sec: 22230.52
step   953 | loss: 4.843859 | lr 5.9398e-04 | norm: 0.4772 | dt: 2933.14ms | tok/sec: 22343.28
step   954 | loss: 4.797766 | lr 5.9397e-04 | norm: 0.5541 | dt: 2938.43ms | tok/sec: 22303.07
step   955 | loss: 5.057617 | lr 5.9395e-04 | norm: 0.6168 | dt: 2941.95ms | tok/sec: 22276.41
step   956 | loss: 4.848207 | lr 5.9393e-04 | norm: 0.5055 | dt: 2940.04ms | tok/sec: 22290.88
step   957 | loss: 4.839668 | lr 5.9391e-04 | norm: 0.5284 | dt: 2959.13ms | tok/sec: 22147.07
step   958 | loss: 4.877218 | lr 5.9389e-04 | norm: 0.4953 | dt: 2936.16ms | tok/sec: 22320.30
step   959 | loss: 4.955758 | lr 5.9387e-04 | norm: 0.5947 | dt: 2936.37ms | tok/sec: 22318.73
step   960 | loss: 4.828660 | lr 5.9385e-04 | norm: 0.6011 | dt: 2941.28ms | tok/sec: 22281.49
step   961 | loss: 4.770138 | lr 5.9384e-04 | norm: 0.4762 | dt: 2941.44ms | tok/sec: 22280.27
step   962 | loss: 4.929798 | lr 5.9382e-04 | norm: 0.6203 | dt: 2931.47ms | tok/sec: 22356.01
step   963 | loss: 4.818180 | lr 5.9380e-04 | norm: 0.5500 | dt: 2947.24ms | tok/sec: 22236.41
step   964 | loss: 4.849527 | lr 5.9378e-04 | norm: 0.5050 | dt: 2947.30ms | tok/sec: 22235.95
step   965 | loss: 4.851617 | lr 5.9376e-04 | norm: 0.4897 | dt: 2930.80ms | tok/sec: 22361.10
step   966 | loss: 4.934613 | lr 5.9374e-04 | norm: 0.5079 | dt: 2940.79ms | tok/sec: 22285.14
step   967 | loss: 5.013763 | lr 5.9372e-04 | norm: 0.5007 | dt: 2945.63ms | tok/sec: 22248.56
step   968 | loss: 4.704003 | lr 5.9371e-04 | norm: 0.5217 | dt: 2956.06ms | tok/sec: 22170.07
step   969 | loss: 4.816246 | lr 5.9369e-04 | norm: 0.6154 | dt: 2966.86ms | tok/sec: 22089.35
step   970 | loss: 4.828906 | lr 5.9367e-04 | norm: 0.4887 | dt: 2943.74ms | tok/sec: 22262.83
step   971 | loss: 4.667949 | lr 5.9365e-04 | norm: 0.4931 | dt: 2938.97ms | tok/sec: 22299.00
step   972 | loss: 4.900990 | lr 5.9363e-04 | norm: 0.4694 | dt: 2941.91ms | tok/sec: 22276.68
step   973 | loss: 4.924670 | lr 5.9361e-04 | norm: 0.5368 | dt: 2936.35ms | tok/sec: 22318.83
step   974 | loss: 4.764831 | lr 5.9359e-04 | norm: 0.5394 | dt: 2946.61ms | tok/sec: 22241.13
step   975 | loss: 4.838217 | lr 5.9357e-04 | norm: 0.5627 | dt: 2934.35ms | tok/sec: 22334.06
step   976 | loss: 4.756376 | lr 5.9355e-04 | norm: 0.5750 | dt: 2943.08ms | tok/sec: 22267.82
step   977 | loss: 4.804730 | lr 5.9354e-04 | norm: 0.5895 | dt: 2963.33ms | tok/sec: 22115.63
step   978 | loss: 4.784634 | lr 5.9352e-04 | norm: 0.6108 | dt: 2943.09ms | tok/sec: 22267.75
step   979 | loss: 4.856893 | lr 5.9350e-04 | norm: 0.6381 | dt: 2933.37ms | tok/sec: 22341.51
step   980 | loss: 5.010566 | lr 5.9348e-04 | norm: 0.5766 | dt: 2930.96ms | tok/sec: 22359.94
step   981 | loss: 4.930701 | lr 5.9346e-04 | norm: 0.5824 | dt: 2931.63ms | tok/sec: 22354.81
step   982 | loss: 4.954314 | lr 5.9344e-04 | norm: 0.6556 | dt: 2940.64ms | tok/sec: 22286.29
step   983 | loss: 4.838783 | lr 5.9342e-04 | norm: 0.6020 | dt: 2939.53ms | tok/sec: 22294.71
step   984 | loss: 4.867761 | lr 5.9340e-04 | norm: 1.2350 | dt: 2940.12ms | tok/sec: 22290.25
step   985 | loss: 4.992801 | lr 5.9338e-04 | norm: 0.7860 | dt: 2946.22ms | tok/sec: 22244.11
step   986 | loss: 4.866522 | lr 5.9336e-04 | norm: 0.8334 | dt: 2929.84ms | tok/sec: 22368.47
step   987 | loss: 4.855488 | lr 5.9334e-04 | norm: 0.6565 | dt: 2939.91ms | tok/sec: 22291.84
step   988 | loss: 4.793379 | lr 5.9332e-04 | norm: 0.6553 | dt: 2960.39ms | tok/sec: 22137.61
step   989 | loss: 4.883939 | lr 5.9331e-04 | norm: 0.6271 | dt: 2935.50ms | tok/sec: 22325.32
step   990 | loss: 4.809029 | lr 5.9329e-04 | norm: 0.5593 | dt: 2958.65ms | tok/sec: 22150.62
step   991 | loss: 4.714896 | lr 5.9327e-04 | norm: 0.5665 | dt: 2944.54ms | tok/sec: 22256.79
step   992 | loss: 4.871494 | lr 5.9325e-04 | norm: 0.5637 | dt: 2932.64ms | tok/sec: 22347.07
step   993 | loss: 4.835223 | lr 5.9323e-04 | norm: 0.5331 | dt: 2924.77ms | tok/sec: 22407.25
step   994 | loss: 4.781087 | lr 5.9321e-04 | norm: 0.4736 | dt: 2935.44ms | tok/sec: 22325.77
step   995 | loss: 4.806435 | lr 5.9319e-04 | norm: 0.5050 | dt: 2943.97ms | tok/sec: 22261.08
step   996 | loss: 4.793361 | lr 5.9317e-04 | norm: 0.5810 | dt: 2938.43ms | tok/sec: 22303.04
step   997 | loss: 4.981663 | lr 5.9315e-04 | norm: 0.7084 | dt: 2935.87ms | tok/sec: 22322.55
step   998 | loss: 4.787179 | lr 5.9313e-04 | norm: 0.4968 | dt: 2963.66ms | tok/sec: 22113.20
step   999 | loss: 4.876599 | lr 5.9311e-04 | norm: 0.5445 | dt: 2944.98ms | tok/sec: 22253.47
validation loss: 4.8617
HellaSwag accuracy: 2408/10042=0.2398
rank 0 sample 0: Hello, I'm a language model, and I could be used using English grammar of formal language, language, language, language, language, etc, and,
rank 0 sample 1: Hello, I'm a language model, I use a language language, a particular language. To find the English language and languages in the English language, I would
rank 0 sample 2: Hello, I'm a language model, I don't think by I and myself.<|endoftext|>Hearing on this video
An article by the UNICE, originally
rank 0 sample 3: Hello, I'm a language model, so far from the same language. There's in the same language we've seen above for English. They are very basic
step  1000 | loss: 4.785821 | lr 5.9309e-04 | norm: 0.4984 | dt: 107916.07ms | tok/sec: 607.29
step  1001 | loss: 4.687141 | lr 5.9307e-04 | norm: 0.5351 | dt: 2946.63ms | tok/sec: 22240.98
step  1002 | loss: 4.845983 | lr 5.9305e-04 | norm: 0.4855 | dt: 2929.38ms | tok/sec: 22372.00
step  1003 | loss: 4.924428 | lr 5.9303e-04 | norm: 0.4683 | dt: 2971.55ms | tok/sec: 22054.52
step  1004 | loss: 4.986827 | lr 5.9301e-04 | norm: 0.5542 | dt: 2928.07ms | tok/sec: 22381.99
step  1005 | loss: 4.724322 | lr 5.9299e-04 | norm: 0.5400 | dt: 2939.09ms | tok/sec: 22298.07
step  1006 | loss: 4.838077 | lr 5.9297e-04 | norm: 0.6165 | dt: 2936.48ms | tok/sec: 22317.90
step  1007 | loss: 4.747595 | lr 5.9295e-04 | norm: 0.6391 | dt: 2936.17ms | tok/sec: 22320.25
step  1008 | loss: 4.768141 | lr 5.9293e-04 | norm: 0.6193 | dt: 2942.29ms | tok/sec: 22273.84
step  1009 | loss: 4.857736 | lr 5.9291e-04 | norm: 0.6219 | dt: 2936.81ms | tok/sec: 22315.35
step  1010 | loss: 4.680974 | lr 5.9289e-04 | norm: 0.5556 | dt: 2931.66ms | tok/sec: 22354.60
step  1011 | loss: 4.862673 | lr 5.9287e-04 | norm: 0.5348 | dt: 2924.91ms | tok/sec: 22406.18
step  1012 | loss: 4.807674 | lr 5.9285e-04 | norm: 0.5763 | dt: 2936.64ms | tok/sec: 22316.67
step  1013 | loss: 4.878429 | lr 5.9283e-04 | norm: 0.6215 | dt: 2934.34ms | tok/sec: 22334.13
step  1014 | loss: 4.831128 | lr 5.9281e-04 | norm: 0.6484 | dt: 2961.85ms | tok/sec: 22126.72
step  1015 | loss: 4.743718 | lr 5.9279e-04 | norm: 0.6536 | dt: 2961.58ms | tok/sec: 22128.70
step  1016 | loss: 4.654832 | lr 5.9277e-04 | norm: 0.6834 | dt: 2940.40ms | tok/sec: 22288.12
step  1017 | loss: 4.737084 | lr 5.9275e-04 | norm: 0.6152 | dt: 2935.40ms | tok/sec: 22326.12
step  1018 | loss: 4.907002 | lr 5.9273e-04 | norm: 0.5395 | dt: 2932.05ms | tok/sec: 22351.61
step  1019 | loss: 4.735024 | lr 5.9271e-04 | norm: 0.5724 | dt: 2937.26ms | tok/sec: 22311.99
step  1020 | loss: 4.742034 | lr 5.9269e-04 | norm: 0.4480 | dt: 2935.22ms | tok/sec: 22327.45
step  1021 | loss: 4.771799 | lr 5.9267e-04 | norm: 0.4816 | dt: 2942.47ms | tok/sec: 22272.44
step  1022 | loss: 4.718289 | lr 5.9265e-04 | norm: 0.4984 | dt: 2941.91ms | tok/sec: 22276.71
step  1023 | loss: 4.948820 | lr 5.9263e-04 | norm: 0.5939 | dt: 2976.27ms | tok/sec: 22019.51
step  1024 | loss: 4.699825 | lr 5.9261e-04 | norm: 0.5347 | dt: 2934.63ms | tok/sec: 22331.97
step  1025 | loss: 4.748919 | lr 5.9259e-04 | norm: 0.5174 | dt: 2933.47ms | tok/sec: 22340.74
step  1026 | loss: 4.688549 | lr 5.9257e-04 | norm: 0.4894 | dt: 2938.63ms | tok/sec: 22301.54
step  1027 | loss: 4.735862 | lr 5.9255e-04 | norm: 0.5547 | dt: 2937.23ms | tok/sec: 22312.19
step  1028 | loss: 4.719326 | lr 5.9253e-04 | norm: 0.5923 | dt: 2939.62ms | tok/sec: 22294.01
step  1029 | loss: 4.719296 | lr 5.9251e-04 | norm: 0.4566 | dt: 2938.00ms | tok/sec: 22306.34
step  1030 | loss: 4.644034 | lr 5.9249e-04 | norm: 0.5867 | dt: 2932.26ms | tok/sec: 22349.96
step  1031 | loss: 4.627482 | lr 5.9247e-04 | norm: 0.5370 | dt: 2950.84ms | tok/sec: 22209.23
step  1032 | loss: 4.757730 | lr 5.9245e-04 | norm: 0.5048 | dt: 2938.62ms | tok/sec: 22301.59
step  1033 | loss: 4.520913 | lr 5.9243e-04 | norm: 0.5146 | dt: 2930.95ms | tok/sec: 22359.99
step  1034 | loss: 4.695807 | lr 5.9241e-04 | norm: 0.5705 | dt: 2946.26ms | tok/sec: 22243.79
step  1035 | loss: 4.554367 | lr 5.9239e-04 | norm: 0.5521 | dt: 2931.40ms | tok/sec: 22356.59
step  1036 | loss: 4.602688 | lr 5.9237e-04 | norm: 0.5420 | dt: 2951.21ms | tok/sec: 22206.46
step  1037 | loss: 4.769331 | lr 5.9234e-04 | norm: 0.6077 | dt: 2940.08ms | tok/sec: 22290.58
step  1038 | loss: 4.546617 | lr 5.9232e-04 | norm: 0.6226 | dt: 2940.86ms | tok/sec: 22284.60
step  1039 | loss: 4.766406 | lr 5.9230e-04 | norm: 0.7327 | dt: 2934.45ms | tok/sec: 22333.31
step  1040 | loss: 4.779102 | lr 5.9228e-04 | norm: 0.6498 | dt: 2944.33ms | tok/sec: 22258.40
step  1041 | loss: 4.643366 | lr 5.9226e-04 | norm: 0.6417 | dt: 2934.39ms | tok/sec: 22333.78
step  1042 | loss: 4.753316 | lr 5.9224e-04 | norm: 0.5931 | dt: 2938.35ms | tok/sec: 22303.64
step  1043 | loss: 4.873445 | lr 5.9222e-04 | norm: 0.5588 | dt: 2939.89ms | tok/sec: 22292.02
step  1044 | loss: 4.722437 | lr 5.9220e-04 | norm: 0.5117 | dt: 2954.57ms | tok/sec: 22181.20
step  1045 | loss: 4.567961 | lr 5.9218e-04 | norm: 0.5694 | dt: 2939.64ms | tok/sec: 22293.90
step  1046 | loss: 4.710773 | lr 5.9216e-04 | norm: 0.5440 | dt: 2934.19ms | tok/sec: 22335.29
step  1047 | loss: 4.674528 | lr 5.9214e-04 | norm: 0.5182 | dt: 2931.39ms | tok/sec: 22356.61
step  1048 | loss: 4.536035 | lr 5.9212e-04 | norm: 0.5973 | dt: 2932.85ms | tok/sec: 22345.51
step  1049 | loss: 4.577078 | lr 5.9209e-04 | norm: 0.5165 | dt: 2945.72ms | tok/sec: 22247.89
step  1050 | loss: 4.764156 | lr 5.9207e-04 | norm: 0.7206 | dt: 2927.38ms | tok/sec: 22387.29
step  1051 | loss: 4.533815 | lr 5.9205e-04 | norm: 0.6878 | dt: 2940.43ms | tok/sec: 22287.86
step  1052 | loss: 4.656942 | lr 5.9203e-04 | norm: 0.6398 | dt: 2937.93ms | tok/sec: 22306.87
step  1053 | loss: 4.725639 | lr 5.9201e-04 | norm: 0.7226 | dt: 2925.51ms | tok/sec: 22401.56
step  1054 | loss: 4.616863 | lr 5.9199e-04 | norm: 0.5027 | dt: 2936.73ms | tok/sec: 22315.95
step  1055 | loss: 4.747017 | lr 5.9197e-04 | norm: 0.7053 | dt: 2964.86ms | tok/sec: 22104.25
step  1056 | loss: 4.583409 | lr 5.9195e-04 | norm: 0.6062 | dt: 2950.66ms | tok/sec: 22210.63
step  1057 | loss: 4.614283 | lr 5.9193e-04 | norm: 0.4956 | dt: 2944.41ms | tok/sec: 22257.73
step  1058 | loss: 4.689043 | lr 5.9190e-04 | norm: 0.5449 | dt: 2931.69ms | tok/sec: 22354.33
step  1059 | loss: 4.688253 | lr 5.9188e-04 | norm: 0.4521 | dt: 2933.02ms | tok/sec: 22344.19
step  1060 | loss: 4.706019 | lr 5.9186e-04 | norm: 0.5649 | dt: 2938.37ms | tok/sec: 22303.53
step  1061 | loss: 4.662668 | lr 5.9184e-04 | norm: 0.5091 | dt: 2925.54ms | tok/sec: 22401.34
step  1062 | loss: 5.034018 | lr 5.9182e-04 | norm: 0.5442 | dt: 2940.51ms | tok/sec: 22287.31
step  1063 | loss: 4.886894 | lr 5.9180e-04 | norm: 0.7234 | dt: 2948.70ms | tok/sec: 22225.36
step  1064 | loss: 4.615081 | lr 5.9178e-04 | norm: 0.7251 | dt: 2962.49ms | tok/sec: 22121.96
step  1065 | loss: 4.526106 | lr 5.9176e-04 | norm: 0.8612 | dt: 2936.55ms | tok/sec: 22317.34
step  1066 | loss: 4.723122 | lr 5.9173e-04 | norm: 0.6046 | dt: 2940.05ms | tok/sec: 22290.81
step  1067 | loss: 4.548972 | lr 5.9171e-04 | norm: 0.5651 | dt: 2929.01ms | tok/sec: 22374.83
step  1068 | loss: 4.598278 | lr 5.9169e-04 | norm: 0.6430 | dt: 2937.34ms | tok/sec: 22311.38
step  1069 | loss: 4.594983 | lr 5.9167e-04 | norm: 0.4961 | dt: 2940.97ms | tok/sec: 22283.82
step  1070 | loss: 4.745542 | lr 5.9165e-04 | norm: 0.7165 | dt: 2938.42ms | tok/sec: 22303.15
step  1071 | loss: 4.872171 | lr 5.9163e-04 | norm: 0.6263 | dt: 2939.98ms | tok/sec: 22291.32
step  1072 | loss: 4.649677 | lr 5.9160e-04 | norm: 0.4854 | dt: 2947.60ms | tok/sec: 22233.71
step  1073 | loss: 4.564553 | lr 5.9158e-04 | norm: 0.5023 | dt: 2933.70ms | tok/sec: 22338.99
step  1074 | loss: 4.475347 | lr 5.9156e-04 | norm: 0.4741 | dt: 2936.06ms | tok/sec: 22321.04
step  1075 | loss: 4.705551 | lr 5.9154e-04 | norm: 0.5659 | dt: 2954.33ms | tok/sec: 22183.05
step  1076 | loss: 4.712044 | lr 5.9152e-04 | norm: 0.6293 | dt: 2941.58ms | tok/sec: 22279.16
step  1077 | loss: 4.860173 | lr 5.9150e-04 | norm: 0.6229 | dt: 2960.20ms | tok/sec: 22139.03
step  1078 | loss: 4.687732 | lr 5.9147e-04 | norm: 0.7254 | dt: 2944.00ms | tok/sec: 22260.90
step  1079 | loss: 4.651895 | lr 5.9145e-04 | norm: 0.6216 | dt: 2942.86ms | tok/sec: 22269.47
step  1080 | loss: 4.638038 | lr 5.9143e-04 | norm: 0.5373 | dt: 2932.52ms | tok/sec: 22347.99
step  1081 | loss: 4.698375 | lr 5.9141e-04 | norm: 0.5811 | dt: 2931.36ms | tok/sec: 22356.86
step  1082 | loss: 4.703696 | lr 5.9139e-04 | norm: 0.5004 | dt: 2927.25ms | tok/sec: 22388.25
step  1083 | loss: 4.674896 | lr 5.9136e-04 | norm: 0.5523 | dt: 2940.60ms | tok/sec: 22286.59
step  1084 | loss: 4.666425 | lr 5.9134e-04 | norm: 0.6463 | dt: 2974.64ms | tok/sec: 22031.60
step  1085 | loss: 4.576337 | lr 5.9132e-04 | norm: 0.4767 | dt: 2936.49ms | tok/sec: 22317.80
step  1086 | loss: 4.581759 | lr 5.9130e-04 | norm: 1.1356 | dt: 2938.96ms | tok/sec: 22299.03
step  1087 | loss: 4.827413 | lr 5.9128e-04 | norm: 0.6416 | dt: 2942.87ms | tok/sec: 22269.45
step  1088 | loss: 4.580176 | lr 5.9125e-04 | norm: 0.6540 | dt: 2932.91ms | tok/sec: 22345.06
step  1089 | loss: 4.670818 | lr 5.9123e-04 | norm: 0.6241 | dt: 2932.03ms | tok/sec: 22351.77
step  1090 | loss: 4.643403 | lr 5.9121e-04 | norm: 0.5066 | dt: 2936.69ms | tok/sec: 22316.31
step  1091 | loss: 4.648428 | lr 5.9119e-04 | norm: 0.6322 | dt: 2940.19ms | tok/sec: 22289.72
step  1092 | loss: 4.556334 | lr 5.9117e-04 | norm: 0.5502 | dt: 2937.78ms | tok/sec: 22307.99
step  1093 | loss: 4.484378 | lr 5.9114e-04 | norm: 0.5950 | dt: 2939.53ms | tok/sec: 22294.70
step  1094 | loss: 4.673131 | lr 5.9112e-04 | norm: 0.6873 | dt: 2937.11ms | tok/sec: 22313.12
step  1095 | loss: 4.658343 | lr 5.9110e-04 | norm: 0.6280 | dt: 2939.14ms | tok/sec: 22297.71
step  1096 | loss: 4.634029 | lr 5.9108e-04 | norm: 0.5621 | dt: 2957.67ms | tok/sec: 22158.01
step  1097 | loss: 4.594819 | lr 5.9105e-04 | norm: 0.5576 | dt: 2960.49ms | tok/sec: 22136.91
step  1098 | loss: 4.566919 | lr 5.9103e-04 | norm: 0.4835 | dt: 2934.89ms | tok/sec: 22329.97
step  1099 | loss: 4.517704 | lr 5.9101e-04 | norm: 0.5831 | dt: 2942.23ms | tok/sec: 22274.24
step  1100 | loss: 4.599237 | lr 5.9099e-04 | norm: 0.5967 | dt: 2941.43ms | tok/sec: 22280.33
step  1101 | loss: 4.634313 | lr 5.9097e-04 | norm: 0.6131 | dt: 2941.22ms | tok/sec: 22281.89
step  1102 | loss: 4.726267 | lr 5.9094e-04 | norm: 0.6294 | dt: 2930.50ms | tok/sec: 22363.44
step  1103 | loss: 4.700572 | lr 5.9092e-04 | norm: 0.6113 | dt: 2940.84ms | tok/sec: 22284.77
step  1104 | loss: 4.474621 | lr 5.9090e-04 | norm: 0.5593 | dt: 2934.99ms | tok/sec: 22329.18
step  1105 | loss: 4.624764 | lr 5.9088e-04 | norm: 0.5953 | dt: 2976.11ms | tok/sec: 22020.68
step  1106 | loss: 4.554854 | lr 5.9085e-04 | norm: 0.5297 | dt: 2936.64ms | tok/sec: 22316.69
step  1107 | loss: 4.894504 | lr 5.9083e-04 | norm: 0.5859 | dt: 2939.91ms | tok/sec: 22291.83
step  1108 | loss: 4.559157 | lr 5.9081e-04 | norm: 0.6213 | dt: 2939.77ms | tok/sec: 22292.93
step  1109 | loss: 4.485796 | lr 5.9078e-04 | norm: 0.5353 | dt: 2935.26ms | tok/sec: 22327.14
step  1110 | loss: 4.637481 | lr 5.9076e-04 | norm: 0.4846 | dt: 2932.80ms | tok/sec: 22345.90
step  1111 | loss: 4.703925 | lr 5.9074e-04 | norm: 0.5197 | dt: 2941.07ms | tok/sec: 22283.02
step  1112 | loss: 4.493945 | lr 5.9072e-04 | norm: 0.6192 | dt: 2930.56ms | tok/sec: 22362.95
step  1113 | loss: 4.566377 | lr 5.9069e-04 | norm: 0.6008 | dt: 2938.63ms | tok/sec: 22301.52
step  1114 | loss: 4.610077 | lr 5.9067e-04 | norm: 0.4825 | dt: 2937.78ms | tok/sec: 22308.02
step  1115 | loss: 4.702528 | lr 5.9065e-04 | norm: 0.5795 | dt: 2931.66ms | tok/sec: 22354.54
step  1116 | loss: 4.792460 | lr 5.9063e-04 | norm: 0.5632 | dt: 2955.13ms | tok/sec: 22177.06
step  1117 | loss: 4.776480 | lr 5.9060e-04 | norm: 0.6090 | dt: 2966.90ms | tok/sec: 22089.07
step  1118 | loss: 4.892431 | lr 5.9058e-04 | norm: 0.6126 | dt: 2935.14ms | tok/sec: 22328.06
step  1119 | loss: 4.843376 | lr 5.9056e-04 | norm: 0.7008 | dt: 2928.72ms | tok/sec: 22377.00
step  1120 | loss: 4.830784 | lr 5.9053e-04 | norm: 0.6114 | dt: 2946.71ms | tok/sec: 22240.43
step  1121 | loss: 4.784779 | lr 5.9051e-04 | norm: 0.5753 | dt: 2930.60ms | tok/sec: 22362.63
step  1122 | loss: 4.795928 | lr 5.9049e-04 | norm: 0.5281 | dt: 2931.94ms | tok/sec: 22352.40
step  1123 | loss: 4.809104 | lr 5.9047e-04 | norm: 0.7826 | dt: 2943.67ms | tok/sec: 22263.36
step  1124 | loss: 4.851967 | lr 5.9044e-04 | norm: 0.6672 | dt: 2940.73ms | tok/sec: 22285.61
step  1125 | loss: 4.806436 | lr 5.9042e-04 | norm: 0.7055 | dt: 2975.22ms | tok/sec: 22027.31
step  1126 | loss: 4.928474 | lr 5.9040e-04 | norm: 0.6604 | dt: 2939.05ms | tok/sec: 22298.40
step  1127 | loss: 4.878585 | lr 5.9037e-04 | norm: 0.6682 | dt: 2940.94ms | tok/sec: 22284.04
step  1128 | loss: 4.686808 | lr 5.9035e-04 | norm: 0.5052 | dt: 2942.42ms | tok/sec: 22272.82
step  1129 | loss: 4.711906 | lr 5.9033e-04 | norm: 0.5594 | dt: 2934.21ms | tok/sec: 22335.16
step  1130 | loss: 4.834750 | lr 5.9030e-04 | norm: 0.5027 | dt: 2936.05ms | tok/sec: 22321.17
step  1131 | loss: 4.687639 | lr 5.9028e-04 | norm: 0.7390 | dt: 2940.37ms | tok/sec: 22288.35
step  1132 | loss: 4.728259 | lr 5.9026e-04 | norm: 0.7785 | dt: 2939.39ms | tok/sec: 22295.77
step  1133 | loss: 4.858624 | lr 5.9023e-04 | norm: 0.7111 | dt: 2938.36ms | tok/sec: 22303.57
step  1134 | loss: 4.844267 | lr 5.9021e-04 | norm: 0.7019 | dt: 2936.43ms | tok/sec: 22318.23
step  1135 | loss: 4.829821 | lr 5.9019e-04 | norm: 0.5956 | dt: 2940.98ms | tok/sec: 22283.70
step  1136 | loss: 4.951156 | lr 5.9016e-04 | norm: 0.6099 | dt: 2955.24ms | tok/sec: 22176.23
step  1137 | loss: 4.718929 | lr 5.9014e-04 | norm: 0.6028 | dt: 2934.61ms | tok/sec: 22332.11
step  1138 | loss: 4.778502 | lr 5.9012e-04 | norm: 0.6192 | dt: 2960.14ms | tok/sec: 22139.46
step  1139 | loss: 4.818871 | lr 5.9009e-04 | norm: 0.5978 | dt: 2930.77ms | tok/sec: 22361.32
step  1140 | loss: 4.669769 | lr 5.9007e-04 | norm: 0.5457 | dt: 2940.23ms | tok/sec: 22289.41
step  1141 | loss: 4.880951 | lr 5.9005e-04 | norm: 0.7580 | dt: 2932.25ms | tok/sec: 22350.07
step  1142 | loss: 4.678154 | lr 5.9002e-04 | norm: 0.4962 | dt: 2941.29ms | tok/sec: 22281.35
step  1143 | loss: 4.672985 | lr 5.9000e-04 | norm: 0.5877 | dt: 2938.40ms | tok/sec: 22303.32
step  1144 | loss: 4.745902 | lr 5.8998e-04 | norm: 0.5677 | dt: 2940.83ms | tok/sec: 22284.88
step  1145 | loss: 4.631894 | lr 5.8995e-04 | norm: 0.5816 | dt: 2933.26ms | tok/sec: 22342.37
step  1146 | loss: 4.811558 | lr 5.8993e-04 | norm: 0.5812 | dt: 2966.58ms | tok/sec: 22091.44
step  1147 | loss: 4.732941 | lr 5.8990e-04 | norm: 0.7858 | dt: 2939.87ms | tok/sec: 22292.17
step  1148 | loss: 4.714590 | lr 5.8988e-04 | norm: 0.6961 | dt: 2937.63ms | tok/sec: 22309.17
step  1149 | loss: 4.701343 | lr 5.8986e-04 | norm: 0.6782 | dt: 2934.04ms | tok/sec: 22336.42
step  1150 | loss: 4.607915 | lr 5.8983e-04 | norm: 0.5498 | dt: 2932.43ms | tok/sec: 22348.70
step  1151 | loss: 4.891755 | lr 5.8981e-04 | norm: 0.5729 | dt: 2938.00ms | tok/sec: 22306.34
step  1152 | loss: 4.742979 | lr 5.8979e-04 | norm: 0.5975 | dt: 2934.43ms | tok/sec: 22333.46
step  1153 | loss: 4.744373 | lr 5.8976e-04 | norm: 0.5692 | dt: 2933.85ms | tok/sec: 22337.92
step  1154 | loss: 4.764771 | lr 5.8974e-04 | norm: 0.5645 | dt: 2936.71ms | tok/sec: 22316.10
step  1155 | loss: 4.652681 | lr 5.8971e-04 | norm: 0.5418 | dt: 2937.40ms | tok/sec: 22310.90
step  1156 | loss: 4.786942 | lr 5.8969e-04 | norm: 0.4743 | dt: 2937.96ms | tok/sec: 22306.63
step  1157 | loss: 4.660453 | lr 5.8967e-04 | norm: 0.5217 | dt: 2954.29ms | tok/sec: 22183.36
step  1158 | loss: 4.698307 | lr 5.8964e-04 | norm: 0.5178 | dt: 2966.21ms | tok/sec: 22094.21
step  1159 | loss: 4.623784 | lr 5.8962e-04 | norm: 0.5231 | dt: 2933.79ms | tok/sec: 22338.37
step  1160 | loss: 4.669424 | lr 5.8959e-04 | norm: 0.5457 | dt: 2939.14ms | tok/sec: 22297.71
step  1161 | loss: 4.667651 | lr 5.8957e-04 | norm: 0.6207 | dt: 2936.43ms | tok/sec: 22318.23
step  1162 | loss: 4.699393 | lr 5.8955e-04 | norm: 0.5575 | dt: 2938.29ms | tok/sec: 22304.17
step  1163 | loss: 4.704640 | lr 5.8952e-04 | norm: 0.5098 | dt: 2943.44ms | tok/sec: 22265.10
step  1164 | loss: 4.694543 | lr 5.8950e-04 | norm: 0.5312 | dt: 2938.17ms | tok/sec: 22305.04
step  1165 | loss: 4.567795 | lr 5.8947e-04 | norm: 0.5947 | dt: 2938.60ms | tok/sec: 22301.74
step  1166 | loss: 4.631156 | lr 5.8945e-04 | norm: 0.5522 | dt: 2961.69ms | tok/sec: 22127.89
step  1167 | loss: 4.579055 | lr 5.8943e-04 | norm: 0.6079 | dt: 2936.79ms | tok/sec: 22315.53
step  1168 | loss: 4.744403 | lr 5.8940e-04 | norm: 0.5476 | dt: 2934.80ms | tok/sec: 22330.62
step  1169 | loss: 4.650921 | lr 5.8938e-04 | norm: 0.5432 | dt: 2944.60ms | tok/sec: 22256.34
step  1170 | loss: 4.639264 | lr 5.8935e-04 | norm: 0.5671 | dt: 2936.65ms | tok/sec: 22316.56
step  1171 | loss: 4.684943 | lr 5.8933e-04 | norm: 0.5450 | dt: 2934.07ms | tok/sec: 22336.24
step  1172 | loss: 4.654859 | lr 5.8930e-04 | norm: 0.5138 | dt: 2932.16ms | tok/sec: 22350.78
step  1173 | loss: 4.691508 | lr 5.8928e-04 | norm: 0.5348 | dt: 2938.71ms | tok/sec: 22300.92
step  1174 | loss: 4.678317 | lr 5.8925e-04 | norm: 0.5524 | dt: 2941.69ms | tok/sec: 22278.32
step  1175 | loss: 4.725379 | lr 5.8923e-04 | norm: 0.5111 | dt: 2948.29ms | tok/sec: 22228.45
step  1176 | loss: 4.772742 | lr 5.8921e-04 | norm: 0.4910 | dt: 2951.54ms | tok/sec: 22204.02
step  1177 | loss: 4.747041 | lr 5.8918e-04 | norm: 0.4660 | dt: 2956.17ms | tok/sec: 22169.24
step  1178 | loss: 4.633944 | lr 5.8916e-04 | norm: 0.4558 | dt: 2943.10ms | tok/sec: 22267.69
step  1179 | loss: 4.761564 | lr 5.8913e-04 | norm: 0.4997 | dt: 2957.08ms | tok/sec: 22162.42
step  1180 | loss: 4.682827 | lr 5.8911e-04 | norm: 0.4762 | dt: 2938.66ms | tok/sec: 22301.33
step  1181 | loss: 4.759717 | lr 5.8908e-04 | norm: 0.5259 | dt: 2948.00ms | tok/sec: 22230.68
step  1182 | loss: 4.597963 | lr 5.8906e-04 | norm: 0.4743 | dt: 2951.44ms | tok/sec: 22204.78
step  1183 | loss: 4.660957 | lr 5.8903e-04 | norm: 0.5632 | dt: 2948.96ms | tok/sec: 22223.46
step  1184 | loss: 4.745199 | lr 5.8901e-04 | norm: 0.5683 | dt: 2948.11ms | tok/sec: 22229.87
step  1185 | loss: 4.661425 | lr 5.8898e-04 | norm: 0.5040 | dt: 2941.98ms | tok/sec: 22276.12
step  1186 | loss: 4.737971 | lr 5.8896e-04 | norm: 0.5552 | dt: 2975.46ms | tok/sec: 22025.49
step  1187 | loss: 4.643241 | lr 5.8894e-04 | norm: 0.4807 | dt: 2940.79ms | tok/sec: 22285.19
step  1188 | loss: 5.139582 | lr 5.8891e-04 | norm: 0.6028 | dt: 2949.81ms | tok/sec: 22216.99
step  1189 | loss: 4.821887 | lr 5.8889e-04 | norm: 0.7418 | dt: 2934.23ms | tok/sec: 22335.02
step  1190 | loss: 4.544010 | lr 5.8886e-04 | norm: 0.5369 | dt: 2948.27ms | tok/sec: 22228.65
step  1191 | loss: 4.634365 | lr 5.8884e-04 | norm: 0.6147 | dt: 2944.78ms | tok/sec: 22254.99
step  1192 | loss: 4.685685 | lr 5.8881e-04 | norm: 0.6283 | dt: 2944.64ms | tok/sec: 22256.00
step  1193 | loss: 4.664176 | lr 5.8879e-04 | norm: 0.6542 | dt: 2945.36ms | tok/sec: 22250.57
step  1194 | loss: 4.768117 | lr 5.8876e-04 | norm: 0.5052 | dt: 2939.52ms | tok/sec: 22294.81
step  1195 | loss: 4.717885 | lr 5.8874e-04 | norm: 0.5853 | dt: 2950.47ms | tok/sec: 22212.09
step  1196 | loss: 4.640305 | lr 5.8871e-04 | norm: 0.5475 | dt: 2952.82ms | tok/sec: 22194.35
step  1197 | loss: 4.700422 | lr 5.8869e-04 | norm: 0.5046 | dt: 2947.51ms | tok/sec: 22234.35
step  1198 | loss: 4.687762 | lr 5.8866e-04 | norm: 0.9842 | dt: 2966.67ms | tok/sec: 22090.74
step  1199 | loss: 4.593490 | lr 5.8864e-04 | norm: 0.5565 | dt: 2963.53ms | tok/sec: 22114.17
step  1200 | loss: 4.738492 | lr 5.8861e-04 | norm: 0.6031 | dt: 2936.51ms | tok/sec: 22317.66
step  1201 | loss: 4.548907 | lr 5.8859e-04 | norm: 0.5311 | dt: 2955.15ms | tok/sec: 22176.91
step  1202 | loss: 4.596051 | lr 5.8856e-04 | norm: 0.6047 | dt: 2957.49ms | tok/sec: 22159.32
step  1203 | loss: 4.769668 | lr 5.8854e-04 | norm: 0.6303 | dt: 2951.22ms | tok/sec: 22206.39
step  1204 | loss: 4.846216 | lr 5.8851e-04 | norm: 0.6665 | dt: 2947.93ms | tok/sec: 22231.19
step  1205 | loss: 4.594531 | lr 5.8848e-04 | norm: 0.5657 | dt: 2946.14ms | tok/sec: 22244.68
step  1206 | loss: 4.563386 | lr 5.8846e-04 | norm: 0.5399 | dt: 2944.83ms | tok/sec: 22254.61
step  1207 | loss: 4.648895 | lr 5.8843e-04 | norm: 0.5442 | dt: 2977.98ms | tok/sec: 22006.89
step  1208 | loss: 4.645049 | lr 5.8841e-04 | norm: 0.5575 | dt: 2944.28ms | tok/sec: 22258.72
step  1209 | loss: 4.521102 | lr 5.8838e-04 | norm: 0.5073 | dt: 2937.07ms | tok/sec: 22313.43
step  1210 | loss: 4.463422 | lr 5.8836e-04 | norm: 0.5491 | dt: 2954.52ms | tok/sec: 22181.64
step  1211 | loss: 4.608857 | lr 5.8833e-04 | norm: 0.6798 | dt: 2950.09ms | tok/sec: 22214.90
step  1212 | loss: 4.709816 | lr 5.8831e-04 | norm: 0.6137 | dt: 2951.44ms | tok/sec: 22204.77
step  1213 | loss: 4.535757 | lr 5.8828e-04 | norm: 0.6389 | dt: 2956.98ms | tok/sec: 22163.15
step  1214 | loss: 4.591882 | lr 5.8826e-04 | norm: 0.5053 | dt: 2943.30ms | tok/sec: 22266.19
step  1215 | loss: 4.572374 | lr 5.8823e-04 | norm: 0.5291 | dt: 2945.67ms | tok/sec: 22248.23
step  1216 | loss: 4.556006 | lr 5.8821e-04 | norm: 0.5128 | dt: 2945.31ms | tok/sec: 22250.97
step  1217 | loss: 4.547483 | lr 5.8818e-04 | norm: 0.5138 | dt: 2944.41ms | tok/sec: 22257.79
step  1218 | loss: 4.667692 | lr 5.8815e-04 | norm: 0.5253 | dt: 2969.76ms | tok/sec: 22067.78
step  1219 | loss: 4.560746 | lr 5.8813e-04 | norm: 0.5553 | dt: 2962.17ms | tok/sec: 22124.36
step  1220 | loss: 4.856651 | lr 5.8810e-04 | norm: 0.7281 | dt: 2952.08ms | tok/sec: 22199.97
step  1221 | loss: 4.585979 | lr 5.8808e-04 | norm: 0.6712 | dt: 2938.30ms | tok/sec: 22304.08
step  1222 | loss: 4.623686 | lr 5.8805e-04 | norm: 0.5873 | dt: 2952.00ms | tok/sec: 22200.51
step  1223 | loss: 4.565735 | lr 5.8803e-04 | norm: 0.5196 | dt: 2944.92ms | tok/sec: 22253.91
step  1224 | loss: 4.588660 | lr 5.8800e-04 | norm: 0.5421 | dt: 2943.57ms | tok/sec: 22264.12
step  1225 | loss: 4.616558 | lr 5.8797e-04 | norm: 0.5481 | dt: 2940.39ms | tok/sec: 22288.19
step  1226 | loss: 4.638210 | lr 5.8795e-04 | norm: 0.5577 | dt: 2956.04ms | tok/sec: 22170.24
step  1227 | loss: 4.588339 | lr 5.8792e-04 | norm: 0.7887 | dt: 2988.06ms | tok/sec: 21932.62
step  1228 | loss: 4.727432 | lr 5.8790e-04 | norm: 0.6221 | dt: 2943.05ms | tok/sec: 22268.08
step  1229 | loss: 4.564378 | lr 5.8787e-04 | norm: 0.5904 | dt: 2936.71ms | tok/sec: 22316.10
step  1230 | loss: 4.664214 | lr 5.8784e-04 | norm: 0.5795 | dt: 2941.06ms | tok/sec: 22283.13
step  1231 | loss: 4.683092 | lr 5.8782e-04 | norm: 0.5649 | dt: 2941.06ms | tok/sec: 22283.14
step  1232 | loss: 4.606098 | lr 5.8779e-04 | norm: 0.5401 | dt: 2946.02ms | tok/sec: 22245.62
step  1233 | loss: 4.616813 | lr 5.8777e-04 | norm: 0.5079 | dt: 2952.03ms | tok/sec: 22200.30
step  1234 | loss: 4.502454 | lr 5.8774e-04 | norm: 0.5069 | dt: 2946.07ms | tok/sec: 22245.25
step  1235 | loss: 4.563221 | lr 5.8771e-04 | norm: 0.5670 | dt: 2945.52ms | tok/sec: 22249.39
step  1236 | loss: 4.573003 | lr 5.8769e-04 | norm: 0.5897 | dt: 2943.66ms | tok/sec: 22263.40
step  1237 | loss: 4.575602 | lr 5.8766e-04 | norm: 0.5742 | dt: 2933.41ms | tok/sec: 22341.20
step  1238 | loss: 4.552583 | lr 5.8764e-04 | norm: 0.5288 | dt: 2973.68ms | tok/sec: 22038.67
step  1239 | loss: 4.585974 | lr 5.8761e-04 | norm: 0.6085 | dt: 2935.89ms | tok/sec: 22322.34
step  1240 | loss: 4.573234 | lr 5.8758e-04 | norm: 0.5539 | dt: 2973.73ms | tok/sec: 22038.31
step  1241 | loss: 4.665334 | lr 5.8756e-04 | norm: 0.5708 | dt: 2937.81ms | tok/sec: 22307.76
step  1242 | loss: 4.604888 | lr 5.8753e-04 | norm: 0.5046 | dt: 2949.21ms | tok/sec: 22221.54
step  1243 | loss: 4.694666 | lr 5.8751e-04 | norm: 0.6110 | dt: 2942.62ms | tok/sec: 22271.33
step  1244 | loss: 4.553115 | lr 5.8748e-04 | norm: 0.5875 | dt: 2941.09ms | tok/sec: 22282.88
step  1245 | loss: 4.666170 | lr 5.8745e-04 | norm: 0.5135 | dt: 2937.42ms | tok/sec: 22310.77
step  1246 | loss: 4.467364 | lr 5.8743e-04 | norm: 0.5900 | dt: 2941.83ms | tok/sec: 22277.29
step  1247 | loss: 4.517037 | lr 5.8740e-04 | norm: 0.5759 | dt: 2991.51ms | tok/sec: 21907.35
step  1248 | loss: 4.540374 | lr 5.8737e-04 | norm: 0.6108 | dt: 2940.01ms | tok/sec: 22291.11
step  1249 | loss: 4.592360 | lr 5.8735e-04 | norm: 0.5906 | dt: 2936.13ms | tok/sec: 22320.56
step  1250 | loss: 4.599595 | lr 5.8732e-04 | norm: 0.5905 | dt: 2943.99ms | tok/sec: 22260.91
step  1251 | loss: 4.519095 | lr 5.8729e-04 | norm: 0.7745 | dt: 2937.98ms | tok/sec: 22306.48
step  1252 | loss: 4.567254 | lr 5.8727e-04 | norm: 0.5968 | dt: 2932.19ms | tok/sec: 22350.54
step  1253 | loss: 4.557614 | lr 5.8724e-04 | norm: 0.5703 | dt: 2933.56ms | tok/sec: 22340.10
step  1254 | loss: 4.513176 | lr 5.8721e-04 | norm: 1.6147 | dt: 2939.20ms | tok/sec: 22297.25
step  1255 | loss: 4.592949 | lr 5.8719e-04 | norm: 0.5660 | dt: 2935.36ms | tok/sec: 22326.36
step  1256 | loss: 4.740956 | lr 5.8716e-04 | norm: 0.6554 | dt: 2943.57ms | tok/sec: 22264.12
step  1257 | loss: 4.610169 | lr 5.8713e-04 | norm: 0.5205 | dt: 2948.69ms | tok/sec: 22225.49
step  1258 | loss: 4.773971 | lr 5.8711e-04 | norm: 0.7066 | dt: 2935.71ms | tok/sec: 22323.71
step  1259 | loss: 4.691560 | lr 5.8708e-04 | norm: 0.6798 | dt: 2958.15ms | tok/sec: 22154.39
step  1260 | loss: 4.651259 | lr 5.8705e-04 | norm: 1.5937 | dt: 2969.37ms | tok/sec: 22070.66
step  1261 | loss: 4.633849 | lr 5.8703e-04 | norm: 0.8254 | dt: 2940.15ms | tok/sec: 22290.04
step  1262 | loss: 4.640823 | lr 5.8700e-04 | norm: 0.5003 | dt: 2935.31ms | tok/sec: 22326.80
step  1263 | loss: 4.602271 | lr 5.8697e-04 | norm: 0.6340 | dt: 2937.46ms | tok/sec: 22310.39
step  1264 | loss: 5.185360 | lr 5.8695e-04 | norm: 0.8184 | dt: 2937.41ms | tok/sec: 22310.79
step  1265 | loss: 4.729912 | lr 5.8692e-04 | norm: 0.8994 | dt: 2935.32ms | tok/sec: 22326.67
step  1266 | loss: 4.636229 | lr 5.8689e-04 | norm: 0.6131 | dt: 2939.70ms | tok/sec: 22293.41
step  1267 | loss: 4.654280 | lr 5.8687e-04 | norm: 0.6505 | dt: 2937.65ms | tok/sec: 22308.95
step  1268 | loss: 4.639521 | lr 5.8684e-04 | norm: 0.6177 | dt: 2961.18ms | tok/sec: 22131.73
step  1269 | loss: 4.718421 | lr 5.8681e-04 | norm: 0.6037 | dt: 2941.98ms | tok/sec: 22276.17
step  1270 | loss: 4.676922 | lr 5.8679e-04 | norm: 0.5651 | dt: 2951.24ms | tok/sec: 22206.26
step  1271 | loss: 4.586069 | lr 5.8676e-04 | norm: 0.6662 | dt: 2936.62ms | tok/sec: 22316.84
step  1272 | loss: 4.729567 | lr 5.8673e-04 | norm: 0.6492 | dt: 2935.16ms | tok/sec: 22327.91
step  1273 | loss: 4.643946 | lr 5.8670e-04 | norm: 0.5426 | dt: 2938.38ms | tok/sec: 22303.46
step  1274 | loss: 4.564575 | lr 5.8668e-04 | norm: 0.5214 | dt: 2947.83ms | tok/sec: 22231.97
step  1275 | loss: 4.583456 | lr 5.8665e-04 | norm: 0.4746 | dt: 2932.19ms | tok/sec: 22350.51
step  1276 | loss: 4.552522 | lr 5.8662e-04 | norm: 0.4818 | dt: 2937.77ms | tok/sec: 22308.06
step  1277 | loss: 4.567346 | lr 5.8660e-04 | norm: 0.4886 | dt: 2934.03ms | tok/sec: 22336.54
step  1278 | loss: 4.609560 | lr 5.8657e-04 | norm: 0.6959 | dt: 2939.55ms | tok/sec: 22294.56
step  1279 | loss: 4.593853 | lr 5.8654e-04 | norm: 0.4786 | dt: 2956.87ms | tok/sec: 22164.01
step  1280 | loss: 4.520558 | lr 5.8651e-04 | norm: 0.4952 | dt: 2956.26ms | tok/sec: 22168.57
step  1281 | loss: 4.506240 | lr 5.8649e-04 | norm: 0.5109 | dt: 2947.74ms | tok/sec: 22232.63
step  1282 | loss: 4.529165 | lr 5.8646e-04 | norm: 0.5618 | dt: 2941.59ms | tok/sec: 22279.14
step  1283 | loss: 4.414094 | lr 5.8643e-04 | norm: 0.7392 | dt: 2945.34ms | tok/sec: 22250.72
step  1284 | loss: 4.433313 | lr 5.8640e-04 | norm: 0.5411 | dt: 2946.42ms | tok/sec: 22242.57
step  1285 | loss: 4.520646 | lr 5.8638e-04 | norm: 0.4543 | dt: 2942.91ms | tok/sec: 22269.13
step  1286 | loss: 4.633472 | lr 5.8635e-04 | norm: 0.4850 | dt: 2943.09ms | tok/sec: 22267.75
step  1287 | loss: 4.603095 | lr 5.8632e-04 | norm: 0.5926 | dt: 2931.38ms | tok/sec: 22356.69
step  1288 | loss: 4.559251 | lr 5.8629e-04 | norm: 0.6918 | dt: 2982.70ms | tok/sec: 21972.02
step  1289 | loss: 4.739579 | lr 5.8627e-04 | norm: 0.6715 | dt: 2944.87ms | tok/sec: 22254.28
step  1290 | loss: 4.630501 | lr 5.8624e-04 | norm: 0.5802 | dt: 2945.08ms | tok/sec: 22252.69
step  1291 | loss: 4.550238 | lr 5.8621e-04 | norm: 0.6434 | dt: 2940.41ms | tok/sec: 22288.05
step  1292 | loss: 4.610247 | lr 5.8618e-04 | norm: 0.6199 | dt: 2945.72ms | tok/sec: 22247.83
step  1293 | loss: 4.651707 | lr 5.8616e-04 | norm: 0.7078 | dt: 2949.40ms | tok/sec: 22220.12
step  1294 | loss: 4.643495 | lr 5.8613e-04 | norm: 0.5227 | dt: 2954.68ms | tok/sec: 22180.42
step  1295 | loss: 4.535172 | lr 5.8610e-04 | norm: 0.6175 | dt: 2946.04ms | tok/sec: 22245.42
step  1296 | loss: 4.505674 | lr 5.8607e-04 | norm: 0.5769 | dt: 2941.52ms | tok/sec: 22279.67
step  1297 | loss: 4.707474 | lr 5.8605e-04 | norm: 0.7296 | dt: 2948.62ms | tok/sec: 22226.01
step  1298 | loss: 4.582261 | lr 5.8602e-04 | norm: 0.6651 | dt: 2948.82ms | tok/sec: 22224.47
step  1299 | loss: 4.594633 | lr 5.8599e-04 | norm: 0.5505 | dt: 2968.88ms | tok/sec: 22074.34
step  1300 | loss: 4.533756 | lr 5.8596e-04 | norm: 0.4967 | dt: 2942.98ms | tok/sec: 22268.59
step  1301 | loss: 4.478554 | lr 5.8593e-04 | norm: 0.5196 | dt: 2961.02ms | tok/sec: 22132.89
step  1302 | loss: 4.550586 | lr 5.8591e-04 | norm: 0.5055 | dt: 2927.89ms | tok/sec: 22383.37
step  1303 | loss: 4.489383 | lr 5.8588e-04 | norm: 0.6105 | dt: 2936.35ms | tok/sec: 22318.89
step  1304 | loss: 4.520106 | lr 5.8585e-04 | norm: 0.5827 | dt: 2944.16ms | tok/sec: 22259.64
step  1305 | loss: 4.496669 | lr 5.8582e-04 | norm: 0.4900 | dt: 2940.69ms | tok/sec: 22285.96
step  1306 | loss: 4.501572 | lr 5.8580e-04 | norm: 0.5724 | dt: 2945.90ms | tok/sec: 22246.54
step  1307 | loss: 4.490138 | lr 5.8577e-04 | norm: 0.4456 | dt: 2941.14ms | tok/sec: 22282.54
step  1308 | loss: 4.495448 | lr 5.8574e-04 | norm: 0.5455 | dt: 2936.88ms | tok/sec: 22314.83
step  1309 | loss: 4.499815 | lr 5.8571e-04 | norm: 0.5024 | dt: 2979.48ms | tok/sec: 21995.79
step  1310 | loss: 4.534139 | lr 5.8568e-04 | norm: 0.5117 | dt: 2944.96ms | tok/sec: 22253.60
step  1311 | loss: 4.516002 | lr 5.8565e-04 | norm: 0.4982 | dt: 2944.63ms | tok/sec: 22256.13
step  1312 | loss: 4.296580 | lr 5.8563e-04 | norm: 0.5339 | dt: 2950.43ms | tok/sec: 22212.36
step  1313 | loss: 4.328057 | lr 5.8560e-04 | norm: 0.5704 | dt: 2949.84ms | tok/sec: 22216.81
step  1314 | loss: 4.389183 | lr 5.8557e-04 | norm: 0.4984 | dt: 2940.10ms | tok/sec: 22290.43
step  1315 | loss: 4.456016 | lr 5.8554e-04 | norm: 0.4930 | dt: 2937.27ms | tok/sec: 22311.87
step  1316 | loss: 4.532212 | lr 5.8551e-04 | norm: 0.4251 | dt: 2939.97ms | tok/sec: 22291.39
step  1317 | loss: 4.419338 | lr 5.8549e-04 | norm: 0.5900 | dt: 2944.93ms | tok/sec: 22253.83
step  1318 | loss: 4.563249 | lr 5.8546e-04 | norm: 0.4626 | dt: 2948.49ms | tok/sec: 22226.97
step  1319 | loss: 4.482209 | lr 5.8543e-04 | norm: 0.5192 | dt: 2942.66ms | tok/sec: 22271.01
step  1320 | loss: 4.556999 | lr 5.8540e-04 | norm: 0.4618 | dt: 2952.70ms | tok/sec: 22195.25
step  1321 | loss: 4.491117 | lr 5.8537e-04 | norm: 0.5699 | dt: 2954.21ms | tok/sec: 22183.96
step  1322 | loss: 4.481575 | lr 5.8534e-04 | norm: 0.4603 | dt: 2946.01ms | tok/sec: 22245.64
step  1323 | loss: 4.374240 | lr 5.8532e-04 | norm: 0.5037 | dt: 2944.65ms | tok/sec: 22255.95
step  1324 | loss: 4.558959 | lr 5.8529e-04 | norm: 0.4848 | dt: 2947.51ms | tok/sec: 22234.36
step  1325 | loss: 4.562485 | lr 5.8526e-04 | norm: 0.5660 | dt: 2940.79ms | tok/sec: 22285.15
step  1326 | loss: 4.485544 | lr 5.8523e-04 | norm: 0.5212 | dt: 2945.27ms | tok/sec: 22251.27
step  1327 | loss: 4.459882 | lr 5.8520e-04 | norm: 0.5430 | dt: 2945.61ms | tok/sec: 22248.74
step  1328 | loss: 4.391811 | lr 5.8517e-04 | norm: 0.4901 | dt: 2943.85ms | tok/sec: 22262.03
step  1329 | loss: 4.516550 | lr 5.8514e-04 | norm: 0.5042 | dt: 2978.09ms | tok/sec: 22006.03
step  1330 | loss: 4.411287 | lr 5.8512e-04 | norm: 0.5145 | dt: 2941.56ms | tok/sec: 22279.34
step  1331 | loss: 4.579565 | lr 5.8509e-04 | norm: 0.5532 | dt: 2943.23ms | tok/sec: 22266.67
step  1332 | loss: 4.410585 | lr 5.8506e-04 | norm: 0.6036 | dt: 2939.04ms | tok/sec: 22298.43
step  1333 | loss: 4.491905 | lr 5.8503e-04 | norm: 0.8086 | dt: 2942.09ms | tok/sec: 22275.36
step  1334 | loss: 4.419657 | lr 5.8500e-04 | norm: 1.3342 | dt: 2929.33ms | tok/sec: 22372.31
step  1335 | loss: 4.454431 | lr 5.8497e-04 | norm: 0.8465 | dt: 2942.32ms | tok/sec: 22273.59
step  1336 | loss: 4.610024 | lr 5.8494e-04 | norm: 0.6437 | dt: 2937.31ms | tok/sec: 22311.60
step  1337 | loss: 4.530332 | lr 5.8491e-04 | norm: 0.5819 | dt: 2951.01ms | tok/sec: 22208.00
step  1338 | loss: 4.416821 | lr 5.8489e-04 | norm: 0.5485 | dt: 2944.09ms | tok/sec: 22260.19
step  1339 | loss: 4.484700 | lr 5.8486e-04 | norm: 0.5425 | dt: 2946.37ms | tok/sec: 22242.95
step  1340 | loss: 4.601570 | lr 5.8483e-04 | norm: 0.5239 | dt: 2959.06ms | tok/sec: 22147.55
step  1341 | loss: 4.506588 | lr 5.8480e-04 | norm: 0.5206 | dt: 2970.02ms | tok/sec: 22065.83
step  1342 | loss: 4.436820 | lr 5.8477e-04 | norm: 0.4888 | dt: 2944.22ms | tok/sec: 22259.23
step  1343 | loss: 4.496509 | lr 5.8474e-04 | norm: 0.5086 | dt: 2947.69ms | tok/sec: 22233.00
step  1344 | loss: 4.548652 | lr 5.8471e-04 | norm: 0.4989 | dt: 2950.11ms | tok/sec: 22214.74
step  1345 | loss: 4.505979 | lr 5.8468e-04 | norm: 0.4992 | dt: 2940.41ms | tok/sec: 22288.08
step  1346 | loss: 4.492483 | lr 5.8465e-04 | norm: 0.5525 | dt: 2928.67ms | tok/sec: 22377.42
step  1347 | loss: 4.607522 | lr 5.8462e-04 | norm: 0.5141 | dt: 2948.80ms | tok/sec: 22224.63
step  1348 | loss: 4.363350 | lr 5.8460e-04 | norm: 0.5108 | dt: 2946.85ms | tok/sec: 22239.32
step  1349 | loss: 4.704453 | lr 5.8457e-04 | norm: 0.5012 | dt: 2977.95ms | tok/sec: 22007.06
step  1350 | loss: 4.403319 | lr 5.8454e-04 | norm: 0.5118 | dt: 2946.11ms | tok/sec: 22244.92
step  1351 | loss: 4.492117 | lr 5.8451e-04 | norm: 0.6934 | dt: 2941.36ms | tok/sec: 22280.87
step  1352 | loss: 4.413540 | lr 5.8448e-04 | norm: 0.5645 | dt: 2950.00ms | tok/sec: 22215.61
step  1353 | loss: 4.390860 | lr 5.8445e-04 | norm: 0.5827 | dt: 2941.43ms | tok/sec: 22280.32
step  1354 | loss: 4.479575 | lr 5.8442e-04 | norm: 0.6440 | dt: 2940.36ms | tok/sec: 22288.41
step  1355 | loss: 4.589076 | lr 5.8439e-04 | norm: 0.5536 | dt: 2942.30ms | tok/sec: 22273.71
step  1356 | loss: 4.396989 | lr 5.8436e-04 | norm: 0.5155 | dt: 2938.27ms | tok/sec: 22304.31
step  1357 | loss: 4.453238 | lr 5.8433e-04 | norm: 0.5422 | dt: 2938.78ms | tok/sec: 22300.41
step  1358 | loss: 4.380310 | lr 5.8430e-04 | norm: 0.5104 | dt: 2940.38ms | tok/sec: 22288.28
step  1359 | loss: 4.451608 | lr 5.8427e-04 | norm: 0.6374 | dt: 2946.65ms | tok/sec: 22240.88
step  1360 | loss: 4.447607 | lr 5.8424e-04 | norm: 0.5879 | dt: 2955.48ms | tok/sec: 22174.43
step  1361 | loss: 4.383105 | lr 5.8422e-04 | norm: 0.4769 | dt: 2936.58ms | tok/sec: 22317.12
step  1362 | loss: 4.485719 | lr 5.8419e-04 | norm: 0.5082 | dt: 2964.04ms | tok/sec: 22110.35
step  1363 | loss: 4.450277 | lr 5.8416e-04 | norm: 0.4713 | dt: 2943.90ms | tok/sec: 22261.64
step  1364 | loss: 4.525516 | lr 5.8413e-04 | norm: 0.5692 | dt: 2933.97ms | tok/sec: 22336.98
step  1365 | loss: 4.381651 | lr 5.8410e-04 | norm: 0.5610 | dt: 2934.24ms | tok/sec: 22334.90
step  1366 | loss: 4.394446 | lr 5.8407e-04 | norm: 0.5064 | dt: 2938.45ms | tok/sec: 22302.91
step  1367 | loss: 4.351810 | lr 5.8404e-04 | norm: 0.5972 | dt: 2939.86ms | tok/sec: 22292.21
step  1368 | loss: 4.442554 | lr 5.8401e-04 | norm: 0.4870 | dt: 2943.21ms | tok/sec: 22266.83
step  1369 | loss: 4.306068 | lr 5.8398e-04 | norm: 0.4946 | dt: 2944.76ms | tok/sec: 22255.10
step  1370 | loss: 4.529741 | lr 5.8395e-04 | norm: 0.5017 | dt: 2971.05ms | tok/sec: 22058.17
step  1371 | loss: 4.368771 | lr 5.8392e-04 | norm: 0.4737 | dt: 2934.18ms | tok/sec: 22335.38
step  1372 | loss: 4.450768 | lr 5.8389e-04 | norm: 0.4837 | dt: 2946.32ms | tok/sec: 22243.34
step  1373 | loss: 4.489327 | lr 5.8386e-04 | norm: 0.5090 | dt: 2950.37ms | tok/sec: 22212.81
step  1374 | loss: 4.520884 | lr 5.8383e-04 | norm: 0.4900 | dt: 2946.61ms | tok/sec: 22241.14
step  1375 | loss: 4.468687 | lr 5.8380e-04 | norm: 0.5193 | dt: 2947.07ms | tok/sec: 22237.70
step  1376 | loss: 4.370889 | lr 5.8377e-04 | norm: 0.4453 | dt: 2942.41ms | tok/sec: 22272.90
step  1377 | loss: 4.313611 | lr 5.8374e-04 | norm: 0.6144 | dt: 2949.63ms | tok/sec: 22218.41
step  1378 | loss: 4.367338 | lr 5.8371e-04 | norm: 0.6852 | dt: 2942.06ms | tok/sec: 22275.55
step  1379 | loss: 4.369510 | lr 5.8368e-04 | norm: 0.4963 | dt: 2943.47ms | tok/sec: 22264.86
step  1380 | loss: 4.338013 | lr 5.8365e-04 | norm: 0.5605 | dt: 2952.55ms | tok/sec: 22196.41
step  1381 | loss: 4.367067 | lr 5.8362e-04 | norm: 0.5814 | dt: 2957.97ms | tok/sec: 22155.77
step  1382 | loss: 4.463292 | lr 5.8359e-04 | norm: 0.5857 | dt: 2960.14ms | tok/sec: 22139.53
step  1383 | loss: 4.526159 | lr 5.8356e-04 | norm: 0.4580 | dt: 2947.80ms | tok/sec: 22232.20
step  1384 | loss: 4.486383 | lr 5.8353e-04 | norm: 0.5536 | dt: 2942.31ms | tok/sec: 22273.64
step  1385 | loss: 4.375155 | lr 5.8350e-04 | norm: 0.4680 | dt: 2943.28ms | tok/sec: 22266.35
step  1386 | loss: 4.394162 | lr 5.8347e-04 | norm: 0.5034 | dt: 2958.02ms | tok/sec: 22155.36
step  1387 | loss: 4.551076 | lr 5.8344e-04 | norm: 0.5009 | dt: 2941.30ms | tok/sec: 22281.32
step  1388 | loss: 4.329657 | lr 5.8341e-04 | norm: 0.5551 | dt: 2941.80ms | tok/sec: 22277.50
step  1389 | loss: 4.359186 | lr 5.8338e-04 | norm: 0.5278 | dt: 2942.68ms | tok/sec: 22270.89
step  1390 | loss: 4.443337 | lr 5.8335e-04 | norm: 0.4869 | dt: 2982.91ms | tok/sec: 21970.50
step  1391 | loss: 4.315278 | lr 5.8332e-04 | norm: 0.6468 | dt: 2931.46ms | tok/sec: 22356.08
step  1392 | loss: 4.323801 | lr 5.8329e-04 | norm: 0.5673 | dt: 2947.51ms | tok/sec: 22234.36
step  1393 | loss: 4.270238 | lr 5.8326e-04 | norm: 0.5165 | dt: 2943.01ms | tok/sec: 22268.34
step  1394 | loss: 4.279024 | lr 5.8323e-04 | norm: 0.5324 | dt: 2948.12ms | tok/sec: 22229.75
step  1395 | loss: 4.320627 | lr 5.8320e-04 | norm: 0.5829 | dt: 2945.61ms | tok/sec: 22248.68
step  1396 | loss: 4.485839 | lr 5.8317e-04 | norm: 0.5253 | dt: 2940.56ms | tok/sec: 22286.91
step  1397 | loss: 4.393547 | lr 5.8314e-04 | norm: 0.5303 | dt: 2941.17ms | tok/sec: 22282.29
step  1398 | loss: 4.286080 | lr 5.8311e-04 | norm: 0.4998 | dt: 2940.72ms | tok/sec: 22285.68
step  1399 | loss: 4.404759 | lr 5.8308e-04 | norm: 0.5675 | dt: 2952.43ms | tok/sec: 22197.31
step  1400 | loss: 4.321467 | lr 5.8305e-04 | norm: 0.4687 | dt: 2945.57ms | tok/sec: 22249.01
step  1401 | loss: 4.315336 | lr 5.8302e-04 | norm: 0.5882 | dt: 2961.52ms | tok/sec: 22129.14
step  1402 | loss: 4.370711 | lr 5.8298e-04 | norm: 0.4996 | dt: 2966.16ms | tok/sec: 22094.53
step  1403 | loss: 4.455945 | lr 5.8295e-04 | norm: 0.8176 | dt: 2938.54ms | tok/sec: 22302.19
step  1404 | loss: 4.296824 | lr 5.8292e-04 | norm: 0.4956 | dt: 2938.26ms | tok/sec: 22304.33
step  1405 | loss: 4.320408 | lr 5.8289e-04 | norm: 0.6055 | dt: 2938.80ms | tok/sec: 22300.28
step  1406 | loss: 4.376849 | lr 5.8286e-04 | norm: 0.7065 | dt: 2940.82ms | tok/sec: 22284.92
step  1407 | loss: 4.402731 | lr 5.8283e-04 | norm: 0.5376 | dt: 2938.06ms | tok/sec: 22305.85
step  1408 | loss: 4.380560 | lr 5.8280e-04 | norm: 0.5940 | dt: 2945.19ms | tok/sec: 22251.88
step  1409 | loss: 4.229970 | lr 5.8277e-04 | norm: 0.5034 | dt: 2948.01ms | tok/sec: 22230.56
step  1410 | loss: 4.407485 | lr 5.8274e-04 | norm: 0.4944 | dt: 2981.86ms | tok/sec: 21978.24
step  1411 | loss: 4.370537 | lr 5.8271e-04 | norm: 0.5351 | dt: 2943.73ms | tok/sec: 22262.92
step  1412 | loss: 4.221510 | lr 5.8268e-04 | norm: 0.5761 | dt: 2945.50ms | tok/sec: 22249.50
step  1413 | loss: 4.369141 | lr 5.8265e-04 | norm: 0.6448 | dt: 2938.90ms | tok/sec: 22299.50
step  1414 | loss: 4.324381 | lr 5.8262e-04 | norm: 0.5014 | dt: 2944.67ms | tok/sec: 22255.83
step  1415 | loss: 4.367266 | lr 5.8259e-04 | norm: 0.5252 | dt: 2940.00ms | tok/sec: 22291.18
step  1416 | loss: 4.408401 | lr 5.8255e-04 | norm: 0.5463 | dt: 2943.11ms | tok/sec: 22267.63
step  1417 | loss: 4.374870 | lr 5.8252e-04 | norm: 0.5173 | dt: 2942.75ms | tok/sec: 22270.31
step  1418 | loss: 4.309007 | lr 5.8249e-04 | norm: 0.4377 | dt: 2944.85ms | tok/sec: 22254.48
step  1419 | loss: 4.418035 | lr 5.8246e-04 | norm: 0.5425 | dt: 2938.46ms | tok/sec: 22302.81
step  1420 | loss: 4.572585 | lr 5.8243e-04 | norm: 0.5758 | dt: 2945.80ms | tok/sec: 22247.28
step  1421 | loss: 4.438762 | lr 5.8240e-04 | norm: 0.6299 | dt: 2957.22ms | tok/sec: 22161.34
step  1422 | loss: 4.465855 | lr 5.8237e-04 | norm: 0.5832 | dt: 2932.31ms | tok/sec: 22349.59
step  1423 | loss: 4.371739 | lr 5.8234e-04 | norm: 0.5912 | dt: 2962.02ms | tok/sec: 22125.45
step  1424 | loss: 4.293011 | lr 5.8231e-04 | norm: 0.5203 | dt: 2943.89ms | tok/sec: 22261.72
step  1425 | loss: 4.450826 | lr 5.8228e-04 | norm: 0.6979 | dt: 2940.70ms | tok/sec: 22285.89
step  1426 | loss: 4.343377 | lr 5.8224e-04 | norm: 0.5755 | dt: 2951.82ms | tok/sec: 22201.86
step  1427 | loss: 4.287511 | lr 5.8221e-04 | norm: 0.5330 | dt: 2928.37ms | tok/sec: 22379.67
step  1428 | loss: 4.341960 | lr 5.8218e-04 | norm: 0.5176 | dt: 2940.76ms | tok/sec: 22285.41
step  1429 | loss: 4.287286 | lr 5.8215e-04 | norm: 0.4932 | dt: 2934.42ms | tok/sec: 22333.55
step  1430 | loss: 4.369363 | lr 5.8212e-04 | norm: 0.4890 | dt: 2944.67ms | tok/sec: 22255.79
step  1431 | loss: 4.258790 | lr 5.8209e-04 | norm: 0.4948 | dt: 2979.36ms | tok/sec: 21996.70
step  1432 | loss: 4.253362 | lr 5.8206e-04 | norm: 0.4621 | dt: 2941.34ms | tok/sec: 22281.03
step  1433 | loss: 4.371469 | lr 5.8202e-04 | norm: 0.5330 | dt: 2953.62ms | tok/sec: 22188.40
step  1434 | loss: 4.235554 | lr 5.8199e-04 | norm: 0.4667 | dt: 2951.19ms | tok/sec: 22206.66
step  1435 | loss: 4.295816 | lr 5.8196e-04 | norm: 0.5037 | dt: 2940.79ms | tok/sec: 22285.16
step  1436 | loss: 4.252597 | lr 5.8193e-04 | norm: 0.4934 | dt: 2946.26ms | tok/sec: 22243.79
step  1437 | loss: 4.363653 | lr 5.8190e-04 | norm: 0.5105 | dt: 2943.41ms | tok/sec: 22265.32
step  1438 | loss: 4.347373 | lr 5.8187e-04 | norm: 0.5104 | dt: 2971.31ms | tok/sec: 22056.28
step  1439 | loss: 4.184525 | lr 5.8184e-04 | norm: 0.5367 | dt: 2944.98ms | tok/sec: 22253.46
step  1440 | loss: 4.278843 | lr 5.8180e-04 | norm: 0.4778 | dt: 2951.62ms | tok/sec: 22203.37
step  1441 | loss: 4.238199 | lr 5.8177e-04 | norm: 0.4766 | dt: 2946.29ms | tok/sec: 22243.60
step  1442 | loss: 4.161245 | lr 5.8174e-04 | norm: 0.4476 | dt: 2962.93ms | tok/sec: 22118.64
step  1443 | loss: 4.166474 | lr 5.8171e-04 | norm: 0.4579 | dt: 2951.70ms | tok/sec: 22202.81
step  1444 | loss: 4.299053 | lr 5.8168e-04 | norm: 0.4464 | dt: 2951.57ms | tok/sec: 22203.81
step  1445 | loss: 4.216837 | lr 5.8165e-04 | norm: 0.5013 | dt: 2947.97ms | tok/sec: 22230.85
step  1446 | loss: 4.270412 | lr 5.8161e-04 | norm: 0.5115 | dt: 2946.65ms | tok/sec: 22240.87
step  1447 | loss: 4.397574 | lr 5.8158e-04 | norm: 0.5845 | dt: 2947.94ms | tok/sec: 22231.13
step  1448 | loss: 4.309102 | lr 5.8155e-04 | norm: 0.5575 | dt: 2943.50ms | tok/sec: 22264.62
step  1449 | loss: 4.296795 | lr 5.8152e-04 | norm: 0.5118 | dt: 2950.63ms | tok/sec: 22210.83
step  1450 | loss: 4.326352 | lr 5.8149e-04 | norm: 0.5273 | dt: 2953.11ms | tok/sec: 22192.23
step  1451 | loss: 4.279579 | lr 5.8146e-04 | norm: 0.5776 | dt: 2981.07ms | tok/sec: 21984.02
step  1452 | loss: 4.442357 | lr 5.8142e-04 | norm: 0.5428 | dt: 2946.83ms | tok/sec: 22239.53
step  1453 | loss: 4.201804 | lr 5.8139e-04 | norm: 0.6015 | dt: 2955.14ms | tok/sec: 22176.99
step  1454 | loss: 4.266901 | lr 5.8136e-04 | norm: 0.5727 | dt: 2946.61ms | tok/sec: 22241.17
step  1455 | loss: 4.303139 | lr 5.8133e-04 | norm: 0.5111 | dt: 2934.90ms | tok/sec: 22329.90
step  1456 | loss: 4.382406 | lr 5.8130e-04 | norm: 0.5547 | dt: 2953.97ms | tok/sec: 22185.70
step  1457 | loss: 4.333979 | lr 5.8126e-04 | norm: 0.4947 | dt: 2946.44ms | tok/sec: 22242.46
step  1458 | loss: 4.291667 | lr 5.8123e-04 | norm: 0.5301 | dt: 2951.50ms | tok/sec: 22204.31
step  1459 | loss: 4.339342 | lr 5.8120e-04 | norm: 0.5524 | dt: 2951.16ms | tok/sec: 22206.85
step  1460 | loss: 4.268757 | lr 5.8117e-04 | norm: 0.4730 | dt: 2942.31ms | tok/sec: 22273.67
step  1461 | loss: 4.326823 | lr 5.8114e-04 | norm: 0.4636 | dt: 2951.18ms | tok/sec: 22206.69
step  1462 | loss: 4.240748 | lr 5.8110e-04 | norm: 0.4522 | dt: 2962.04ms | tok/sec: 22125.31
step  1463 | loss: 4.449989 | lr 5.8107e-04 | norm: 0.5366 | dt: 2942.39ms | tok/sec: 22273.08
step  1464 | loss: 4.237284 | lr 5.8104e-04 | norm: 0.5144 | dt: 2949.89ms | tok/sec: 22216.43
step  1465 | loss: 4.270703 | lr 5.8101e-04 | norm: 0.4835 | dt: 2945.79ms | tok/sec: 22247.35
step  1466 | loss: 4.369132 | lr 5.8098e-04 | norm: 0.5598 | dt: 2947.28ms | tok/sec: 22236.08
step  1467 | loss: 4.316517 | lr 5.8094e-04 | norm: 0.5203 | dt: 2944.03ms | tok/sec: 22260.67
step  1468 | loss: 4.369876 | lr 5.8091e-04 | norm: 0.5561 | dt: 2944.64ms | tok/sec: 22256.02
step  1469 | loss: 4.320592 | lr 5.8088e-04 | norm: 0.5415 | dt: 2946.30ms | tok/sec: 22243.53
step  1470 | loss: 4.323164 | lr 5.8085e-04 | norm: 0.5702 | dt: 2943.15ms | tok/sec: 22267.33
step  1471 | loss: 4.355009 | lr 5.8081e-04 | norm: 0.5317 | dt: 2946.50ms | tok/sec: 22241.97
step  1472 | loss: 4.501022 | lr 5.8078e-04 | norm: 0.5493 | dt: 2980.73ms | tok/sec: 21986.53
step  1473 | loss: 4.293820 | lr 5.8075e-04 | norm: 0.5966 | dt: 2963.65ms | tok/sec: 22113.24
step  1474 | loss: 4.304931 | lr 5.8072e-04 | norm: 0.5271 | dt: 2944.89ms | tok/sec: 22254.14
step  1475 | loss: 4.284088 | lr 5.8068e-04 | norm: 0.5421 | dt: 2941.59ms | tok/sec: 22279.13
step  1476 | loss: 4.375742 | lr 5.8065e-04 | norm: 0.5268 | dt: 2938.83ms | tok/sec: 22300.05
step  1477 | loss: 4.303079 | lr 5.8062e-04 | norm: 0.5165 | dt: 2942.56ms | tok/sec: 22271.74
step  1478 | loss: 4.251611 | lr 5.8059e-04 | norm: 0.5688 | dt: 2942.38ms | tok/sec: 22273.12
step  1479 | loss: 4.237062 | lr 5.8055e-04 | norm: 0.5040 | dt: 2956.16ms | tok/sec: 22169.32
step  1480 | loss: 4.384769 | lr 5.8052e-04 | norm: 0.5711 | dt: 2948.98ms | tok/sec: 22223.25
step  1481 | loss: 4.292899 | lr 5.8049e-04 | norm: 0.5956 | dt: 2941.99ms | tok/sec: 22276.07
step  1482 | loss: 4.457429 | lr 5.8046e-04 | norm: 0.5969 | dt: 2967.52ms | tok/sec: 22084.46
step  1483 | loss: 4.500015 | lr 5.8042e-04 | norm: 0.5196 | dt: 2944.43ms | tok/sec: 22257.64
step  1484 | loss: 4.590984 | lr 5.8039e-04 | norm: 0.6376 | dt: 2935.92ms | tok/sec: 22322.17
step  1485 | loss: 4.335752 | lr 5.8036e-04 | norm: 0.5235 | dt: 2945.93ms | tok/sec: 22246.32
step  1486 | loss: 4.523925 | lr 5.8033e-04 | norm: 0.6398 | dt: 2944.21ms | tok/sec: 22259.31
step  1487 | loss: 4.292485 | lr 5.8029e-04 | norm: 0.6261 | dt: 2941.49ms | tok/sec: 22279.84
step  1488 | loss: 4.441989 | lr 5.8026e-04 | norm: 0.6204 | dt: 2952.41ms | tok/sec: 22197.46
step  1489 | loss: 4.428784 | lr 5.8023e-04 | norm: 0.5275 | dt: 2939.46ms | tok/sec: 22295.23
step  1490 | loss: 4.459227 | lr 5.8019e-04 | norm: 0.5673 | dt: 2935.59ms | tok/sec: 22324.62
step  1491 | loss: 4.452328 | lr 5.8016e-04 | norm: 0.4637 | dt: 2936.19ms | tok/sec: 22320.06
step  1492 | loss: 4.599217 | lr 5.8013e-04 | norm: 0.5584 | dt: 2997.73ms | tok/sec: 21861.86
step  1493 | loss: 4.378801 | lr 5.8010e-04 | norm: 0.4802 | dt: 2945.08ms | tok/sec: 22252.74
step  1494 | loss: 4.564224 | lr 5.8006e-04 | norm: 0.4811 | dt: 2942.29ms | tok/sec: 22273.84
step  1495 | loss: 4.422369 | lr 5.8003e-04 | norm: 0.5003 | dt: 2939.27ms | tok/sec: 22296.68
step  1496 | loss: 4.474648 | lr 5.8000e-04 | norm: 0.4399 | dt: 2954.12ms | tok/sec: 22184.62
step  1497 | loss: 4.430460 | lr 5.7996e-04 | norm: 0.5766 | dt: 2941.90ms | tok/sec: 22276.73
step  1498 | loss: 4.478114 | lr 5.7993e-04 | norm: 0.5393 | dt: 2942.51ms | tok/sec: 22272.12
step  1499 | loss: 4.357215 | lr 5.7990e-04 | norm: 0.5307 | dt: 2971.49ms | tok/sec: 22054.96
validation loss: 4.3987
HellaSwag accuracy: 2519/10042=0.2508
rank 0 sample 0: Hello, I'm a language model, and I'm a good, because in short, I'm not to define that. In the middle class I'm in
rank 0 sample 1: Hello, I'm a language model, but most of the English language. English is also sometimes found on the board or the other group, from a public school
rank 0 sample 2: Hello, I'm a language model, but I really not familiar with the group. There is a few lines.
There are a few lines. The differences
rank 0 sample 3: Hello, I'm a language model, and how to define a language model to define both the language and the language, (1-2) and how,
step  1500 | loss: 4.555964 | lr 5.7986e-04 | norm: 0.4983 | dt: 106625.23ms | tok/sec: 614.64
step  1501 | loss: 4.588587 | lr 5.7983e-04 | norm: 0.5106 | dt: 2939.80ms | tok/sec: 22292.64
step  1502 | loss: 4.492215 | lr 5.7980e-04 | norm: 0.5849 | dt: 2952.87ms | tok/sec: 22194.03
step  1503 | loss: 4.463263 | lr 5.7976e-04 | norm: 0.4690 | dt: 2946.74ms | tok/sec: 22240.14
step  1504 | loss: 4.273372 | lr 5.7973e-04 | norm: 0.5188 | dt: 2943.14ms | tok/sec: 22267.39
step  1505 | loss: 4.384251 | lr 5.7970e-04 | norm: 0.4989 | dt: 2963.25ms | tok/sec: 22116.25
step  1506 | loss: 4.497278 | lr 5.7966e-04 | norm: 0.4764 | dt: 2935.87ms | tok/sec: 22322.54
step  1507 | loss: 4.370320 | lr 5.7963e-04 | norm: 0.5571 | dt: 2940.12ms | tok/sec: 22290.24
step  1508 | loss: 4.382565 | lr 5.7960e-04 | norm: 0.4792 | dt: 2960.19ms | tok/sec: 22139.10
step  1509 | loss: 4.469851 | lr 5.7956e-04 | norm: 0.5945 | dt: 2939.88ms | tok/sec: 22292.07
step  1510 | loss: 4.542187 | lr 5.7953e-04 | norm: 0.5833 | dt: 2935.03ms | tok/sec: 22328.94
step  1511 | loss: 4.496748 | lr 5.7950e-04 | norm: 0.4742 | dt: 2944.34ms | tok/sec: 22258.32
step  1512 | loss: 4.488043 | lr 5.7946e-04 | norm: 0.4679 | dt: 2943.87ms | tok/sec: 22261.84
step  1513 | loss: 4.354530 | lr 5.7943e-04 | norm: 0.4663 | dt: 2939.40ms | tok/sec: 22295.68
step  1514 | loss: 4.481196 | lr 5.7940e-04 | norm: 0.4597 | dt: 2945.22ms | tok/sec: 22251.67
step  1515 | loss: 4.449529 | lr 5.7936e-04 | norm: 0.4643 | dt: 2931.75ms | tok/sec: 22353.87
step  1516 | loss: 4.424855 | lr 5.7933e-04 | norm: 0.4612 | dt: 2941.55ms | tok/sec: 22279.44
step  1517 | loss: 4.443605 | lr 5.7930e-04 | norm: 0.5775 | dt: 2934.97ms | tok/sec: 22329.37
step  1518 | loss: 4.429144 | lr 5.7926e-04 | norm: 0.5311 | dt: 2975.18ms | tok/sec: 22027.56
step  1519 | loss: 4.548715 | lr 5.7923e-04 | norm: 0.4641 | dt: 2945.25ms | tok/sec: 22251.44
step  1520 | loss: 4.490081 | lr 5.7920e-04 | norm: 0.5079 | dt: 2936.50ms | tok/sec: 22317.74
step  1521 | loss: 4.502619 | lr 5.7916e-04 | norm: 0.5907 | dt: 2947.64ms | tok/sec: 22233.41
step  1522 | loss: 4.572700 | lr 5.7913e-04 | norm: 0.5858 | dt: 2942.81ms | tok/sec: 22269.89
step  1523 | loss: 4.520034 | lr 5.7909e-04 | norm: 0.5253 | dt: 2937.82ms | tok/sec: 22307.70
step  1524 | loss: 4.480319 | lr 5.7906e-04 | norm: 0.5255 | dt: 2940.49ms | tok/sec: 22287.41
step  1525 | loss: 4.437518 | lr 5.7903e-04 | norm: 0.4854 | dt: 5153.00ms | tok/sec: 12718.02
step  1526 | loss: 4.573601 | lr 5.7899e-04 | norm: 0.5545 | dt: 2936.69ms | tok/sec: 22316.31
step  1527 | loss: 4.459017 | lr 5.7896e-04 | norm: 0.5370 | dt: 2944.20ms | tok/sec: 22259.33
step  1528 | loss: 4.341563 | lr 5.7893e-04 | norm: 0.5874 | dt: 2956.73ms | tok/sec: 22165.06
step  1529 | loss: 4.454520 | lr 5.7889e-04 | norm: 0.5803 | dt: 2946.47ms | tok/sec: 22242.19
step  1530 | loss: 4.327940 | lr 5.7886e-04 | norm: 0.7835 | dt: 2940.13ms | tok/sec: 22290.19
step  1531 | loss: 4.410852 | lr 5.7882e-04 | norm: 0.6852 | dt: 2941.97ms | tok/sec: 22276.24
step  1532 | loss: 4.347855 | lr 5.7879e-04 | norm: 0.5268 | dt: 2953.69ms | tok/sec: 22187.85
step  1533 | loss: 4.389300 | lr 5.7876e-04 | norm: 0.5587 | dt: 2947.04ms | tok/sec: 22237.92
step  1534 | loss: 4.512455 | lr 5.7872e-04 | norm: 0.5154 | dt: 2941.10ms | tok/sec: 22282.79
step  1535 | loss: 4.501316 | lr 5.7869e-04 | norm: 0.5841 | dt: 2939.33ms | tok/sec: 22296.23
step  1536 | loss: 4.609233 | lr 5.7865e-04 | norm: 0.5284 | dt: 2943.65ms | tok/sec: 22263.53
step  1537 | loss: 4.543240 | lr 5.7862e-04 | norm: 0.5891 | dt: 2980.09ms | tok/sec: 21991.25
step  1538 | loss: 4.489219 | lr 5.7859e-04 | norm: 0.5171 | dt: 2943.17ms | tok/sec: 22267.13
step  1539 | loss: 4.522670 | lr 5.7855e-04 | norm: 0.6045 | dt: 2951.33ms | tok/sec: 22205.59
step  1540 | loss: 4.365620 | lr 5.7852e-04 | norm: 0.5297 | dt: 2954.09ms | tok/sec: 22184.83
step  1541 | loss: 4.520787 | lr 5.7848e-04 | norm: 0.5427 | dt: 2945.48ms | tok/sec: 22249.69
step  1542 | loss: 4.443125 | lr 5.7845e-04 | norm: 0.5366 | dt: 2946.94ms | tok/sec: 22238.63
step  1543 | loss: 4.447561 | lr 5.7841e-04 | norm: 0.5609 | dt: 2936.00ms | tok/sec: 22321.54
step  1544 | loss: 4.417120 | lr 5.7838e-04 | norm: 0.5172 | dt: 2945.31ms | tok/sec: 22250.96
step  1545 | loss: 4.413449 | lr 5.7835e-04 | norm: 0.5407 | dt: 2973.22ms | tok/sec: 22042.10
step  1546 | loss: 4.473767 | lr 5.7831e-04 | norm: 0.4984 | dt: 2942.38ms | tok/sec: 22273.11
step  1547 | loss: 4.447629 | lr 5.7828e-04 | norm: 0.5973 | dt: 2947.22ms | tok/sec: 22236.54
step  1548 | loss: 4.179105 | lr 5.7824e-04 | norm: 0.5844 | dt: 2962.95ms | tok/sec: 22118.50
step  1549 | loss: 4.407289 | lr 5.7821e-04 | norm: 0.5523 | dt: 2945.38ms | tok/sec: 22250.44
step  1550 | loss: 4.410487 | lr 5.7817e-04 | norm: 0.6319 | dt: 2938.53ms | tok/sec: 22302.34
step  1551 | loss: 4.458792 | lr 5.7814e-04 | norm: 0.5241 | dt: 2944.69ms | tok/sec: 22255.67
step  1552 | loss: 4.422231 | lr 5.7811e-04 | norm: 0.5701 | dt: 2941.83ms | tok/sec: 22277.31
step  1553 | loss: 4.296579 | lr 5.7807e-04 | norm: 0.5809 | dt: 2944.12ms | tok/sec: 22259.95
step  1554 | loss: 4.396496 | lr 5.7804e-04 | norm: 0.6224 | dt: 2941.71ms | tok/sec: 22278.17
step  1555 | loss: 4.407817 | lr 5.7800e-04 | norm: 0.5531 | dt: 2949.58ms | tok/sec: 22218.75
step  1556 | loss: 4.310323 | lr 5.7797e-04 | norm: 0.4915 | dt: 2937.41ms | tok/sec: 22310.84
step  1557 | loss: 4.475719 | lr 5.7793e-04 | norm: 0.5270 | dt: 2937.07ms | tok/sec: 22313.39
step  1558 | loss: 4.361681 | lr 5.7790e-04 | norm: 0.4422 | dt: 2963.49ms | tok/sec: 22114.48
step  1559 | loss: 4.630725 | lr 5.7786e-04 | norm: 0.5763 | dt: 2950.48ms | tok/sec: 22212.01
step  1560 | loss: 4.407244 | lr 5.7783e-04 | norm: 0.5324 | dt: 2939.31ms | tok/sec: 22296.37
step  1561 | loss: 4.362964 | lr 5.7779e-04 | norm: 0.5962 | dt: 2945.83ms | tok/sec: 22247.04
step  1562 | loss: 4.496716 | lr 5.7776e-04 | norm: 0.6215 | dt: 2945.03ms | tok/sec: 22253.12
step  1563 | loss: 4.436668 | lr 5.7772e-04 | norm: 0.5660 | dt: 2940.11ms | tok/sec: 22290.32
step  1564 | loss: 4.466314 | lr 5.7769e-04 | norm: 0.5548 | dt: 2952.42ms | tok/sec: 22197.40
step  1565 | loss: 4.501741 | lr 5.7765e-04 | norm: 0.5256 | dt: 2970.16ms | tok/sec: 22064.80
step  1566 | loss: 4.434627 | lr 5.7762e-04 | norm: 0.6375 | dt: 2950.77ms | tok/sec: 22209.76
step  1567 | loss: 4.345066 | lr 5.7758e-04 | norm: 0.5525 | dt: 2945.09ms | tok/sec: 22252.62
step  1568 | loss: 4.412108 | lr 5.7755e-04 | norm: 0.5485 | dt: 2935.72ms | tok/sec: 22323.65
step  1569 | loss: 4.295720 | lr 5.7752e-04 | norm: 0.4628 | dt: 2947.16ms | tok/sec: 22237.00
step  1570 | loss: 4.292140 | lr 5.7748e-04 | norm: 0.4858 | dt: 2942.31ms | tok/sec: 22273.66
step  1571 | loss: 4.489037 | lr 5.7745e-04 | norm: 0.4836 | dt: 2942.34ms | tok/sec: 22273.42
step  1572 | loss: 4.343231 | lr 5.7741e-04 | norm: 0.4785 | dt: 2951.23ms | tok/sec: 22206.37
step  1573 | loss: 4.339091 | lr 5.7738e-04 | norm: 0.4164 | dt: 2942.28ms | tok/sec: 22273.90
step  1574 | loss: 4.354341 | lr 5.7734e-04 | norm: 0.4895 | dt: 2940.69ms | tok/sec: 22285.92
step  1575 | loss: 4.363717 | lr 5.7730e-04 | norm: 0.4922 | dt: 2943.32ms | tok/sec: 22266.04
step  1576 | loss: 4.348545 | lr 5.7727e-04 | norm: 0.4482 | dt: 2947.54ms | tok/sec: 22234.13
step  1577 | loss: 4.562079 | lr 5.7723e-04 | norm: 0.5605 | dt: 2933.49ms | tok/sec: 22340.63
step  1578 | loss: 4.366915 | lr 5.7720e-04 | norm: 0.4169 | dt: 2959.70ms | tok/sec: 22142.81
step  1579 | loss: 4.338098 | lr 5.7716e-04 | norm: 0.5223 | dt: 2933.90ms | tok/sec: 22337.49
step  1580 | loss: 4.281174 | lr 5.7713e-04 | norm: 0.4520 | dt: 2946.10ms | tok/sec: 22245.00
step  1581 | loss: 4.347775 | lr 5.7709e-04 | norm: 0.4929 | dt: 2944.41ms | tok/sec: 22257.76
step  1582 | loss: 4.467328 | lr 5.7706e-04 | norm: 0.4783 | dt: 2942.37ms | tok/sec: 22273.17
step  1583 | loss: 4.502854 | lr 5.7702e-04 | norm: 0.4802 | dt: 2944.47ms | tok/sec: 22257.35
step  1584 | loss: 4.452621 | lr 5.7699e-04 | norm: 0.5081 | dt: 2944.60ms | tok/sec: 22256.34
step  1585 | loss: 4.377489 | lr 5.7695e-04 | norm: 0.4519 | dt: 2940.56ms | tok/sec: 22286.91
step  1586 | loss: 4.378778 | lr 5.7692e-04 | norm: 0.5077 | dt: 2961.80ms | tok/sec: 22127.07
step  1587 | loss: 4.374809 | lr 5.7688e-04 | norm: 0.4871 | dt: 2945.90ms | tok/sec: 22246.49
step  1588 | loss: 4.316566 | lr 5.7685e-04 | norm: 0.5007 | dt: 2932.35ms | tok/sec: 22349.34
step  1589 | loss: 4.466517 | lr 5.7681e-04 | norm: 0.5692 | dt: 2963.30ms | tok/sec: 22115.88
step  1590 | loss: 4.359556 | lr 5.7678e-04 | norm: 0.4896 | dt: 2945.84ms | tok/sec: 22246.99
step  1591 | loss: 4.177148 | lr 5.7674e-04 | norm: 0.4848 | dt: 2944.80ms | tok/sec: 22254.78
step  1592 | loss: 4.221749 | lr 5.7670e-04 | norm: 0.5499 | dt: 2944.40ms | tok/sec: 22257.84
step  1593 | loss: 4.241552 | lr 5.7667e-04 | norm: 0.5301 | dt: 2947.31ms | tok/sec: 22235.89
step  1594 | loss: 4.376371 | lr 5.7663e-04 | norm: 0.4244 | dt: 2935.93ms | tok/sec: 22322.03
step  1595 | loss: 4.436556 | lr 5.7660e-04 | norm: 0.5011 | dt: 2940.16ms | tok/sec: 22289.97
step  1596 | loss: 4.276004 | lr 5.7656e-04 | norm: 0.5088 | dt: 2947.99ms | tok/sec: 22230.71
step  1597 | loss: 4.401371 | lr 5.7653e-04 | norm: 0.4954 | dt: 2951.95ms | tok/sec: 22200.92
step  1598 | loss: 4.363834 | lr 5.7649e-04 | norm: 0.5150 | dt: 2948.89ms | tok/sec: 22223.94
step  1599 | loss: 4.396791 | lr 5.7646e-04 | norm: 0.4894 | dt: 2973.34ms | tok/sec: 22041.18
step  1600 | loss: 4.413265 | lr 5.7642e-04 | norm: 0.5672 | dt: 2948.46ms | tok/sec: 22227.17
step  1601 | loss: 4.349479 | lr 5.7638e-04 | norm: 0.4504 | dt: 2936.00ms | tok/sec: 22321.51
step  1602 | loss: 4.335423 | lr 5.7635e-04 | norm: 0.5706 | dt: 2943.31ms | tok/sec: 22266.08
step  1603 | loss: 4.438500 | lr 5.7631e-04 | norm: 0.5439 | dt: 2945.40ms | tok/sec: 22250.27
step  1604 | loss: 4.373419 | lr 5.7628e-04 | norm: 0.5753 | dt: 2939.66ms | tok/sec: 22293.72
step  1605 | loss: 4.320485 | lr 5.7624e-04 | norm: 0.5137 | dt: 2944.06ms | tok/sec: 22260.40
step  1606 | loss: 4.379745 | lr 5.7620e-04 | norm: 0.5677 | dt: 2971.52ms | tok/sec: 22054.72
step  1607 | loss: 4.410051 | lr 5.7617e-04 | norm: 0.5538 | dt: 2942.09ms | tok/sec: 22275.29
step  1608 | loss: 4.309643 | lr 5.7613e-04 | norm: 0.4471 | dt: 2943.86ms | tok/sec: 22261.92
step  1609 | loss: 4.465916 | lr 5.7610e-04 | norm: 0.5316 | dt: 2970.90ms | tok/sec: 22059.29
step  1610 | loss: 4.449184 | lr 5.7606e-04 | norm: 0.5326 | dt: 2942.65ms | tok/sec: 22271.08
step  1611 | loss: 4.378493 | lr 5.7602e-04 | norm: 0.5071 | dt: 2947.16ms | tok/sec: 22237.00
step  1612 | loss: 4.453351 | lr 5.7599e-04 | norm: 0.5187 | dt: 2932.44ms | tok/sec: 22348.61
step  1613 | loss: 4.451344 | lr 5.7595e-04 | norm: 0.5624 | dt: 2947.74ms | tok/sec: 22232.63
step  1614 | loss: 4.385577 | lr 5.7592e-04 | norm: 0.5252 | dt: 2943.42ms | tok/sec: 22265.25
step  1615 | loss: 4.322479 | lr 5.7588e-04 | norm: 0.5379 | dt: 2946.74ms | tok/sec: 22240.18
step  1616 | loss: 4.479859 | lr 5.7584e-04 | norm: 0.5344 | dt: 2948.02ms | tok/sec: 22230.54
step  1617 | loss: 4.399402 | lr 5.7581e-04 | norm: 0.4498 | dt: 2934.28ms | tok/sec: 22334.58
step  1618 | loss: 4.322536 | lr 5.7577e-04 | norm: 0.5069 | dt: 2939.95ms | tok/sec: 22291.56
step  1619 | loss: 4.444599 | lr 5.7574e-04 | norm: 0.4595 | dt: 2970.07ms | tok/sec: 22065.44
step  1620 | loss: 4.393154 | lr 5.7570e-04 | norm: 0.4709 | dt: 2945.78ms | tok/sec: 22247.45
step  1621 | loss: 4.314140 | lr 5.7566e-04 | norm: 0.4493 | dt: 2944.21ms | tok/sec: 22259.30
step  1622 | loss: 4.389450 | lr 5.7563e-04 | norm: 0.4920 | dt: 2945.29ms | tok/sec: 22251.11
step  1623 | loss: 4.283080 | lr 5.7559e-04 | norm: 0.4713 | dt: 2947.72ms | tok/sec: 22232.80
step  1624 | loss: 4.330195 | lr 5.7555e-04 | norm: 0.4724 | dt: 2934.84ms | tok/sec: 22330.38
step  1625 | loss: 4.337700 | lr 5.7552e-04 | norm: 0.5002 | dt: 2947.98ms | tok/sec: 22230.85
step  1626 | loss: 4.402472 | lr 5.7548e-04 | norm: 0.6628 | dt: 2963.81ms | tok/sec: 22112.05
step  1627 | loss: 4.323616 | lr 5.7545e-04 | norm: 0.5458 | dt: 2941.83ms | tok/sec: 22277.32
step  1628 | loss: 4.392232 | lr 5.7541e-04 | norm: 0.5101 | dt: 2931.63ms | tok/sec: 22354.77
step  1629 | loss: 4.330483 | lr 5.7537e-04 | norm: 0.5148 | dt: 2936.24ms | tok/sec: 22319.67
step  1630 | loss: 4.312826 | lr 5.7534e-04 | norm: 0.5474 | dt: 2956.25ms | tok/sec: 22168.62
step  1631 | loss: 4.357552 | lr 5.7530e-04 | norm: 0.5353 | dt: 2944.58ms | tok/sec: 22256.47
step  1632 | loss: 4.292236 | lr 5.7526e-04 | norm: 0.6383 | dt: 2942.83ms | tok/sec: 22269.73
step  1633 | loss: 4.354140 | lr 5.7523e-04 | norm: 0.6641 | dt: 2945.43ms | tok/sec: 22250.04
step  1634 | loss: 4.425200 | lr 5.7519e-04 | norm: 0.5198 | dt: 2943.58ms | tok/sec: 22264.08
step  1635 | loss: 4.283546 | lr 5.7515e-04 | norm: 0.5025 | dt: 2941.65ms | tok/sec: 22278.66
step  1636 | loss: 4.469181 | lr 5.7512e-04 | norm: 0.5318 | dt: 2940.68ms | tok/sec: 22285.97
step  1637 | loss: 4.227398 | lr 5.7508e-04 | norm: 0.4763 | dt: 2938.05ms | tok/sec: 22305.97
step  1638 | loss: 4.624169 | lr 5.7504e-04 | norm: 0.7417 | dt: 2937.69ms | tok/sec: 22308.67
step  1639 | loss: 4.416184 | lr 5.7501e-04 | norm: 0.5733 | dt: 2983.63ms | tok/sec: 21965.22
step  1640 | loss: 4.384348 | lr 5.7497e-04 | norm: 0.5697 | dt: 2939.21ms | tok/sec: 22297.14
step  1641 | loss: 4.529631 | lr 5.7493e-04 | norm: 0.6734 | dt: 2941.83ms | tok/sec: 22277.31
step  1642 | loss: 4.252129 | lr 5.7490e-04 | norm: 0.6505 | dt: 2943.31ms | tok/sec: 22266.12
step  1643 | loss: 4.320777 | lr 5.7486e-04 | norm: 0.6166 | dt: 2937.48ms | tok/sec: 22310.31
step  1644 | loss: 4.336603 | lr 5.7482e-04 | norm: 0.5405 | dt: 2943.64ms | tok/sec: 22263.57
step  1645 | loss: 4.257413 | lr 5.7479e-04 | norm: 0.8986 | dt: 2936.41ms | tok/sec: 22318.43
step  1646 | loss: 4.384926 | lr 5.7475e-04 | norm: 0.6050 | dt: 2939.44ms | tok/sec: 22295.44
step  1647 | loss: 4.293535 | lr 5.7471e-04 | norm: 0.6694 | dt: 2967.32ms | tok/sec: 22085.89
step  1648 | loss: 4.447912 | lr 5.7467e-04 | norm: 0.6934 | dt: 2943.06ms | tok/sec: 22268.01
step  1649 | loss: 4.478229 | lr 5.7464e-04 | norm: 2.7758 | dt: 2936.33ms | tok/sec: 22319.04
step  1650 | loss: 4.441226 | lr 5.7460e-04 | norm: 0.6297 | dt: 2960.22ms | tok/sec: 22138.89
step  1651 | loss: 4.404136 | lr 5.7456e-04 | norm: 0.5764 | dt: 2948.33ms | tok/sec: 22228.14
step  1652 | loss: 4.469633 | lr 5.7453e-04 | norm: 0.6340 | dt: 2938.64ms | tok/sec: 22301.47
step  1653 | loss: 4.417113 | lr 5.7449e-04 | norm: 0.5085 | dt: 2939.71ms | tok/sec: 22293.39
step  1654 | loss: 4.493479 | lr 5.7445e-04 | norm: 0.5896 | dt: 2949.46ms | tok/sec: 22219.63
step  1655 | loss: 4.306585 | lr 5.7441e-04 | norm: 0.8089 | dt: 2939.22ms | tok/sec: 22297.10
step  1656 | loss: 4.579112 | lr 5.7438e-04 | norm: 0.6644 | dt: 2948.28ms | tok/sec: 22228.58
step  1657 | loss: 4.427529 | lr 5.7434e-04 | norm: 0.6008 | dt: 2939.21ms | tok/sec: 22297.14
step  1658 | loss: 4.400141 | lr 5.7430e-04 | norm: 0.6238 | dt: 2943.67ms | tok/sec: 22263.33
step  1659 | loss: 4.449502 | lr 5.7427e-04 | norm: 0.5707 | dt: 2938.07ms | tok/sec: 22305.82
step  1660 | loss: 4.520196 | lr 5.7423e-04 | norm: 0.5172 | dt: 3002.54ms | tok/sec: 21826.86
step  1661 | loss: 4.354566 | lr 5.7419e-04 | norm: 0.6071 | dt: 2942.16ms | tok/sec: 22274.77
step  1662 | loss: 4.389961 | lr 5.7415e-04 | norm: 0.5546 | dt: 2938.04ms | tok/sec: 22305.99
step  1663 | loss: 4.302534 | lr 5.7412e-04 | norm: 0.5053 | dt: 2948.10ms | tok/sec: 22229.88
step  1664 | loss: 4.396863 | lr 5.7408e-04 | norm: 0.5713 | dt: 2942.13ms | tok/sec: 22275.02
step  1665 | loss: 4.358059 | lr 5.7404e-04 | norm: 0.4947 | dt: 2957.42ms | tok/sec: 22159.87
step  1666 | loss: 4.269651 | lr 5.7400e-04 | norm: 0.5706 | dt: 2942.27ms | tok/sec: 22273.93
step  1667 | loss: 4.299101 | lr 5.7397e-04 | norm: 0.5411 | dt: 2969.04ms | tok/sec: 22073.11
step  1668 | loss: 4.362703 | lr 5.7393e-04 | norm: 0.4830 | dt: 2943.09ms | tok/sec: 22267.74
step  1669 | loss: 4.275811 | lr 5.7389e-04 | norm: 0.4577 | dt: 2935.78ms | tok/sec: 22323.19
step  1670 | loss: 4.287771 | lr 5.7385e-04 | norm: 0.4623 | dt: 2946.81ms | tok/sec: 22239.61
step  1671 | loss: 4.193968 | lr 5.7382e-04 | norm: 0.4364 | dt: 2944.35ms | tok/sec: 22258.22
step  1672 | loss: 4.210812 | lr 5.7378e-04 | norm: 0.4638 | dt: 2940.99ms | tok/sec: 22283.66
step  1673 | loss: 4.238777 | lr 5.7374e-04 | norm: 0.5003 | dt: 2950.15ms | tok/sec: 22214.49
step  1674 | loss: 4.240131 | lr 5.7370e-04 | norm: 0.3971 | dt: 2942.67ms | tok/sec: 22270.97
step  1675 | loss: 4.181902 | lr 5.7367e-04 | norm: 0.4820 | dt: 2949.27ms | tok/sec: 22221.07
step  1676 | loss: 4.320381 | lr 5.7363e-04 | norm: 0.4333 | dt: 2938.06ms | tok/sec: 22305.89
step  1677 | loss: 4.368850 | lr 5.7359e-04 | norm: 0.4329 | dt: 2946.45ms | tok/sec: 22242.34
step  1678 | loss: 4.255684 | lr 5.7355e-04 | norm: 0.4814 | dt: 2944.45ms | tok/sec: 22257.44
step  1679 | loss: 4.451955 | lr 5.7352e-04 | norm: 0.5602 | dt: 2938.01ms | tok/sec: 22306.26
step  1680 | loss: 4.303259 | lr 5.7348e-04 | norm: 0.4795 | dt: 2970.57ms | tok/sec: 22061.79
step  1681 | loss: 4.250568 | lr 5.7344e-04 | norm: 0.4898 | dt: 2940.09ms | tok/sec: 22290.46
step  1682 | loss: 4.338481 | lr 5.7340e-04 | norm: 0.4766 | dt: 2964.13ms | tok/sec: 22109.72
step  1683 | loss: 4.285120 | lr 5.7336e-04 | norm: 0.4695 | dt: 2938.12ms | tok/sec: 22305.41
step  1684 | loss: 4.278498 | lr 5.7333e-04 | norm: 0.4166 | dt: 2944.93ms | tok/sec: 22253.82
step  1685 | loss: 4.394095 | lr 5.7329e-04 | norm: 0.4996 | dt: 2939.10ms | tok/sec: 22297.96
step  1686 | loss: 4.403880 | lr 5.7325e-04 | norm: 0.5538 | dt: 2940.57ms | tok/sec: 22286.85
step  1687 | loss: 4.307315 | lr 5.7321e-04 | norm: 0.5402 | dt: 2946.99ms | tok/sec: 22238.28
step  1688 | loss: 4.292195 | lr 5.7317e-04 | norm: 0.5255 | dt: 2949.66ms | tok/sec: 22218.13
step  1689 | loss: 4.341570 | lr 5.7314e-04 | norm: 0.5313 | dt: 2935.53ms | tok/sec: 22325.07
step  1690 | loss: 4.175658 | lr 5.7310e-04 | norm: 0.4927 | dt: 2936.67ms | tok/sec: 22316.45
step  1691 | loss: 4.278447 | lr 5.7306e-04 | norm: 0.6347 | dt: 2934.22ms | tok/sec: 22335.09
step  1692 | loss: 4.299711 | lr 5.7302e-04 | norm: 0.4918 | dt: 2936.83ms | tok/sec: 22315.20
step  1693 | loss: 4.345192 | lr 5.7298e-04 | norm: 0.5105 | dt: 2947.68ms | tok/sec: 22233.04
step  1694 | loss: 4.454592 | lr 5.7295e-04 | norm: 0.5482 | dt: 2939.62ms | tok/sec: 22294.04
step  1695 | loss: 4.258338 | lr 5.7291e-04 | norm: 0.6006 | dt: 2942.62ms | tok/sec: 22271.29
step  1696 | loss: 4.250904 | lr 5.7287e-04 | norm: 0.4609 | dt: 2944.37ms | tok/sec: 22258.11
step  1697 | loss: 4.286945 | lr 5.7283e-04 | norm: 0.5952 | dt: 2941.97ms | tok/sec: 22276.25
step  1698 | loss: 4.249519 | lr 5.7279e-04 | norm: 0.4645 | dt: 2949.13ms | tok/sec: 22222.15
step  1699 | loss: 4.297188 | lr 5.7276e-04 | norm: 0.5590 | dt: 2951.33ms | tok/sec: 22205.60
step  1700 | loss: 4.232281 | lr 5.7272e-04 | norm: 0.6140 | dt: 2978.96ms | tok/sec: 21999.63
step  1701 | loss: 4.188005 | lr 5.7268e-04 | norm: 0.5462 | dt: 2949.24ms | tok/sec: 22221.32
step  1702 | loss: 4.275518 | lr 5.7264e-04 | norm: 0.5088 | dt: 2967.35ms | tok/sec: 22085.72
step  1703 | loss: 4.733411 | lr 5.7260e-04 | norm: 0.8948 | dt: 2930.17ms | tok/sec: 22365.96
step  1704 | loss: 4.223270 | lr 5.7256e-04 | norm: 0.7410 | dt: 2942.94ms | tok/sec: 22268.90
step  1705 | loss: 4.410027 | lr 5.7253e-04 | norm: 0.5795 | dt: 2942.65ms | tok/sec: 22271.08
step  1706 | loss: 4.392468 | lr 5.7249e-04 | norm: 0.6161 | dt: 2936.54ms | tok/sec: 22317.41
step  1707 | loss: 4.297155 | lr 5.7245e-04 | norm: 0.5264 | dt: 2941.78ms | tok/sec: 22277.65
step  1708 | loss: 4.315405 | lr 5.7241e-04 | norm: 0.4677 | dt: 2956.53ms | tok/sec: 22166.52
step  1709 | loss: 4.296486 | lr 5.7237e-04 | norm: 0.4996 | dt: 2938.82ms | tok/sec: 22300.09
step  1710 | loss: 4.219956 | lr 5.7233e-04 | norm: 0.4732 | dt: 2937.27ms | tok/sec: 22311.86
step  1711 | loss: 4.420410 | lr 5.7229e-04 | norm: 0.5624 | dt: 2939.84ms | tok/sec: 22292.34
step  1712 | loss: 4.268538 | lr 5.7226e-04 | norm: 0.4841 | dt: 2941.51ms | tok/sec: 22279.70
step  1713 | loss: 4.304734 | lr 5.7222e-04 | norm: 0.5160 | dt: 2941.01ms | tok/sec: 22283.53
step  1714 | loss: 4.225298 | lr 5.7218e-04 | norm: 0.4631 | dt: 2944.61ms | tok/sec: 22256.26
step  1715 | loss: 4.233948 | lr 5.7214e-04 | norm: 0.6175 | dt: 2951.94ms | tok/sec: 22201.01
step  1716 | loss: 4.298312 | lr 5.7210e-04 | norm: 0.5202 | dt: 2936.20ms | tok/sec: 22320.02
step  1717 | loss: 4.467418 | lr 5.7206e-04 | norm: 0.5046 | dt: 2941.39ms | tok/sec: 22280.65
step  1718 | loss: 4.242148 | lr 5.7202e-04 | norm: 0.4819 | dt: 2941.95ms | tok/sec: 22276.37
step  1719 | loss: 4.346151 | lr 5.7198e-04 | norm: 0.5452 | dt: 2943.36ms | tok/sec: 22265.69
step  1720 | loss: 4.391906 | lr 5.7195e-04 | norm: 0.5471 | dt: 2949.41ms | tok/sec: 22220.05
step  1721 | loss: 4.235278 | lr 5.7191e-04 | norm: 0.5296 | dt: 2974.74ms | tok/sec: 22030.81
step  1722 | loss: 4.302300 | lr 5.7187e-04 | norm: 0.4935 | dt: 2937.48ms | tok/sec: 22310.28
step  1723 | loss: 4.382434 | lr 5.7183e-04 | norm: 0.4687 | dt: 2946.08ms | tok/sec: 22245.12
step  1724 | loss: 4.301737 | lr 5.7179e-04 | norm: 0.5543 | dt: 2935.18ms | tok/sec: 22327.75
step  1725 | loss: 4.197303 | lr 5.7175e-04 | norm: 0.5315 | dt: 2942.50ms | tok/sec: 22272.25
step  1726 | loss: 4.285244 | lr 5.7171e-04 | norm: 0.5103 | dt: 2938.64ms | tok/sec: 22301.48
step  1727 | loss: 4.238521 | lr 5.7167e-04 | norm: 0.4495 | dt: 2944.07ms | tok/sec: 22260.31
step  1728 | loss: 4.204792 | lr 5.7163e-04 | norm: 0.4910 | dt: 2963.93ms | tok/sec: 22111.16
step  1729 | loss: 4.330756 | lr 5.7160e-04 | norm: 0.4642 | dt: 2938.38ms | tok/sec: 22303.46
step  1730 | loss: 4.207158 | lr 5.7156e-04 | norm: 0.5477 | dt: 2939.33ms | tok/sec: 22296.24
step  1731 | loss: 4.214171 | lr 5.7152e-04 | norm: 0.4449 | dt: 2942.34ms | tok/sec: 22273.45
step  1732 | loss: 4.264126 | lr 5.7148e-04 | norm: 0.5348 | dt: 2943.76ms | tok/sec: 22262.68
step  1733 | loss: 4.212105 | lr 5.7144e-04 | norm: 0.4828 | dt: 2944.22ms | tok/sec: 22259.21
step  1734 | loss: 4.338458 | lr 5.7140e-04 | norm: 0.5319 | dt: 2948.56ms | tok/sec: 22226.46
step  1735 | loss: 4.202996 | lr 5.7136e-04 | norm: 0.4472 | dt: 2940.56ms | tok/sec: 22286.94
step  1736 | loss: 4.324725 | lr 5.7132e-04 | norm: 0.4700 | dt: 2935.88ms | tok/sec: 22322.43
step  1737 | loss: 4.283162 | lr 5.7128e-04 | norm: 0.4219 | dt: 2936.11ms | tok/sec: 22320.72
step  1738 | loss: 4.264525 | lr 5.7124e-04 | norm: 0.4792 | dt: 2945.54ms | tok/sec: 22249.22
step  1739 | loss: 4.316752 | lr 5.7120e-04 | norm: 0.4621 | dt: 2941.50ms | tok/sec: 22279.82
step  1740 | loss: 4.354557 | lr 5.7116e-04 | norm: 0.4549 | dt: 2944.59ms | tok/sec: 22256.44
step  1741 | loss: 4.296047 | lr 5.7113e-04 | norm: 0.4625 | dt: 2976.94ms | tok/sec: 22014.56
step  1742 | loss: 4.314036 | lr 5.7109e-04 | norm: 0.4984 | dt: 2948.16ms | tok/sec: 22229.45
step  1743 | loss: 4.300875 | lr 5.7105e-04 | norm: 0.4532 | dt: 2941.58ms | tok/sec: 22279.18
step  1744 | loss: 4.284565 | lr 5.7101e-04 | norm: 0.4877 | dt: 2930.49ms | tok/sec: 22363.49
step  1745 | loss: 4.300790 | lr 5.7097e-04 | norm: 0.4820 | dt: 2939.06ms | tok/sec: 22298.29
step  1746 | loss: 4.267512 | lr 5.7093e-04 | norm: 0.4605 | dt: 2946.77ms | tok/sec: 22239.96
step  1747 | loss: 4.343018 | lr 5.7089e-04 | norm: 0.5833 | dt: 2947.54ms | tok/sec: 22234.13
step  1748 | loss: 4.210962 | lr 5.7085e-04 | norm: 0.4904 | dt: 2946.78ms | tok/sec: 22239.89
step  1749 | loss: 4.262909 | lr 5.7081e-04 | norm: 0.4890 | dt: 2973.14ms | tok/sec: 22042.66
step  1750 | loss: 4.175517 | lr 5.7077e-04 | norm: 0.5058 | dt: 2947.84ms | tok/sec: 22231.83
step  1751 | loss: 4.353169 | lr 5.7073e-04 | norm: 0.4682 | dt: 2940.02ms | tok/sec: 22291.03
step  1752 | loss: 4.273948 | lr 5.7069e-04 | norm: 0.5600 | dt: 2958.79ms | tok/sec: 22149.56
step  1753 | loss: 4.317635 | lr 5.7065e-04 | norm: 0.4546 | dt: 2951.05ms | tok/sec: 22207.66
step  1754 | loss: 4.263938 | lr 5.7061e-04 | norm: 0.5637 | dt: 2942.40ms | tok/sec: 22272.98
step  1755 | loss: 4.322169 | lr 5.7057e-04 | norm: 0.5607 | dt: 2938.82ms | tok/sec: 22300.12
step  1756 | loss: 4.250769 | lr 5.7053e-04 | norm: 0.6850 | dt: 2946.74ms | tok/sec: 22240.17
step  1757 | loss: 4.339196 | lr 5.7049e-04 | norm: 0.4765 | dt: 2946.94ms | tok/sec: 22238.67
step  1758 | loss: 4.306370 | lr 5.7045e-04 | norm: 0.6108 | dt: 2941.35ms | tok/sec: 22280.90
step  1759 | loss: 4.121984 | lr 5.7041e-04 | norm: 0.5218 | dt: 2943.80ms | tok/sec: 22262.42
step  1760 | loss: 4.386176 | lr 5.7037e-04 | norm: 0.5210 | dt: 2942.55ms | tok/sec: 22271.84
step  1761 | loss: 4.219202 | lr 5.7033e-04 | norm: 0.5101 | dt: 2944.47ms | tok/sec: 22257.32
step  1762 | loss: 4.155816 | lr 5.7029e-04 | norm: 0.4670 | dt: 2977.20ms | tok/sec: 22012.62
step  1763 | loss: 4.141513 | lr 5.7025e-04 | norm: 0.5382 | dt: 2932.80ms | tok/sec: 22345.92
step  1764 | loss: 4.103884 | lr 5.7021e-04 | norm: 0.4612 | dt: 2947.32ms | tok/sec: 22235.82
step  1765 | loss: 4.196576 | lr 5.7017e-04 | norm: 0.4664 | dt: 2947.98ms | tok/sec: 22230.82
step  1766 | loss: 4.241048 | lr 5.7013e-04 | norm: 0.4673 | dt: 2931.54ms | tok/sec: 22355.51
step  1767 | loss: 4.090618 | lr 5.7009e-04 | norm: 0.4263 | dt: 2935.62ms | tok/sec: 22324.45
step  1768 | loss: 4.095986 | lr 5.7005e-04 | norm: 0.4367 | dt: 2948.56ms | tok/sec: 22226.47
step  1769 | loss: 4.185436 | lr 5.7001e-04 | norm: 0.4299 | dt: 2963.62ms | tok/sec: 22113.49
step  1770 | loss: 4.179038 | lr 5.6997e-04 | norm: 0.4927 | dt: 2938.31ms | tok/sec: 22303.95
step  1771 | loss: 4.120674 | lr 5.6993e-04 | norm: 0.4752 | dt: 2934.56ms | tok/sec: 22332.44
step  1772 | loss: 4.228457 | lr 5.6989e-04 | norm: 0.4478 | dt: 2927.07ms | tok/sec: 22389.63
step  1773 | loss: 4.270820 | lr 5.6985e-04 | norm: 0.5028 | dt: 2937.84ms | tok/sec: 22307.57
step  1774 | loss: 4.221725 | lr 5.6981e-04 | norm: 0.5176 | dt: 2941.49ms | tok/sec: 22279.89
step  1775 | loss: 4.320379 | lr 5.6977e-04 | norm: 0.4826 | dt: 2946.63ms | tok/sec: 22240.99
step  1776 | loss: 4.135787 | lr 5.6973e-04 | norm: 0.6179 | dt: 2947.07ms | tok/sec: 22237.66
step  1777 | loss: 4.159486 | lr 5.6969e-04 | norm: 0.4757 | dt: 2947.94ms | tok/sec: 22231.15
step  1778 | loss: 4.122885 | lr 5.6965e-04 | norm: 0.5955 | dt: 2941.37ms | tok/sec: 22280.74
step  1779 | loss: 4.350366 | lr 5.6961e-04 | norm: 0.4914 | dt: 2939.94ms | tok/sec: 22291.62
step  1780 | loss: 4.160613 | lr 5.6957e-04 | norm: 0.5043 | dt: 2938.35ms | tok/sec: 22303.67
step  1781 | loss: 4.114808 | lr 5.6953e-04 | norm: 0.5481 | dt: 2943.37ms | tok/sec: 22265.66
step  1782 | loss: 4.233698 | lr 5.6949e-04 | norm: 0.5657 | dt: 2970.45ms | tok/sec: 22062.67
step  1783 | loss: 4.088592 | lr 5.6945e-04 | norm: 0.4687 | dt: 2941.50ms | tok/sec: 22279.77
step  1784 | loss: 4.179810 | lr 5.6941e-04 | norm: 0.5334 | dt: 2943.08ms | tok/sec: 22267.83
step  1785 | loss: 4.138463 | lr 5.6937e-04 | norm: 0.4905 | dt: 2944.19ms | tok/sec: 22259.47
step  1786 | loss: 4.076079 | lr 5.6933e-04 | norm: 0.4993 | dt: 2939.99ms | tok/sec: 22291.26
step  1787 | loss: 4.263837 | lr 5.6929e-04 | norm: 0.4489 | dt: 2943.91ms | tok/sec: 22261.53
step  1788 | loss: 4.292581 | lr 5.6925e-04 | norm: 0.5042 | dt: 2942.47ms | tok/sec: 22272.44
step  1789 | loss: 4.062903 | lr 5.6921e-04 | norm: 0.4738 | dt: 2943.70ms | tok/sec: 22263.16
step  1790 | loss: 4.167570 | lr 5.6917e-04 | norm: 0.4779 | dt: 2963.86ms | tok/sec: 22111.69
step  1791 | loss: 4.102673 | lr 5.6913e-04 | norm: 0.4783 | dt: 2944.01ms | tok/sec: 22260.83
step  1792 | loss: 4.135333 | lr 5.6909e-04 | norm: 0.4972 | dt: 2943.92ms | tok/sec: 22261.46
step  1793 | loss: 4.151793 | lr 5.6904e-04 | norm: 0.6317 | dt: 2956.04ms | tok/sec: 22170.20
step  1794 | loss: 4.234468 | lr 5.6900e-04 | norm: 0.5202 | dt: 2946.78ms | tok/sec: 22239.86
step  1795 | loss: 4.095895 | lr 5.6896e-04 | norm: 0.5378 | dt: 2937.44ms | tok/sec: 22310.58
step  1796 | loss: 4.210359 | lr 5.6892e-04 | norm: 0.4749 | dt: 2946.25ms | tok/sec: 22243.88
step  1797 | loss: 4.273739 | lr 5.6888e-04 | norm: 0.5806 | dt: 2948.43ms | tok/sec: 22227.44
step  1798 | loss: 4.246166 | lr 5.6884e-04 | norm: 0.5710 | dt: 2936.21ms | tok/sec: 22319.91
step  1799 | loss: 4.216041 | lr 5.6880e-04 | norm: 0.5560 | dt: 2938.15ms | tok/sec: 22305.22
step  1800 | loss: 4.361898 | lr 5.6876e-04 | norm: 0.5679 | dt: 2935.94ms | tok/sec: 22322.00
step  1801 | loss: 4.114787 | lr 5.6872e-04 | norm: 0.5653 | dt: 2935.77ms | tok/sec: 22323.25
step  1802 | loss: 4.313516 | lr 5.6868e-04 | norm: 0.4718 | dt: 2976.85ms | tok/sec: 22015.22
step  1803 | loss: 4.187282 | lr 5.6864e-04 | norm: 0.5659 | dt: 2943.01ms | tok/sec: 22268.34
step  1804 | loss: 4.108652 | lr 5.6860e-04 | norm: 0.5061 | dt: 2940.01ms | tok/sec: 22291.10
step  1805 | loss: 4.317022 | lr 5.6856e-04 | norm: 0.5456 | dt: 2948.75ms | tok/sec: 22225.02
step  1806 | loss: 4.252116 | lr 5.6851e-04 | norm: 0.5708 | dt: 2938.88ms | tok/sec: 22299.68
step  1807 | loss: 4.126692 | lr 5.6847e-04 | norm: 0.5121 | dt: 2948.93ms | tok/sec: 22223.68
step  1808 | loss: 4.007068 | lr 5.6843e-04 | norm: 0.4922 | dt: 2931.72ms | tok/sec: 22354.11
step  1809 | loss: 4.230536 | lr 5.6839e-04 | norm: 0.5483 | dt: 2943.20ms | tok/sec: 22266.91
step  1810 | loss: 4.135730 | lr 5.6835e-04 | norm: 0.5633 | dt: 2958.32ms | tok/sec: 22153.11
step  1811 | loss: 4.128322 | lr 5.6831e-04 | norm: 0.5046 | dt: 2944.64ms | tok/sec: 22256.02
step  1812 | loss: 4.181808 | lr 5.6827e-04 | norm: 0.4913 | dt: 2935.11ms | tok/sec: 22328.26
step  1813 | loss: 4.219727 | lr 5.6823e-04 | norm: 0.4696 | dt: 2967.46ms | tok/sec: 22084.86
step  1814 | loss: 3.837813 | lr 5.6819e-04 | norm: 0.4872 | dt: 2934.12ms | tok/sec: 22335.82
step  1815 | loss: 4.148702 | lr 5.6814e-04 | norm: 0.4679 | dt: 2942.23ms | tok/sec: 22274.27
step  1816 | loss: 4.178553 | lr 5.6810e-04 | norm: 0.4458 | dt: 2944.29ms | tok/sec: 22258.67
step  1817 | loss: 4.238929 | lr 5.6806e-04 | norm: 0.4722 | dt: 2951.02ms | tok/sec: 22207.94
step  1818 | loss: 4.363145 | lr 5.6802e-04 | norm: 0.5900 | dt: 2940.66ms | tok/sec: 22286.16
step  1819 | loss: 4.369699 | lr 5.6798e-04 | norm: 0.6168 | dt: 2945.82ms | tok/sec: 22247.13
step  1820 | loss: 4.182187 | lr 5.6794e-04 | norm: 0.5207 | dt: 2952.19ms | tok/sec: 22199.08
step  1821 | loss: 4.170651 | lr 5.6790e-04 | norm: 0.4877 | dt: 2951.54ms | tok/sec: 22203.98
step  1822 | loss: 4.116054 | lr 5.6786e-04 | norm: 0.4546 | dt: 2936.12ms | tok/sec: 22320.60
step  1823 | loss: 4.173263 | lr 5.6781e-04 | norm: 0.6433 | dt: 2978.58ms | tok/sec: 22002.40
step  1824 | loss: 4.208945 | lr 5.6777e-04 | norm: 0.5358 | dt: 2934.03ms | tok/sec: 22336.55
step  1825 | loss: 3.986742 | lr 5.6773e-04 | norm: 0.8641 | dt: 2949.86ms | tok/sec: 22216.63
step  1826 | loss: 4.267226 | lr 5.6769e-04 | norm: 0.6496 | dt: 2946.15ms | tok/sec: 22244.60
step  1827 | loss: 4.012816 | lr 5.6765e-04 | norm: 0.6324 | dt: 2939.23ms | tok/sec: 22297.01
step  1828 | loss: 4.256233 | lr 5.6761e-04 | norm: 0.6407 | dt: 2935.68ms | tok/sec: 22323.98
step  1829 | loss: 4.101313 | lr 5.6757e-04 | norm: 0.5224 | dt: 2948.30ms | tok/sec: 22228.37
step  1830 | loss: 4.244545 | lr 5.6752e-04 | norm: 0.5548 | dt: 2971.75ms | tok/sec: 22053.00
step  1831 | loss: 4.228090 | lr 5.6748e-04 | norm: 0.5381 | dt: 2935.19ms | tok/sec: 22327.69
step  1832 | loss: 4.114773 | lr 5.6744e-04 | norm: 0.5196 | dt: 2947.47ms | tok/sec: 22234.66
step  1833 | loss: 4.100042 | lr 5.6740e-04 | norm: 0.4944 | dt: 2967.02ms | tok/sec: 22088.16
step  1834 | loss: 4.131068 | lr 5.6736e-04 | norm: 0.4529 | dt: 2941.48ms | tok/sec: 22279.96
step  1835 | loss: 4.182228 | lr 5.6732e-04 | norm: 0.4665 | dt: 2950.41ms | tok/sec: 22212.49
step  1836 | loss: 4.171871 | lr 5.6727e-04 | norm: 0.4682 | dt: 2947.40ms | tok/sec: 22235.18
step  1837 | loss: 4.093513 | lr 5.6723e-04 | norm: 0.5211 | dt: 2946.29ms | tok/sec: 22243.56
step  1838 | loss: 3.917330 | lr 5.6719e-04 | norm: 0.4510 | dt: 2947.93ms | tok/sec: 22231.22
step  1839 | loss: 4.192163 | lr 5.6715e-04 | norm: 0.4637 | dt: 2941.31ms | tok/sec: 22281.26
step  1840 | loss: 4.224829 | lr 5.6711e-04 | norm: 0.4745 | dt: 2945.04ms | tok/sec: 22252.97
step  1841 | loss: 4.201971 | lr 5.6706e-04 | norm: 0.5029 | dt: 2943.66ms | tok/sec: 22263.42
step  1842 | loss: 4.065485 | lr 5.6702e-04 | norm: 0.4596 | dt: 2943.68ms | tok/sec: 22263.31
step  1843 | loss: 4.178752 | lr 5.6698e-04 | norm: 0.4946 | dt: 2969.61ms | tok/sec: 22068.88
step  1844 | loss: 4.219700 | lr 5.6694e-04 | norm: 0.4821 | dt: 2938.68ms | tok/sec: 22301.20
step  1845 | loss: 4.034134 | lr 5.6690e-04 | norm: 0.5139 | dt: 2948.36ms | tok/sec: 22227.95
step  1846 | loss: 4.040542 | lr 5.6686e-04 | norm: 0.5129 | dt: 2940.49ms | tok/sec: 22287.41
step  1847 | loss: 4.207460 | lr 5.6681e-04 | norm: 0.4907 | dt: 2942.32ms | tok/sec: 22273.57
step  1848 | loss: 4.113379 | lr 5.6677e-04 | norm: 0.5298 | dt: 2941.49ms | tok/sec: 22279.83
step  1849 | loss: 4.120872 | lr 5.6673e-04 | norm: 0.4732 | dt: 2940.56ms | tok/sec: 22286.88
step  1850 | loss: 4.178207 | lr 5.6669e-04 | norm: 0.4767 | dt: 2944.11ms | tok/sec: 22260.06
step  1851 | loss: 4.044956 | lr 5.6664e-04 | norm: 0.4981 | dt: 2955.35ms | tok/sec: 22175.35
step  1852 | loss: 4.081513 | lr 5.6660e-04 | norm: 0.4551 | dt: 2947.88ms | tok/sec: 22231.58
step  1853 | loss: 4.202840 | lr 5.6656e-04 | norm: 0.5018 | dt: 2939.87ms | tok/sec: 22292.13
step  1854 | loss: 4.108562 | lr 5.6652e-04 | norm: 0.4700 | dt: 2959.72ms | tok/sec: 22142.66
step  1855 | loss: 4.168766 | lr 5.6648e-04 | norm: 0.5486 | dt: 2947.16ms | tok/sec: 22237.04
step  1856 | loss: 4.267623 | lr 5.6643e-04 | norm: 0.4420 | dt: 2942.07ms | tok/sec: 22275.49
step  1857 | loss: 4.330903 | lr 5.6639e-04 | norm: 0.5443 | dt: 2939.51ms | tok/sec: 22294.88
step  1858 | loss: 4.347154 | lr 5.6635e-04 | norm: 0.5300 | dt: 2942.48ms | tok/sec: 22272.37
step  1859 | loss: 4.273379 | lr 5.6631e-04 | norm: 0.4545 | dt: 2945.91ms | tok/sec: 22246.40
step  1860 | loss: 4.419681 | lr 5.6626e-04 | norm: 0.4778 | dt: 2940.59ms | tok/sec: 22286.68
step  1861 | loss: 4.297973 | lr 5.6622e-04 | norm: 0.5357 | dt: 2940.34ms | tok/sec: 22288.56
step  1862 | loss: 4.369771 | lr 5.6618e-04 | norm: 0.5054 | dt: 2948.72ms | tok/sec: 22225.24
step  1863 | loss: 4.356654 | lr 5.6614e-04 | norm: 0.5958 | dt: 2974.51ms | tok/sec: 22032.50
step  1864 | loss: 4.441587 | lr 5.6610e-04 | norm: 0.5331 | dt: 2949.57ms | tok/sec: 22218.85
step  1865 | loss: 4.386547 | lr 5.6605e-04 | norm: 0.5408 | dt: 2970.13ms | tok/sec: 22065.05
step  1866 | loss: 4.362049 | lr 5.6601e-04 | norm: 0.6073 | dt: 2942.03ms | tok/sec: 22275.79
step  1867 | loss: 4.352813 | lr 5.6597e-04 | norm: 0.4776 | dt: 2945.21ms | tok/sec: 22251.69
step  1868 | loss: 4.293625 | lr 5.6593e-04 | norm: 0.5107 | dt: 2943.35ms | tok/sec: 22265.81
step  1869 | loss: 4.332835 | lr 5.6588e-04 | norm: 0.4310 | dt: 2938.39ms | tok/sec: 22303.37
step  1870 | loss: 4.249427 | lr 5.6584e-04 | norm: 0.4936 | dt: 2955.27ms | tok/sec: 22176.00
step  1871 | loss: 4.187723 | lr 5.6580e-04 | norm: 0.4728 | dt: 2965.02ms | tok/sec: 22103.07
step  1872 | loss: 4.346444 | lr 5.6576e-04 | norm: 0.4623 | dt: 2936.34ms | tok/sec: 22318.93
step  1873 | loss: 4.356062 | lr 5.6571e-04 | norm: 0.5003 | dt: 2945.89ms | tok/sec: 22246.60
step  1874 | loss: 4.338303 | lr 5.6567e-04 | norm: 0.4898 | dt: 2950.99ms | tok/sec: 22208.13
step  1875 | loss: 4.339187 | lr 5.6563e-04 | norm: 0.4777 | dt: 2952.39ms | tok/sec: 22197.58
step  1876 | loss: 4.285216 | lr 5.6558e-04 | norm: 0.4602 | dt: 2946.67ms | tok/sec: 22240.70
step  1877 | loss: 4.372106 | lr 5.6554e-04 | norm: 0.4911 | dt: 2950.02ms | tok/sec: 22215.45
step  1878 | loss: 4.417769 | lr 5.6550e-04 | norm: 0.4376 | dt: 2955.21ms | tok/sec: 22176.39
step  1879 | loss: 4.202494 | lr 5.6546e-04 | norm: 0.5269 | dt: 2946.53ms | tok/sec: 22241.73
step  1880 | loss: 4.343046 | lr 5.6541e-04 | norm: 0.5250 | dt: 2949.93ms | tok/sec: 22216.09
step  1881 | loss: 4.301984 | lr 5.6537e-04 | norm: 0.4926 | dt: 2942.42ms | tok/sec: 22272.81
step  1882 | loss: 4.297480 | lr 5.6533e-04 | norm: 0.6348 | dt: 2935.13ms | tok/sec: 22328.15
step  1883 | loss: 4.384121 | lr 5.6528e-04 | norm: 0.5085 | dt: 2940.69ms | tok/sec: 22285.91
step  1884 | loss: 4.498669 | lr 5.6524e-04 | norm: 0.4938 | dt: 2962.86ms | tok/sec: 22119.14
step  1885 | loss: 4.442571 | lr 5.6520e-04 | norm: 0.6290 | dt: 2941.06ms | tok/sec: 22283.15
step  1886 | loss: 4.270234 | lr 5.6516e-04 | norm: 0.4932 | dt: 2940.29ms | tok/sec: 22288.93
step  1887 | loss: 4.272274 | lr 5.6511e-04 | norm: 0.5240 | dt: 2946.82ms | tok/sec: 22239.57
step  1888 | loss: 4.364974 | lr 5.6507e-04 | norm: 0.5264 | dt: 2945.63ms | tok/sec: 22248.54
step  1889 | loss: 4.327888 | lr 5.6503e-04 | norm: 0.5171 | dt: 2940.00ms | tok/sec: 22291.18
step  1890 | loss: 4.301018 | lr 5.6498e-04 | norm: 0.6208 | dt: 2941.10ms | tok/sec: 22282.81
step  1891 | loss: 4.338002 | lr 5.6494e-04 | norm: 0.6157 | dt: 2954.75ms | tok/sec: 22179.88
step  1892 | loss: 4.344806 | lr 5.6490e-04 | norm: 0.6567 | dt: 2935.06ms | tok/sec: 22328.67
step  1893 | loss: 4.330363 | lr 5.6485e-04 | norm: 0.5803 | dt: 2945.40ms | tok/sec: 22250.29
step  1894 | loss: 4.264795 | lr 5.6481e-04 | norm: 0.5320 | dt: 2948.49ms | tok/sec: 22226.98
step  1895 | loss: 4.450675 | lr 5.6477e-04 | norm: 0.5912 | dt: 2940.07ms | tok/sec: 22290.64
step  1896 | loss: 4.389996 | lr 5.6473e-04 | norm: 0.5531 | dt: 2942.92ms | tok/sec: 22269.06
step  1897 | loss: 4.355046 | lr 5.6468e-04 | norm: 0.5465 | dt: 2940.85ms | tok/sec: 22284.73
step  1898 | loss: 4.269040 | lr 5.6464e-04 | norm: 0.5416 | dt: 2943.64ms | tok/sec: 22263.61
step  1899 | loss: 4.423866 | lr 5.6460e-04 | norm: 0.5443 | dt: 2938.83ms | tok/sec: 22299.99
step  1900 | loss: 4.292549 | lr 5.6455e-04 | norm: 0.5179 | dt: 2948.63ms | tok/sec: 22225.95
step  1901 | loss: 4.333469 | lr 5.6451e-04 | norm: 0.4903 | dt: 2936.64ms | tok/sec: 22316.69
step  1902 | loss: 4.261560 | lr 5.6447e-04 | norm: 0.5266 | dt: 2945.03ms | tok/sec: 22253.07
step  1903 | loss: 4.271774 | lr 5.6442e-04 | norm: 0.5235 | dt: 2945.75ms | tok/sec: 22247.66
step  1904 | loss: 4.198189 | lr 5.6438e-04 | norm: 0.4857 | dt: 2975.31ms | tok/sec: 22026.60
step  1905 | loss: 4.312824 | lr 5.6434e-04 | norm: 0.4807 | dt: 2945.07ms | tok/sec: 22252.75
step  1906 | loss: 4.345880 | lr 5.6429e-04 | norm: 0.4556 | dt: 2942.02ms | tok/sec: 22275.88
step  1907 | loss: 4.268644 | lr 5.6425e-04 | norm: 0.4802 | dt: 2932.96ms | tok/sec: 22344.63
step  1908 | loss: 4.236668 | lr 5.6420e-04 | norm: 0.4719 | dt: 2942.16ms | tok/sec: 22274.77
step  1909 | loss: 4.266633 | lr 5.6416e-04 | norm: 0.4888 | dt: 2947.68ms | tok/sec: 22233.11
step  1910 | loss: 4.367413 | lr 5.6412e-04 | norm: 0.4742 | dt: 2931.33ms | tok/sec: 22357.09
step  1911 | loss: 4.244538 | lr 5.6407e-04 | norm: 0.4819 | dt: 2949.57ms | tok/sec: 22218.86
step  1912 | loss: 4.160991 | lr 5.6403e-04 | norm: 0.4261 | dt: 2957.83ms | tok/sec: 22156.76
step  1913 | loss: 4.429468 | lr 5.6399e-04 | norm: 0.5462 | dt: 2941.28ms | tok/sec: 22281.46
step  1914 | loss: 4.340349 | lr 5.6394e-04 | norm: 0.5721 | dt: 2949.13ms | tok/sec: 22222.12
step  1915 | loss: 4.295761 | lr 5.6390e-04 | norm: 0.4468 | dt: 2959.66ms | tok/sec: 22143.10
step  1916 | loss: 4.353066 | lr 5.6386e-04 | norm: 0.5528 | dt: 2948.11ms | tok/sec: 22229.81
step  1917 | loss: 4.254931 | lr 5.6381e-04 | norm: 0.4656 | dt: 2936.36ms | tok/sec: 22318.78
step  1918 | loss: 4.177922 | lr 5.6377e-04 | norm: 0.4335 | dt: 2947.70ms | tok/sec: 22232.96
step  1919 | loss: 4.203578 | lr 5.6372e-04 | norm: 0.5244 | dt: 2937.92ms | tok/sec: 22306.96
step  1920 | loss: 4.328869 | lr 5.6368e-04 | norm: 0.5719 | dt: 2941.25ms | tok/sec: 22281.72
step  1921 | loss: 4.339656 | lr 5.6364e-04 | norm: 0.4649 | dt: 2940.43ms | tok/sec: 22287.89
step  1922 | loss: 4.161589 | lr 5.6359e-04 | norm: 0.4832 | dt: 2947.01ms | tok/sec: 22238.15
step  1923 | loss: 4.315538 | lr 5.6355e-04 | norm: 0.4848 | dt: 2939.02ms | tok/sec: 22298.56
step  1924 | loss: 4.399956 | lr 5.6351e-04 | norm: 0.5647 | dt: 2939.96ms | tok/sec: 22291.46
step  1925 | loss: 4.366145 | lr 5.6346e-04 | norm: 0.5849 | dt: 2975.06ms | tok/sec: 22028.49
step  1926 | loss: 4.355867 | lr 5.6342e-04 | norm: 0.4758 | dt: 2944.42ms | tok/sec: 22257.70
step  1927 | loss: 4.314170 | lr 5.6337e-04 | norm: 0.6188 | dt: 2934.08ms | tok/sec: 22336.12
step  1928 | loss: 4.355319 | lr 5.6333e-04 | norm: 0.5297 | dt: 2945.01ms | tok/sec: 22253.25
step  1929 | loss: 4.379206 | lr 5.6329e-04 | norm: 0.5533 | dt: 2937.99ms | tok/sec: 22306.43
step  1930 | loss: 4.260665 | lr 5.6324e-04 | norm: 0.5714 | dt: 2935.84ms | tok/sec: 22322.77
step  1931 | loss: 4.422690 | lr 5.6320e-04 | norm: 0.5100 | dt: 2940.39ms | tok/sec: 22288.22
step  1932 | loss: 4.323944 | lr 5.6315e-04 | norm: 0.5450 | dt: 2974.96ms | tok/sec: 22029.19
step  1933 | loss: 4.259415 | lr 5.6311e-04 | norm: 0.5897 | dt: 2942.49ms | tok/sec: 22272.32
step  1934 | loss: 4.105490 | lr 5.6307e-04 | norm: 0.5337 | dt: 2932.18ms | tok/sec: 22350.63
step  1935 | loss: 4.023629 | lr 5.6302e-04 | norm: 0.7884 | dt: 2959.53ms | tok/sec: 22144.05
step  1936 | loss: 4.390388 | lr 5.6298e-04 | norm: 0.6454 | dt: 2938.37ms | tok/sec: 22303.50
step  1937 | loss: 4.581736 | lr 5.6293e-04 | norm: 0.5883 | dt: 2943.81ms | tok/sec: 22262.34
step  1938 | loss: 4.288770 | lr 5.6289e-04 | norm: 0.5498 | dt: 2950.38ms | tok/sec: 22212.77
step  1939 | loss: 4.367981 | lr 5.6284e-04 | norm: 0.7116 | dt: 2945.54ms | tok/sec: 22249.22
step  1940 | loss: 4.388204 | lr 5.6280e-04 | norm: 0.4727 | dt: 2936.27ms | tok/sec: 22319.49
step  1941 | loss: 4.244537 | lr 5.6276e-04 | norm: 0.5217 | dt: 2943.40ms | tok/sec: 22265.40
step  1942 | loss: 4.409067 | lr 5.6271e-04 | norm: 0.7243 | dt: 2944.38ms | tok/sec: 22257.96
step  1943 | loss: 4.306391 | lr 5.6267e-04 | norm: 0.6628 | dt: 2944.16ms | tok/sec: 22259.64
step  1944 | loss: 4.374171 | lr 5.6262e-04 | norm: 0.4859 | dt: 2942.48ms | tok/sec: 22272.34
step  1945 | loss: 4.291445 | lr 5.6258e-04 | norm: 0.5984 | dt: 2982.28ms | tok/sec: 21975.16
step  1946 | loss: 4.432238 | lr 5.6253e-04 | norm: 0.4985 | dt: 2936.18ms | tok/sec: 22320.15
step  1947 | loss: 4.258522 | lr 5.6249e-04 | norm: 0.5845 | dt: 2936.90ms | tok/sec: 22314.68
step  1948 | loss: 4.237831 | lr 5.6244e-04 | norm: 0.5056 | dt: 2950.01ms | tok/sec: 22215.49
step  1949 | loss: 4.381561 | lr 5.6240e-04 | norm: 0.6084 | dt: 2949.98ms | tok/sec: 22215.72
step  1950 | loss: 4.282696 | lr 5.6236e-04 | norm: 0.5075 | dt: 2937.23ms | tok/sec: 22312.14
step  1951 | loss: 4.299717 | lr 5.6231e-04 | norm: 0.5390 | dt: 2938.25ms | tok/sec: 22304.43
step  1952 | loss: 4.211113 | lr 5.6227e-04 | norm: 0.5223 | dt: 2941.93ms | tok/sec: 22276.50
step  1953 | loss: 4.313357 | lr 5.6222e-04 | norm: 0.4957 | dt: 2959.07ms | tok/sec: 22147.46
step  1954 | loss: 4.278235 | lr 5.6218e-04 | norm: 0.4490 | dt: 2940.44ms | tok/sec: 22287.79
step  1955 | loss: 4.373020 | lr 5.6213e-04 | norm: 0.4913 | dt: 2943.71ms | tok/sec: 22263.03
step  1956 | loss: 4.280796 | lr 5.6209e-04 | norm: 0.5171 | dt: 2953.08ms | tok/sec: 22192.41
step  1957 | loss: 4.330535 | lr 5.6204e-04 | norm: 0.4388 | dt: 2949.67ms | tok/sec: 22218.09
step  1958 | loss: 4.160911 | lr 5.6200e-04 | norm: 0.4993 | dt: 2947.63ms | tok/sec: 22233.44
step  1959 | loss: 4.243840 | lr 5.6195e-04 | norm: 0.4824 | dt: 2943.88ms | tok/sec: 22261.80
step  1960 | loss: 4.219711 | lr 5.6191e-04 | norm: 0.4589 | dt: 2952.40ms | tok/sec: 22197.50
step  1961 | loss: 4.216371 | lr 5.6186e-04 | norm: 0.4493 | dt: 2949.88ms | tok/sec: 22216.47
step  1962 | loss: 4.302693 | lr 5.6182e-04 | norm: 0.5214 | dt: 2945.35ms | tok/sec: 22250.66
step  1963 | loss: 4.041705 | lr 5.6177e-04 | norm: 0.4905 | dt: 2940.78ms | tok/sec: 22285.25
step  1964 | loss: 4.259746 | lr 5.6173e-04 | norm: 0.4958 | dt: 2941.86ms | tok/sec: 22277.09
step  1965 | loss: 4.168240 | lr 5.6169e-04 | norm: 0.4703 | dt: 2968.90ms | tok/sec: 22074.14
step  1966 | loss: 4.329587 | lr 5.6164e-04 | norm: 0.6282 | dt: 2939.79ms | tok/sec: 22292.73
step  1967 | loss: 4.199506 | lr 5.6160e-04 | norm: 0.4899 | dt: 2945.81ms | tok/sec: 22247.16
step  1968 | loss: 4.188341 | lr 5.6155e-04 | norm: 0.4849 | dt: 2946.55ms | tok/sec: 22241.57
step  1969 | loss: 4.253945 | lr 5.6151e-04 | norm: 0.5027 | dt: 2937.48ms | tok/sec: 22310.27
step  1970 | loss: 4.213989 | lr 5.6146e-04 | norm: 0.4641 | dt: 2941.92ms | tok/sec: 22276.58
step  1971 | loss: 4.273510 | lr 5.6142e-04 | norm: 0.5170 | dt: 2945.21ms | tok/sec: 22251.73
step  1972 | loss: 4.312894 | lr 5.6137e-04 | norm: 0.4425 | dt: 2947.55ms | tok/sec: 22234.09
step  1973 | loss: 4.190181 | lr 5.6133e-04 | norm: 0.5857 | dt: 2950.06ms | tok/sec: 22215.15
step  1974 | loss: 4.213848 | lr 5.6128e-04 | norm: 0.5068 | dt: 2942.01ms | tok/sec: 22275.96
step  1975 | loss: 4.188087 | lr 5.6123e-04 | norm: 0.5071 | dt: 2936.18ms | tok/sec: 22320.12
step  1976 | loss: 4.301137 | lr 5.6119e-04 | norm: 0.5132 | dt: 2940.78ms | tok/sec: 22285.22
step  1977 | loss: 4.345919 | lr 5.6114e-04 | norm: 0.5006 | dt: 2937.59ms | tok/sec: 22309.44
step  1978 | loss: 4.295008 | lr 5.6110e-04 | norm: 0.4826 | dt: 2948.15ms | tok/sec: 22229.53
step  1979 | loss: 4.290239 | lr 5.6105e-04 | norm: 0.5107 | dt: 2939.23ms | tok/sec: 22297.00
step  1980 | loss: 4.292083 | lr 5.6101e-04 | norm: 0.5510 | dt: 2944.29ms | tok/sec: 22258.71
step  1981 | loss: 4.274326 | lr 5.6096e-04 | norm: 0.4892 | dt: 2944.66ms | tok/sec: 22255.88
step  1982 | loss: 4.220633 | lr 5.6092e-04 | norm: 0.4438 | dt: 2942.57ms | tok/sec: 22271.70
step  1983 | loss: 4.258507 | lr 5.6087e-04 | norm: 0.5009 | dt: 2942.95ms | tok/sec: 22268.79
step  1984 | loss: 4.269508 | lr 5.6083e-04 | norm: 0.4741 | dt: 2937.17ms | tok/sec: 22312.66
step  1985 | loss: 4.317253 | lr 5.6078e-04 | norm: 0.5536 | dt: 2940.10ms | tok/sec: 22290.42
step  1986 | loss: 4.050592 | lr 5.6074e-04 | norm: 0.4724 | dt: 2982.17ms | tok/sec: 21975.92
step  1987 | loss: 4.278367 | lr 5.6069e-04 | norm: 0.4451 | dt: 2945.91ms | tok/sec: 22246.41
step  1988 | loss: 4.176781 | lr 5.6065e-04 | norm: 0.4963 | dt: 2933.29ms | tok/sec: 22342.17
step  1989 | loss: 4.215036 | lr 5.6060e-04 | norm: 0.4542 | dt: 2935.06ms | tok/sec: 22328.70
step  1990 | loss: 4.163580 | lr 5.6055e-04 | norm: 0.4611 | dt: 2940.45ms | tok/sec: 22287.73
step  1991 | loss: 4.154203 | lr 5.6051e-04 | norm: 0.4145 | dt: 2938.53ms | tok/sec: 22302.31
step  1992 | loss: 4.182461 | lr 5.6046e-04 | norm: 0.4538 | dt: 2938.95ms | tok/sec: 22299.15
step  1993 | loss: 3.931313 | lr 5.6042e-04 | norm: 0.6136 | dt: 2957.84ms | tok/sec: 22156.73
step  1994 | loss: 4.249292 | lr 5.6037e-04 | norm: 0.7265 | dt: 2947.50ms | tok/sec: 22234.44
step  1995 | loss: 4.238285 | lr 5.6033e-04 | norm: 0.4736 | dt: 2948.18ms | tok/sec: 22229.27
step  1996 | loss: 4.265799 | lr 5.6028e-04 | norm: 0.5721 | dt: 2956.80ms | tok/sec: 22164.46
step  1997 | loss: 4.494975 | lr 5.6024e-04 | norm: 0.6049 | dt: 2928.51ms | tok/sec: 22378.65
step  1998 | loss: 4.256783 | lr 5.6019e-04 | norm: 0.5176 | dt: 2942.88ms | tok/sec: 22269.32
step  1999 | loss: 4.148623 | lr 5.6014e-04 | norm: 0.4893 | dt: 2944.07ms | tok/sec: 22260.35
validation loss: 4.2026
HellaSwag accuracy: 2499/10042=0.2489
rank 0 sample 0: Hello, I'm a language model, and I want to make things for that sort of language. I also see this as "salt." So I don
rank 0 sample 1: Hello, I'm a language model, but not a language model. The name is "transrogative and dynamic" (or "interconnecting" in
rank 0 sample 2: Hello, I'm a language model, but I need to tell your colleagues that you'd like to read more on the paper than in the paper. I wonder
rank 0 sample 3: Hello, I'm a language model, and they are very easy to learn, so each year I've created a lot of different classes, we'll get in
step  2000 | loss: 4.138684 | lr 5.6010e-04 | norm: 0.5312 | dt: 107794.41ms | tok/sec: 607.97
step  2001 | loss: 4.133462 | lr 5.6005e-04 | norm: 0.5455 | dt: 2948.45ms | tok/sec: 22227.28
step  2002 | loss: 4.419957 | lr 5.6001e-04 | norm: 0.5273 | dt: 2961.22ms | tok/sec: 22131.44
step  2003 | loss: 4.209468 | lr 5.5996e-04 | norm: 0.4779 | dt: 2942.16ms | tok/sec: 22274.78
step  2004 | loss: 4.249670 | lr 5.5992e-04 | norm: 0.5064 | dt: 2946.52ms | tok/sec: 22241.84
step  2005 | loss: 4.393507 | lr 5.5987e-04 | norm: 0.5912 | dt: 2943.20ms | tok/sec: 22266.93
step  2006 | loss: 4.247637 | lr 5.5982e-04 | norm: 0.5530 | dt: 2947.95ms | tok/sec: 22231.01
step  2007 | loss: 4.270854 | lr 5.5978e-04 | norm: 0.4760 | dt: 2945.82ms | tok/sec: 22247.12
step  2008 | loss: 4.226852 | lr 5.5973e-04 | norm: 0.5372 | dt: 2941.64ms | tok/sec: 22278.71
step  2009 | loss: 4.217334 | lr 5.5969e-04 | norm: 0.4692 | dt: 2938.33ms | tok/sec: 22303.86
step  2010 | loss: 4.313437 | lr 5.5964e-04 | norm: 0.5283 | dt: 2945.59ms | tok/sec: 22248.85
step  2011 | loss: 4.163851 | lr 5.5959e-04 | norm: 0.5793 | dt: 2964.73ms | tok/sec: 22105.24
step  2012 | loss: 4.257990 | lr 5.5955e-04 | norm: 0.5252 | dt: 2933.59ms | tok/sec: 22339.87
step  2013 | loss: 4.312368 | lr 5.5950e-04 | norm: 0.4818 | dt: 2947.36ms | tok/sec: 22235.48
step  2014 | loss: 4.260585 | lr 5.5946e-04 | norm: 0.4797 | dt: 2947.01ms | tok/sec: 22238.15
step  2015 | loss: 4.279902 | lr 5.5941e-04 | norm: 0.4712 | dt: 2943.73ms | tok/sec: 22262.91
step  2016 | loss: 4.286177 | lr 5.5936e-04 | norm: 0.4651 | dt: 2943.68ms | tok/sec: 22263.27
step  2017 | loss: 4.200376 | lr 5.5932e-04 | norm: 0.4483 | dt: 2942.06ms | tok/sec: 22275.52
step  2018 | loss: 4.181481 | lr 5.5927e-04 | norm: 0.5015 | dt: 2932.51ms | tok/sec: 22348.10
step  2019 | loss: 4.231824 | lr 5.5922e-04 | norm: 0.7187 | dt: 2959.88ms | tok/sec: 22141.44
step  2020 | loss: 4.221731 | lr 5.5918e-04 | norm: 0.4952 | dt: 2941.87ms | tok/sec: 22276.99
step  2021 | loss: 4.225907 | lr 5.5913e-04 | norm: 0.4881 | dt: 2943.94ms | tok/sec: 22261.31
step  2022 | loss: 4.226579 | lr 5.5909e-04 | norm: 0.4658 | dt: 2961.88ms | tok/sec: 22126.49
step  2023 | loss: 4.209861 | lr 5.5904e-04 | norm: 0.4516 | dt: 2944.16ms | tok/sec: 22259.62
step  2024 | loss: 4.140800 | lr 5.5899e-04 | norm: 0.5456 | dt: 2931.96ms | tok/sec: 22352.25
step  2025 | loss: 4.232463 | lr 5.5895e-04 | norm: 0.5380 | dt: 2941.93ms | tok/sec: 22276.50
step  2026 | loss: 4.281399 | lr 5.5890e-04 | norm: 0.5070 | dt: 2946.62ms | tok/sec: 22241.08
step  2027 | loss: 4.241059 | lr 5.5885e-04 | norm: 0.4707 | dt: 2938.68ms | tok/sec: 22301.14
step  2028 | loss: 4.293158 | lr 5.5881e-04 | norm: 0.5044 | dt: 2945.14ms | tok/sec: 22252.26
step  2029 | loss: 4.249895 | lr 5.5876e-04 | norm: 0.5057 | dt: 2948.18ms | tok/sec: 22229.34
step  2030 | loss: 4.275282 | lr 5.5872e-04 | norm: 0.5422 | dt: 2939.34ms | tok/sec: 22296.18
step  2031 | loss: 4.307400 | lr 5.5867e-04 | norm: 0.5388 | dt: 2939.50ms | tok/sec: 22294.97
step  2032 | loss: 4.347444 | lr 5.5862e-04 | norm: 0.5114 | dt: 2975.80ms | tok/sec: 22022.97
step  2033 | loss: 4.429235 | lr 5.5858e-04 | norm: 0.4970 | dt: 2964.41ms | tok/sec: 22107.63
step  2034 | loss: 4.256897 | lr 5.5853e-04 | norm: 0.5079 | dt: 2945.08ms | tok/sec: 22252.73
step  2035 | loss: 4.199449 | lr 5.5848e-04 | norm: 0.4238 | dt: 2958.05ms | tok/sec: 22155.16
step  2036 | loss: 4.238500 | lr 5.5844e-04 | norm: 0.4767 | dt: 2940.01ms | tok/sec: 22291.09
step  2037 | loss: 4.384901 | lr 5.5839e-04 | norm: 0.4403 | dt: 2933.44ms | tok/sec: 22340.98
step  2038 | loss: 4.243622 | lr 5.5834e-04 | norm: 0.4661 | dt: 2937.52ms | tok/sec: 22310.01
step  2039 | loss: 4.156878 | lr 5.5830e-04 | norm: 0.4793 | dt: 2961.72ms | tok/sec: 22127.72
step  2040 | loss: 4.210111 | lr 5.5825e-04 | norm: 0.4766 | dt: 2945.45ms | tok/sec: 22249.94
step  2041 | loss: 4.156804 | lr 5.5820e-04 | norm: 0.4704 | dt: 2946.06ms | tok/sec: 22245.27
step  2042 | loss: 4.152186 | lr 5.5816e-04 | norm: 0.4373 | dt: 2938.01ms | tok/sec: 22306.26
step  2043 | loss: 4.216002 | lr 5.5811e-04 | norm: 0.5883 | dt: 2934.57ms | tok/sec: 22332.41
step  2044 | loss: 4.108470 | lr 5.5806e-04 | norm: 0.5130 | dt: 2948.89ms | tok/sec: 22223.92
step  2045 | loss: 4.121873 | lr 5.5802e-04 | norm: 0.4419 | dt: 2939.60ms | tok/sec: 22294.22
step  2046 | loss: 4.109885 | lr 5.5797e-04 | norm: 0.4421 | dt: 2940.72ms | tok/sec: 22285.69
step  2047 | loss: 4.133922 | lr 5.5792e-04 | norm: 0.4555 | dt: 2940.27ms | tok/sec: 22289.07
step  2048 | loss: 4.140188 | lr 5.5787e-04 | norm: 0.4407 | dt: 2938.39ms | tok/sec: 22303.41
step  2049 | loss: 4.155592 | lr 5.5783e-04 | norm: 0.4359 | dt: 2938.00ms | tok/sec: 22306.34
step  2050 | loss: 4.135662 | lr 5.5778e-04 | norm: 0.3964 | dt: 2946.11ms | tok/sec: 22244.91
step  2051 | loss: 4.241951 | lr 5.5773e-04 | norm: 0.4923 | dt: 2951.14ms | tok/sec: 22207.00
step  2052 | loss: 4.132210 | lr 5.5769e-04 | norm: 0.5002 | dt: 2978.85ms | tok/sec: 22000.41
step  2053 | loss: 4.195442 | lr 5.5764e-04 | norm: 0.5495 | dt: 2941.69ms | tok/sec: 22278.36
step  2054 | loss: 4.163260 | lr 5.5759e-04 | norm: 0.5838 | dt: 2964.03ms | tok/sec: 22110.42
step  2055 | loss: 4.210857 | lr 5.5755e-04 | norm: 0.5099 | dt: 2944.67ms | tok/sec: 22255.79
step  2056 | loss: 4.185891 | lr 5.5750e-04 | norm: 0.5171 | dt: 2938.54ms | tok/sec: 22302.24
step  2057 | loss: 4.235319 | lr 5.5745e-04 | norm: 0.4578 | dt: 2945.25ms | tok/sec: 22251.41
step  2058 | loss: 4.107361 | lr 5.5740e-04 | norm: 0.5263 | dt: 2937.44ms | tok/sec: 22310.57
step  2059 | loss: 4.296561 | lr 5.5736e-04 | norm: 0.5516 | dt: 2948.05ms | tok/sec: 22230.31
step  2060 | loss: 4.010949 | lr 5.5731e-04 | norm: 0.5684 | dt: 2951.12ms | tok/sec: 22207.14
step  2061 | loss: 4.224433 | lr 5.5726e-04 | norm: 0.5742 | dt: 2947.07ms | tok/sec: 22237.71
step  2062 | loss: 4.139939 | lr 5.5722e-04 | norm: 0.4662 | dt: 2949.64ms | tok/sec: 22218.32
step  2063 | loss: 4.288614 | lr 5.5717e-04 | norm: 0.5017 | dt: 2942.02ms | tok/sec: 22275.89
step  2064 | loss: 4.127614 | lr 5.5712e-04 | norm: 0.4521 | dt: 2939.90ms | tok/sec: 22291.93
step  2065 | loss: 4.157191 | lr 5.5707e-04 | norm: 0.5089 | dt: 2945.79ms | tok/sec: 22247.32
step  2066 | loss: 4.210705 | lr 5.5703e-04 | norm: 0.4911 | dt: 2948.16ms | tok/sec: 22229.49
step  2067 | loss: 4.166828 | lr 5.5698e-04 | norm: 0.5212 | dt: 2947.25ms | tok/sec: 22236.32
step  2068 | loss: 4.161719 | lr 5.5693e-04 | norm: 0.4800 | dt: 2943.10ms | tok/sec: 22267.71
step  2069 | loss: 4.152756 | lr 5.5688e-04 | norm: 0.5516 | dt: 2948.31ms | tok/sec: 22228.31
step  2070 | loss: 4.101932 | lr 5.5684e-04 | norm: 0.5018 | dt: 2952.59ms | tok/sec: 22196.14
step  2071 | loss: 4.221587 | lr 5.5679e-04 | norm: 0.5131 | dt: 2942.53ms | tok/sec: 22271.99
step  2072 | loss: 4.196648 | lr 5.5674e-04 | norm: 0.5206 | dt: 2991.15ms | tok/sec: 21909.98
step  2073 | loss: 4.164114 | lr 5.5669e-04 | norm: 0.4786 | dt: 2940.52ms | tok/sec: 22287.20
step  2074 | loss: 4.287447 | lr 5.5665e-04 | norm: 0.5164 | dt: 2955.85ms | tok/sec: 22171.59
step  2075 | loss: 4.059636 | lr 5.5660e-04 | norm: 0.5462 | dt: 2946.37ms | tok/sec: 22242.95
step  2076 | loss: 4.109159 | lr 5.5655e-04 | norm: 0.5408 | dt: 2943.48ms | tok/sec: 22264.78
step  2077 | loss: 4.207946 | lr 5.5650e-04 | norm: 0.5100 | dt: 2945.01ms | tok/sec: 22253.24
step  2078 | loss: 4.167260 | lr 5.5646e-04 | norm: 0.5182 | dt: 2950.89ms | tok/sec: 22208.88
step  2079 | loss: 4.228967 | lr 5.5641e-04 | norm: 0.4727 | dt: 2944.68ms | tok/sec: 22255.74
step  2080 | loss: 4.263931 | lr 5.5636e-04 | norm: 0.5140 | dt: 2966.63ms | tok/sec: 22091.06
step  2081 | loss: 4.027115 | lr 5.5631e-04 | norm: 0.7462 | dt: 2952.07ms | tok/sec: 22200.01
step  2082 | loss: 4.174302 | lr 5.5627e-04 | norm: 0.6905 | dt: 2943.56ms | tok/sec: 22264.21
step  2083 | loss: 4.278884 | lr 5.5622e-04 | norm: 0.5950 | dt: 2951.27ms | tok/sec: 22206.05
step  2084 | loss: 4.147635 | lr 5.5617e-04 | norm: 0.5333 | dt: 2943.04ms | tok/sec: 22268.10
step  2085 | loss: 4.109980 | lr 5.5612e-04 | norm: 0.5558 | dt: 2947.10ms | tok/sec: 22237.44
step  2086 | loss: 4.172948 | lr 5.5608e-04 | norm: 0.5024 | dt: 2955.23ms | tok/sec: 22176.28
step  2087 | loss: 4.220709 | lr 5.5603e-04 | norm: 0.4789 | dt: 2950.47ms | tok/sec: 22212.09
step  2088 | loss: 4.149850 | lr 5.5598e-04 | norm: 0.5087 | dt: 2950.70ms | tok/sec: 22210.29
step  2089 | loss: 4.151929 | lr 5.5593e-04 | norm: 0.5281 | dt: 2937.80ms | tok/sec: 22307.85
step  2090 | loss: 4.103919 | lr 5.5588e-04 | norm: 0.5229 | dt: 2954.49ms | tok/sec: 22181.84
step  2091 | loss: 4.276278 | lr 5.5584e-04 | norm: 0.4663 | dt: 2942.80ms | tok/sec: 22269.95
step  2092 | loss: 4.184814 | lr 5.5579e-04 | norm: 0.4296 | dt: 2948.54ms | tok/sec: 22226.56
step  2093 | loss: 4.302182 | lr 5.5574e-04 | norm: 0.4802 | dt: 2985.16ms | tok/sec: 21953.90
step  2094 | loss: 4.039178 | lr 5.5569e-04 | norm: 0.4598 | dt: 2946.93ms | tok/sec: 22238.72
step  2095 | loss: 4.132125 | lr 5.5564e-04 | norm: 0.4875 | dt: 2951.92ms | tok/sec: 22201.16
step  2096 | loss: 4.125469 | lr 5.5560e-04 | norm: 0.5087 | dt: 2942.29ms | tok/sec: 22273.78
step  2097 | loss: 4.156242 | lr 5.5555e-04 | norm: 0.4805 | dt: 2947.58ms | tok/sec: 22233.83
step  2098 | loss: 4.100124 | lr 5.5550e-04 | norm: 0.5539 | dt: 2952.42ms | tok/sec: 22197.37
step  2099 | loss: 4.118112 | lr 5.5545e-04 | norm: 0.4632 | dt: 2948.90ms | tok/sec: 22223.84
step  2100 | loss: 4.151055 | lr 5.5540e-04 | norm: 0.4894 | dt: 2965.32ms | tok/sec: 22100.82
step  2101 | loss: 4.279428 | lr 5.5536e-04 | norm: 0.4678 | dt: 2938.46ms | tok/sec: 22302.81
step  2102 | loss: 4.124581 | lr 5.5531e-04 | norm: 0.4369 | dt: 2939.11ms | tok/sec: 22297.92
step  2103 | loss: 4.156166 | lr 5.5526e-04 | norm: 0.4882 | dt: 2947.07ms | tok/sec: 22237.68
step  2104 | loss: 4.227686 | lr 5.5521e-04 | norm: 0.4745 | dt: 2942.49ms | tok/sec: 22272.32
step  2105 | loss: 4.182270 | lr 5.5516e-04 | norm: 0.5113 | dt: 2944.00ms | tok/sec: 22260.86
step  2106 | loss: 4.096611 | lr 5.5511e-04 | norm: 0.4259 | dt: 2941.96ms | tok/sec: 22276.27
step  2107 | loss: 4.200537 | lr 5.5507e-04 | norm: 0.4743 | dt: 2936.69ms | tok/sec: 22316.27
step  2108 | loss: 4.075637 | lr 5.5502e-04 | norm: 0.4970 | dt: 2947.40ms | tok/sec: 22235.16
step  2109 | loss: 4.151772 | lr 5.5497e-04 | norm: 0.4086 | dt: 2941.31ms | tok/sec: 22281.26
step  2110 | loss: 4.097709 | lr 5.5492e-04 | norm: 0.4926 | dt: 2948.99ms | tok/sec: 22223.21
step  2111 | loss: 4.169150 | lr 5.5487e-04 | norm: 0.4185 | dt: 2947.92ms | tok/sec: 22231.27
step  2112 | loss: 4.273401 | lr 5.5482e-04 | norm: 0.5223 | dt: 2935.72ms | tok/sec: 22323.67
step  2113 | loss: 3.991244 | lr 5.5478e-04 | norm: 0.4352 | dt: 2989.71ms | tok/sec: 21920.50
step  2114 | loss: 4.155594 | lr 5.5473e-04 | norm: 0.5001 | dt: 2948.87ms | tok/sec: 22224.09
step  2115 | loss: 4.066268 | lr 5.5468e-04 | norm: 0.4344 | dt: 2946.23ms | tok/sec: 22244.02
step  2116 | loss: 4.158429 | lr 5.5463e-04 | norm: 0.4408 | dt: 2953.65ms | tok/sec: 22188.17
step  2117 | loss: 4.216051 | lr 5.5458e-04 | norm: 0.4887 | dt: 2952.34ms | tok/sec: 22197.98
step  2118 | loss: 4.180860 | lr 5.5453e-04 | norm: 0.5059 | dt: 2940.80ms | tok/sec: 22285.08
step  2119 | loss: 4.140666 | lr 5.5448e-04 | norm: 0.4523 | dt: 2949.75ms | tok/sec: 22217.47
step  2120 | loss: 4.246623 | lr 5.5444e-04 | norm: 0.4554 | dt: 2945.35ms | tok/sec: 22250.65
step  2121 | loss: 4.147412 | lr 5.5439e-04 | norm: 0.4365 | dt: 2967.88ms | tok/sec: 22081.78
step  2122 | loss: 4.224408 | lr 5.5434e-04 | norm: 0.4749 | dt: 2939.65ms | tok/sec: 22293.77
step  2123 | loss: 4.122382 | lr 5.5429e-04 | norm: 0.4840 | dt: 2952.62ms | tok/sec: 22195.87
step  2124 | loss: 4.100044 | lr 5.5424e-04 | norm: 0.4599 | dt: 2969.69ms | tok/sec: 22068.31
step  2125 | loss: 4.074307 | lr 5.5419e-04 | norm: 0.4706 | dt: 2952.04ms | tok/sec: 22200.23
step  2126 | loss: 4.098312 | lr 5.5414e-04 | norm: 0.5460 | dt: 2944.31ms | tok/sec: 22258.49
step  2127 | loss: 4.052219 | lr 5.5410e-04 | norm: 0.4531 | dt: 2943.33ms | tok/sec: 22265.92
step  2128 | loss: 4.153318 | lr 5.5405e-04 | norm: 0.5173 | dt: 2948.10ms | tok/sec: 22229.91
step  2129 | loss: 4.309563 | lr 5.5400e-04 | norm: 0.4609 | dt: 2940.97ms | tok/sec: 22283.84
step  2130 | loss: 4.193663 | lr 5.5395e-04 | norm: 0.4928 | dt: 2944.21ms | tok/sec: 22259.26
step  2131 | loss: 4.369785 | lr 5.5390e-04 | norm: 0.4412 | dt: 2945.79ms | tok/sec: 22247.34
step  2132 | loss: 4.165563 | lr 5.5385e-04 | norm: 0.5072 | dt: 2953.01ms | tok/sec: 22192.96
step  2133 | loss: 4.180879 | lr 5.5380e-04 | norm: 0.5309 | dt: 2986.19ms | tok/sec: 21946.37
step  2134 | loss: 4.044981 | lr 5.5375e-04 | norm: 0.4617 | dt: 2941.52ms | tok/sec: 22279.61
step  2135 | loss: 4.037588 | lr 5.5370e-04 | norm: 0.5130 | dt: 2939.05ms | tok/sec: 22298.33
step  2136 | loss: 4.181261 | lr 5.5366e-04 | norm: 0.5324 | dt: 2942.68ms | tok/sec: 22270.85
step  2137 | loss: 4.057677 | lr 5.5361e-04 | norm: 0.4770 | dt: 2938.73ms | tok/sec: 22300.76
step  2138 | loss: 4.154500 | lr 5.5356e-04 | norm: 0.5875 | dt: 2940.70ms | tok/sec: 22285.87
step  2139 | loss: 3.994474 | lr 5.5351e-04 | norm: 0.4675 | dt: 2951.12ms | tok/sec: 22207.13
step  2140 | loss: 3.993643 | lr 5.5346e-04 | norm: 0.4841 | dt: 2949.95ms | tok/sec: 22215.97
step  2141 | loss: 4.100670 | lr 5.5341e-04 | norm: 0.4806 | dt: 2950.83ms | tok/sec: 22209.38
step  2142 | loss: 3.919637 | lr 5.5336e-04 | norm: 0.4855 | dt: 2938.26ms | tok/sec: 22304.33
step  2143 | loss: 4.010431 | lr 5.5331e-04 | norm: 0.4838 | dt: 2948.79ms | tok/sec: 22224.75
step  2144 | loss: 4.148686 | lr 5.5326e-04 | norm: 0.5112 | dt: 2948.04ms | tok/sec: 22230.38
step  2145 | loss: 4.028667 | lr 5.5321e-04 | norm: 0.5363 | dt: 2945.21ms | tok/sec: 22251.71
step  2146 | loss: 4.046161 | lr 5.5316e-04 | norm: 0.4885 | dt: 2942.42ms | tok/sec: 22272.84
step  2147 | loss: 3.960870 | lr 5.5311e-04 | norm: 0.4741 | dt: 2945.46ms | tok/sec: 22249.80
step  2148 | loss: 4.013158 | lr 5.5307e-04 | norm: 0.4643 | dt: 2943.21ms | tok/sec: 22266.81
step  2149 | loss: 3.926466 | lr 5.5302e-04 | norm: 0.5414 | dt: 2939.35ms | tok/sec: 22296.12
step  2150 | loss: 4.042580 | lr 5.5297e-04 | norm: 0.4958 | dt: 2944.76ms | tok/sec: 22255.16
step  2151 | loss: 4.146456 | lr 5.5292e-04 | norm: 0.5279 | dt: 2948.71ms | tok/sec: 22225.35
step  2152 | loss: 4.161575 | lr 5.5287e-04 | norm: 0.4551 | dt: 2939.08ms | tok/sec: 22298.14
step  2153 | loss: 4.160012 | lr 5.5282e-04 | norm: 0.5210 | dt: 2948.93ms | tok/sec: 22223.64
step  2154 | loss: 4.040458 | lr 5.5277e-04 | norm: 0.4511 | dt: 2967.14ms | tok/sec: 22087.23
step  2155 | loss: 3.930407 | lr 5.5272e-04 | norm: 0.4986 | dt: 2941.46ms | tok/sec: 22280.12
step  2156 | loss: 4.713357 | lr 5.5267e-04 | norm: 1.2698 | dt: 2940.97ms | tok/sec: 22283.77
step  2157 | loss: 3.938216 | lr 5.5262e-04 | norm: 0.7322 | dt: 2946.92ms | tok/sec: 22238.82
step  2158 | loss: 3.996600 | lr 5.5257e-04 | norm: 0.6004 | dt: 2946.61ms | tok/sec: 22241.19
step  2159 | loss: 3.991933 | lr 5.5252e-04 | norm: 0.5261 | dt: 2949.34ms | tok/sec: 22220.53
step  2160 | loss: 4.080706 | lr 5.5247e-04 | norm: 0.6036 | dt: 2943.74ms | tok/sec: 22262.85
step  2161 | loss: 4.128819 | lr 5.5242e-04 | norm: 0.5144 | dt: 2946.86ms | tok/sec: 22239.23
step  2162 | loss: 4.061211 | lr 5.5237e-04 | norm: 0.6186 | dt: 2963.70ms | tok/sec: 22112.93
step  2163 | loss: 4.132707 | lr 5.5232e-04 | norm: 0.5160 | dt: 2938.55ms | tok/sec: 22302.18
step  2164 | loss: 4.448353 | lr 5.5227e-04 | norm: 0.8338 | dt: 2969.26ms | tok/sec: 22071.46
step  2165 | loss: 3.954654 | lr 5.5222e-04 | norm: 0.6210 | dt: 2947.07ms | tok/sec: 22237.69
step  2166 | loss: 3.958702 | lr 5.5218e-04 | norm: 0.4640 | dt: 2942.28ms | tok/sec: 22273.86
step  2167 | loss: 4.170375 | lr 5.5213e-04 | norm: 0.5650 | dt: 2935.94ms | tok/sec: 22321.99
step  2168 | loss: 3.976742 | lr 5.5208e-04 | norm: 0.4724 | dt: 2943.83ms | tok/sec: 22262.17
step  2169 | loss: 4.123898 | lr 5.5203e-04 | norm: 0.5063 | dt: 2935.49ms | tok/sec: 22325.38
step  2170 | loss: 3.957626 | lr 5.5198e-04 | norm: 1.0655 | dt: 2946.95ms | tok/sec: 22238.60
step  2171 | loss: 3.994933 | lr 5.5193e-04 | norm: 0.7842 | dt: 2945.76ms | tok/sec: 22247.60
step  2172 | loss: 4.151851 | lr 5.5188e-04 | norm: 0.5599 | dt: 2943.29ms | tok/sec: 22266.21
step  2173 | loss: 4.031140 | lr 5.5183e-04 | norm: 0.5978 | dt: 2942.76ms | tok/sec: 22270.26
step  2174 | loss: 4.163666 | lr 5.5178e-04 | norm: 0.5770 | dt: 2974.32ms | tok/sec: 22033.96
step  2175 | loss: 4.012893 | lr 5.5173e-04 | norm: 0.6437 | dt: 2944.63ms | tok/sec: 22256.11
step  2176 | loss: 4.164553 | lr 5.5168e-04 | norm: 0.5435 | dt: 2939.88ms | tok/sec: 22292.07
step  2177 | loss: 4.085540 | lr 5.5163e-04 | norm: 0.4960 | dt: 2947.38ms | tok/sec: 22235.34
step  2178 | loss: 3.949702 | lr 5.5158e-04 | norm: 0.5318 | dt: 2937.25ms | tok/sec: 22312.00
step  2179 | loss: 4.069013 | lr 5.5153e-04 | norm: 0.5112 | dt: 2942.97ms | tok/sec: 22268.68
step  2180 | loss: 4.098791 | lr 5.5148e-04 | norm: 0.5105 | dt: 2967.65ms | tok/sec: 22083.46
step  2181 | loss: 3.960937 | lr 5.5143e-04 | norm: 0.5017 | dt: 2943.11ms | tok/sec: 22267.57
step  2182 | loss: 4.181265 | lr 5.5138e-04 | norm: 0.4721 | dt: 2959.58ms | tok/sec: 22143.69
step  2183 | loss: 4.041902 | lr 5.5133e-04 | norm: 0.5152 | dt: 2937.69ms | tok/sec: 22308.68
step  2184 | loss: 4.019819 | lr 5.5128e-04 | norm: 0.4702 | dt: 2943.23ms | tok/sec: 22266.73
step  2185 | loss: 4.253221 | lr 5.5123e-04 | norm: 0.6296 | dt: 2947.49ms | tok/sec: 22234.55
step  2186 | loss: 4.107235 | lr 5.5118e-04 | norm: 0.5060 | dt: 2944.13ms | tok/sec: 22259.89
step  2187 | loss: 4.046525 | lr 5.5113e-04 | norm: 0.4680 | dt: 2940.95ms | tok/sec: 22283.92
step  2188 | loss: 3.949611 | lr 5.5108e-04 | norm: 0.5226 | dt: 2943.99ms | tok/sec: 22260.94
step  2189 | loss: 4.098762 | lr 5.5103e-04 | norm: 0.4488 | dt: 2955.22ms | tok/sec: 22176.37
step  2190 | loss: 4.083319 | lr 5.5098e-04 | norm: 0.4862 | dt: 2946.11ms | tok/sec: 22244.95
step  2191 | loss: 4.006311 | lr 5.5093e-04 | norm: 0.4269 | dt: 2940.39ms | tok/sec: 22288.23
step  2192 | loss: 4.098884 | lr 5.5088e-04 | norm: 0.4762 | dt: 2946.85ms | tok/sec: 22239.32
step  2193 | loss: 4.041537 | lr 5.5082e-04 | norm: 0.4537 | dt: 2949.05ms | tok/sec: 22222.75
step  2194 | loss: 3.905679 | lr 5.5077e-04 | norm: 0.4497 | dt: 2982.50ms | tok/sec: 21973.54
step  2195 | loss: 4.036070 | lr 5.5072e-04 | norm: 0.4517 | dt: 2943.99ms | tok/sec: 22260.96
step  2196 | loss: 3.961425 | lr 5.5067e-04 | norm: 0.4420 | dt: 2948.10ms | tok/sec: 22229.91
step  2197 | loss: 4.040358 | lr 5.5062e-04 | norm: 0.4420 | dt: 2958.11ms | tok/sec: 22154.68
step  2198 | loss: 4.056258 | lr 5.5057e-04 | norm: 0.4639 | dt: 2938.39ms | tok/sec: 22303.40
step  2199 | loss: 4.040631 | lr 5.5052e-04 | norm: 0.4468 | dt: 2945.98ms | tok/sec: 22245.88
step  2200 | loss: 4.025635 | lr 5.5047e-04 | norm: 0.4522 | dt: 2951.22ms | tok/sec: 22206.39
step  2201 | loss: 3.993351 | lr 5.5042e-04 | norm: 0.4608 | dt: 2951.57ms | tok/sec: 22203.75
step  2202 | loss: 4.004274 | lr 5.5037e-04 | norm: 0.5220 | dt: 2968.75ms | tok/sec: 22075.25
step  2203 | loss: 4.285463 | lr 5.5032e-04 | norm: 0.4842 | dt: 2944.40ms | tok/sec: 22257.84
step  2204 | loss: 4.035201 | lr 5.5027e-04 | norm: 0.4690 | dt: 2946.47ms | tok/sec: 22242.20
step  2205 | loss: 4.123830 | lr 5.5022e-04 | norm: 0.4523 | dt: 2977.39ms | tok/sec: 22011.25
step  2206 | loss: 4.098948 | lr 5.5017e-04 | norm: 0.4868 | dt: 2948.79ms | tok/sec: 22224.73
step  2207 | loss: 4.116772 | lr 5.5012e-04 | norm: 0.4627 | dt: 2943.55ms | tok/sec: 22264.28
step  2208 | loss: 4.073583 | lr 5.5007e-04 | norm: 0.9898 | dt: 2943.08ms | tok/sec: 22267.82
step  2209 | loss: 3.944788 | lr 5.5002e-04 | norm: 0.4687 | dt: 2953.17ms | tok/sec: 22191.73
step  2210 | loss: 4.036132 | lr 5.4997e-04 | norm: 0.5095 | dt: 2946.37ms | tok/sec: 22242.94
step  2211 | loss: 4.070368 | lr 5.4992e-04 | norm: 0.4698 | dt: 2944.94ms | tok/sec: 22253.75
step  2212 | loss: 4.220076 | lr 5.4986e-04 | norm: 0.5623 | dt: 2952.86ms | tok/sec: 22194.07
step  2213 | loss: 3.977906 | lr 5.4981e-04 | norm: 0.5086 | dt: 2955.89ms | tok/sec: 22171.31
step  2214 | loss: 3.945727 | lr 5.4976e-04 | norm: 0.6389 | dt: 2943.86ms | tok/sec: 22261.91
step  2215 | loss: 4.181670 | lr 5.4971e-04 | norm: 0.6480 | dt: 2976.79ms | tok/sec: 22015.68
step  2216 | loss: 4.062805 | lr 5.4966e-04 | norm: 0.5169 | dt: 2950.28ms | tok/sec: 22213.48
step  2217 | loss: 4.037874 | lr 5.4961e-04 | norm: 0.4847 | dt: 2946.56ms | tok/sec: 22241.49
step  2218 | loss: 4.087119 | lr 5.4956e-04 | norm: 0.4708 | dt: 2944.82ms | tok/sec: 22254.68
step  2219 | loss: 4.051473 | lr 5.4951e-04 | norm: 0.4563 | dt: 2941.94ms | tok/sec: 22276.43
step  2220 | loss: 4.104840 | lr 5.4946e-04 | norm: 0.4525 | dt: 2939.52ms | tok/sec: 22294.78
step  2221 | loss: 4.041519 | lr 5.4941e-04 | norm: 0.4794 | dt: 2953.41ms | tok/sec: 22189.95
step  2222 | loss: 4.011147 | lr 5.4936e-04 | norm: 0.4404 | dt: 2941.32ms | tok/sec: 22281.19
step  2223 | loss: 4.126405 | lr 5.4931e-04 | norm: 0.4977 | dt: 2975.87ms | tok/sec: 22022.48
step  2224 | loss: 4.125973 | lr 5.4925e-04 | norm: 0.5367 | dt: 2939.12ms | tok/sec: 22297.84
step  2225 | loss: 4.158387 | lr 5.4920e-04 | norm: 0.5529 | dt: 2957.10ms | tok/sec: 22162.26
step  2226 | loss: 4.206941 | lr 5.4915e-04 | norm: 0.4450 | dt: 2945.25ms | tok/sec: 22251.42
step  2227 | loss: 4.187877 | lr 5.4910e-04 | norm: 0.5520 | dt: 2951.38ms | tok/sec: 22205.20
step  2228 | loss: 4.532221 | lr 5.4905e-04 | norm: 0.7308 | dt: 2943.93ms | tok/sec: 22261.37
step  2229 | loss: 4.253983 | lr 5.4900e-04 | norm: 0.6086 | dt: 2949.20ms | tok/sec: 22221.62
step  2230 | loss: 4.162199 | lr 5.4895e-04 | norm: 0.5449 | dt: 2947.80ms | tok/sec: 22232.17
step  2231 | loss: 4.317699 | lr 5.4890e-04 | norm: 0.5349 | dt: 2954.05ms | tok/sec: 22185.12
step  2232 | loss: 4.148143 | lr 5.4885e-04 | norm: 0.5143 | dt: 2940.69ms | tok/sec: 22285.95
step  2233 | loss: 4.115542 | lr 5.4879e-04 | norm: 0.5040 | dt: 2955.11ms | tok/sec: 22177.19
step  2234 | loss: 4.233730 | lr 5.4874e-04 | norm: 0.4920 | dt: 2949.84ms | tok/sec: 22216.77
step  2235 | loss: 4.124427 | lr 5.4869e-04 | norm: 0.5117 | dt: 2971.47ms | tok/sec: 22055.08
step  2236 | loss: 4.308063 | lr 5.4864e-04 | norm: 0.5662 | dt: 2951.14ms | tok/sec: 22207.00
step  2237 | loss: 4.206670 | lr 5.4859e-04 | norm: 0.5169 | dt: 2939.96ms | tok/sec: 22291.46
step  2238 | loss: 4.306885 | lr 5.4854e-04 | norm: 0.4758 | dt: 2967.98ms | tok/sec: 22080.98
step  2239 | loss: 4.264643 | lr 5.4849e-04 | norm: 0.4989 | dt: 2945.17ms | tok/sec: 22252.04
step  2240 | loss: 4.253051 | lr 5.4843e-04 | norm: 0.4666 | dt: 2942.64ms | tok/sec: 22271.18
step  2241 | loss: 4.218319 | lr 5.4838e-04 | norm: 0.4972 | dt: 2943.56ms | tok/sec: 22264.19
step  2242 | loss: 4.299747 | lr 5.4833e-04 | norm: 0.4780 | dt: 2946.35ms | tok/sec: 22243.10
step  2243 | loss: 4.169108 | lr 5.4828e-04 | norm: 0.5273 | dt: 2973.41ms | tok/sec: 22040.70
step  2244 | loss: 4.182840 | lr 5.4823e-04 | norm: 0.5317 | dt: 2945.86ms | tok/sec: 22246.82
step  2245 | loss: 4.209898 | lr 5.4818e-04 | norm: 0.4844 | dt: 2948.86ms | tok/sec: 22224.21
step  2246 | loss: 4.389020 | lr 5.4813e-04 | norm: 0.5336 | dt: 2948.83ms | tok/sec: 22224.43
step  2247 | loss: 4.193058 | lr 5.4807e-04 | norm: 0.6007 | dt: 2938.84ms | tok/sec: 22299.95
step  2248 | loss: 4.192791 | lr 5.4802e-04 | norm: 0.5503 | dt: 2946.89ms | tok/sec: 22239.05
step  2249 | loss: 4.217508 | lr 5.4797e-04 | norm: 0.5141 | dt: 2951.27ms | tok/sec: 22206.01
step  2250 | loss: 4.156984 | lr 5.4792e-04 | norm: 0.5703 | dt: 2944.99ms | tok/sec: 22253.40
step  2251 | loss: 4.196477 | lr 5.4787e-04 | norm: 0.4984 | dt: 2935.83ms | tok/sec: 22322.84
step  2252 | loss: 4.267739 | lr 5.4782e-04 | norm: 0.4839 | dt: 2941.76ms | tok/sec: 22277.81
step  2253 | loss: 4.307712 | lr 5.4776e-04 | norm: 0.4902 | dt: 2941.15ms | tok/sec: 22282.44
step  2254 | loss: 4.267829 | lr 5.4771e-04 | norm: 0.4604 | dt: 2941.79ms | tok/sec: 22277.61
step  2255 | loss: 4.176871 | lr 5.4766e-04 | norm: 0.4795 | dt: 2997.43ms | tok/sec: 21864.08
step  2256 | loss: 4.132506 | lr 5.4761e-04 | norm: 0.5245 | dt: 2945.14ms | tok/sec: 22252.24
step  2257 | loss: 4.189108 | lr 5.4756e-04 | norm: 0.4574 | dt: 2944.39ms | tok/sec: 22257.95
step  2258 | loss: 4.176717 | lr 5.4751e-04 | norm: 0.4620 | dt: 2960.10ms | tok/sec: 22139.77
step  2259 | loss: 4.262724 | lr 5.4745e-04 | norm: 0.4784 | dt: 2942.17ms | tok/sec: 22274.70
step  2260 | loss: 4.224762 | lr 5.4740e-04 | norm: 0.4675 | dt: 2947.29ms | tok/sec: 22236.00
step  2261 | loss: 4.157323 | lr 5.4735e-04 | norm: 0.5007 | dt: 2941.82ms | tok/sec: 22277.34
step  2262 | loss: 4.166842 | lr 5.4730e-04 | norm: 0.4403 | dt: 2936.02ms | tok/sec: 22321.38
step  2263 | loss: 4.214524 | lr 5.4725e-04 | norm: 0.4927 | dt: 2958.68ms | tok/sec: 22150.40
step  2264 | loss: 4.294013 | lr 5.4719e-04 | norm: 0.4414 | dt: 2944.99ms | tok/sec: 22253.35
step  2265 | loss: 4.056822 | lr 5.4714e-04 | norm: 0.5207 | dt: 2937.61ms | tok/sec: 22309.29
step  2266 | loss: 4.105696 | lr 5.4709e-04 | norm: 0.5011 | dt: 2945.82ms | tok/sec: 22247.14
step  2267 | loss: 4.288820 | lr 5.4704e-04 | norm: 0.4934 | dt: 2942.91ms | tok/sec: 22269.13
step  2268 | loss: 4.041363 | lr 5.4699e-04 | norm: 0.5258 | dt: 2945.40ms | tok/sec: 22250.31
step  2269 | loss: 4.248992 | lr 5.4693e-04 | norm: 0.4780 | dt: 2947.03ms | tok/sec: 22237.95
step  2270 | loss: 4.230618 | lr 5.4688e-04 | norm: 0.5480 | dt: 2951.92ms | tok/sec: 22201.11
step  2271 | loss: 4.261750 | lr 5.4683e-04 | norm: 0.5022 | dt: 2942.54ms | tok/sec: 22271.93
step  2272 | loss: 4.241044 | lr 5.4678e-04 | norm: 0.4511 | dt: 2940.23ms | tok/sec: 22289.42
step  2273 | loss: 4.169277 | lr 5.4673e-04 | norm: 0.4710 | dt: 2943.52ms | tok/sec: 22264.47
step  2274 | loss: 4.204306 | lr 5.4667e-04 | norm: 0.4530 | dt: 2944.67ms | tok/sec: 22255.79
step  2275 | loss: 4.267076 | lr 5.4662e-04 | norm: 0.4673 | dt: 2941.09ms | tok/sec: 22282.87
step  2276 | loss: 4.395401 | lr 5.4657e-04 | norm: 0.5440 | dt: 2973.37ms | tok/sec: 22040.99
step  2277 | loss: 4.300857 | lr 5.4652e-04 | norm: 0.5043 | dt: 2956.69ms | tok/sec: 22165.30
step  2278 | loss: 4.130064 | lr 5.4646e-04 | norm: 0.4960 | dt: 2964.49ms | tok/sec: 22107.01
step  2279 | loss: 4.132444 | lr 5.4641e-04 | norm: 0.4493 | dt: 2941.18ms | tok/sec: 22282.24
step  2280 | loss: 4.063622 | lr 5.4636e-04 | norm: 0.5326 | dt: 2955.76ms | tok/sec: 22172.31
step  2281 | loss: 4.206386 | lr 5.4631e-04 | norm: 0.4876 | dt: 2946.79ms | tok/sec: 22239.79
step  2282 | loss: 4.036886 | lr 5.4626e-04 | norm: 0.4833 | dt: 2942.94ms | tok/sec: 22268.91
step  2283 | loss: 4.084224 | lr 5.4620e-04 | norm: 0.4471 | dt: 2959.62ms | tok/sec: 22143.35
step  2284 | loss: 4.204776 | lr 5.4615e-04 | norm: 0.4920 | dt: 2953.54ms | tok/sec: 22188.94
step  2285 | loss: 4.081834 | lr 5.4610e-04 | norm: 0.4713 | dt: 2936.00ms | tok/sec: 22321.55
step  2286 | loss: 4.264012 | lr 5.4605e-04 | norm: 0.7375 | dt: 2949.29ms | tok/sec: 22220.95
step  2287 | loss: 3.800313 | lr 5.4599e-04 | norm: 0.8245 | dt: 2942.28ms | tok/sec: 22273.88
step  2288 | loss: 4.218836 | lr 5.4594e-04 | norm: 0.7996 | dt: 2948.70ms | tok/sec: 22225.36
step  2289 | loss: 4.239791 | lr 5.4589e-04 | norm: 0.5514 | dt: 2945.38ms | tok/sec: 22250.44
step  2290 | loss: 4.230258 | lr 5.4584e-04 | norm: 0.5949 | dt: 2946.26ms | tok/sec: 22243.79
step  2291 | loss: 4.253365 | lr 5.4578e-04 | norm: 0.5357 | dt: 2945.75ms | tok/sec: 22247.67
step  2292 | loss: 4.153717 | lr 5.4573e-04 | norm: 0.5479 | dt: 2944.14ms | tok/sec: 22259.78
step  2293 | loss: 4.211840 | lr 5.4568e-04 | norm: 0.5085 | dt: 2937.43ms | tok/sec: 22310.66
step  2294 | loss: 4.142722 | lr 5.4563e-04 | norm: 0.4821 | dt: 2936.92ms | tok/sec: 22314.55
step  2295 | loss: 4.256801 | lr 5.4557e-04 | norm: 0.5904 | dt: 2939.39ms | tok/sec: 22295.78
step  2296 | loss: 4.207468 | lr 5.4552e-04 | norm: 0.6325 | dt: 2955.19ms | tok/sec: 22176.60
step  2297 | loss: 4.155355 | lr 5.4547e-04 | norm: 0.4690 | dt: 2940.19ms | tok/sec: 22289.74
step  2298 | loss: 4.247265 | lr 5.4542e-04 | norm: 0.5001 | dt: 2938.49ms | tok/sec: 22302.62
step  2299 | loss: 4.223772 | lr 5.4536e-04 | norm: 0.4852 | dt: 2953.30ms | tok/sec: 22190.75
step  2300 | loss: 4.150990 | lr 5.4531e-04 | norm: 0.4974 | dt: 2940.05ms | tok/sec: 22290.75
step  2301 | loss: 4.324012 | lr 5.4526e-04 | norm: 0.5709 | dt: 2944.51ms | tok/sec: 22257.04
step  2302 | loss: 4.165041 | lr 5.4520e-04 | norm: 0.4244 | dt: 2948.79ms | tok/sec: 22224.72
step  2303 | loss: 4.213732 | lr 5.4515e-04 | norm: 0.6547 | dt: 2950.54ms | tok/sec: 22211.50
step  2304 | loss: 4.088369 | lr 5.4510e-04 | norm: 0.6392 | dt: 2966.26ms | tok/sec: 22093.85
step  2305 | loss: 4.059053 | lr 5.4505e-04 | norm: 0.5081 | dt: 2941.17ms | tok/sec: 22282.29
step  2306 | loss: 4.014828 | lr 5.4499e-04 | norm: 0.5184 | dt: 2938.48ms | tok/sec: 22302.66
step  2307 | loss: 4.262869 | lr 5.4494e-04 | norm: 0.5496 | dt: 2939.81ms | tok/sec: 22292.59
step  2308 | loss: 4.271752 | lr 5.4489e-04 | norm: 0.5060 | dt: 2947.03ms | tok/sec: 22238.01
step  2309 | loss: 4.149235 | lr 5.4483e-04 | norm: 0.6512 | dt: 2936.19ms | tok/sec: 22320.05
step  2310 | loss: 4.246223 | lr 5.4478e-04 | norm: 0.5867 | dt: 2937.89ms | tok/sec: 22307.13
step  2311 | loss: 4.133641 | lr 5.4473e-04 | norm: 0.5212 | dt: 2942.59ms | tok/sec: 22271.57
step  2312 | loss: 4.221498 | lr 5.4467e-04 | norm: 0.5215 | dt: 2944.88ms | tok/sec: 22254.19
step  2313 | loss: 4.031440 | lr 5.4462e-04 | norm: 0.4312 | dt: 2944.16ms | tok/sec: 22259.68
step  2314 | loss: 4.180980 | lr 5.4457e-04 | norm: 0.5276 | dt: 2947.49ms | tok/sec: 22234.50
step  2315 | loss: 4.156442 | lr 5.4452e-04 | norm: 0.5037 | dt: 2932.38ms | tok/sec: 22349.06
step  2316 | loss: 4.143355 | lr 5.4446e-04 | norm: 0.4567 | dt: 2952.19ms | tok/sec: 22199.10
step  2317 | loss: 4.194544 | lr 5.4441e-04 | norm: 0.4588 | dt: 2977.37ms | tok/sec: 22011.38
step  2318 | loss: 4.038574 | lr 5.4436e-04 | norm: 0.5562 | dt: 2935.78ms | tok/sec: 22323.23
step  2319 | loss: 4.333062 | lr 5.4430e-04 | norm: 0.5614 | dt: 2967.89ms | tok/sec: 22081.67
step  2320 | loss: 4.342306 | lr 5.4425e-04 | norm: 0.5215 | dt: 2928.33ms | tok/sec: 22380.00
step  2321 | loss: 4.230168 | lr 5.4420e-04 | norm: 0.4435 | dt: 2927.84ms | tok/sec: 22383.72
step  2322 | loss: 4.146266 | lr 5.4414e-04 | norm: 0.5013 | dt: 2940.50ms | tok/sec: 22287.37
step  2323 | loss: 4.056678 | lr 5.4409e-04 | norm: 0.5304 | dt: 2944.16ms | tok/sec: 22259.66
step  2324 | loss: 4.080597 | lr 5.4404e-04 | norm: 0.5485 | dt: 2940.39ms | tok/sec: 22288.22
step  2325 | loss: 4.111909 | lr 5.4398e-04 | norm: 0.4426 | dt: 2962.87ms | tok/sec: 22119.11
step  2326 | loss: 4.160826 | lr 5.4393e-04 | norm: 0.4768 | dt: 2938.13ms | tok/sec: 22305.33
step  2327 | loss: 4.173282 | lr 5.4388e-04 | norm: 0.5128 | dt: 2940.76ms | tok/sec: 22285.43
step  2328 | loss: 4.145410 | lr 5.4382e-04 | norm: 0.5539 | dt: 2936.91ms | tok/sec: 22314.57
step  2329 | loss: 4.118141 | lr 5.4377e-04 | norm: 0.5543 | dt: 2939.38ms | tok/sec: 22295.82
step  2330 | loss: 4.128738 | lr 5.4372e-04 | norm: 0.4465 | dt: 2942.64ms | tok/sec: 22271.16
step  2331 | loss: 4.025615 | lr 5.4366e-04 | norm: 0.5107 | dt: 2944.70ms | tok/sec: 22255.61
step  2332 | loss: 4.062525 | lr 5.4361e-04 | norm: 0.4453 | dt: 2939.17ms | tok/sec: 22297.48
step  2333 | loss: 4.282830 | lr 5.4356e-04 | norm: 0.4885 | dt: 2946.38ms | tok/sec: 22242.90
step  2334 | loss: 4.142179 | lr 5.4350e-04 | norm: 0.5004 | dt: 2939.91ms | tok/sec: 22291.86
step  2335 | loss: 4.091070 | lr 5.4345e-04 | norm: 0.4696 | dt: 2941.71ms | tok/sec: 22278.23
step  2336 | loss: 4.038204 | lr 5.4340e-04 | norm: 0.4235 | dt: 2946.90ms | tok/sec: 22238.99
step  2337 | loss: 4.095651 | lr 5.4334e-04 | norm: 0.4763 | dt: 2977.30ms | tok/sec: 22011.89
step  2338 | loss: 4.019974 | lr 5.4329e-04 | norm: 0.4836 | dt: 2941.44ms | tok/sec: 22280.22
step  2339 | loss: 4.193488 | lr 5.4323e-04 | norm: 0.4782 | dt: 2942.60ms | tok/sec: 22271.44
step  2340 | loss: 4.050621 | lr 5.4318e-04 | norm: 0.4343 | dt: 2942.64ms | tok/sec: 22271.17
step  2341 | loss: 4.136756 | lr 5.4313e-04 | norm: 0.4688 | dt: 2948.70ms | tok/sec: 22225.35
step  2342 | loss: 4.285532 | lr 5.4307e-04 | norm: 0.5923 | dt: 2941.10ms | tok/sec: 22282.83
step  2343 | loss: 4.108232 | lr 5.4302e-04 | norm: 0.4854 | dt: 2941.11ms | tok/sec: 22282.74
step  2344 | loss: 4.075552 | lr 5.4297e-04 | norm: 0.5010 | dt: 2943.20ms | tok/sec: 22266.93
step  2345 | loss: 4.293990 | lr 5.4291e-04 | norm: 0.4833 | dt: 2963.68ms | tok/sec: 22113.04
step  2346 | loss: 4.136783 | lr 5.4286e-04 | norm: 0.4473 | dt: 2939.06ms | tok/sec: 22298.27
step  2347 | loss: 4.027282 | lr 5.4280e-04 | norm: 0.5165 | dt: 2943.84ms | tok/sec: 22262.12
step  2348 | loss: 4.196881 | lr 5.4275e-04 | norm: 0.4591 | dt: 2951.74ms | tok/sec: 22202.49
step  2349 | loss: 4.077880 | lr 5.4270e-04 | norm: 0.4854 | dt: 2947.20ms | tok/sec: 22236.70
step  2350 | loss: 4.265729 | lr 5.4264e-04 | norm: 0.4927 | dt: 2949.30ms | tok/sec: 22220.84
step  2351 | loss: 4.166970 | lr 5.4259e-04 | norm: 0.4504 | dt: 2944.75ms | tok/sec: 22255.24
step  2352 | loss: 4.108259 | lr 5.4254e-04 | norm: 0.4974 | dt: 2944.18ms | tok/sec: 22259.51
step  2353 | loss: 4.020865 | lr 5.4248e-04 | norm: 0.6004 | dt: 2942.26ms | tok/sec: 22274.04
step  2354 | loss: 4.077749 | lr 5.4243e-04 | norm: 0.5353 | dt: 2945.85ms | tok/sec: 22246.91
step  2355 | loss: 4.140351 | lr 5.4237e-04 | norm: 0.4787 | dt: 2951.93ms | tok/sec: 22201.10
step  2356 | loss: 4.275053 | lr 5.4232e-04 | norm: 0.4707 | dt: 2953.90ms | tok/sec: 22186.30
step  2357 | loss: 4.328479 | lr 5.4227e-04 | norm: 0.5221 | dt: 2976.83ms | tok/sec: 22015.38
step  2358 | loss: 4.238750 | lr 5.4221e-04 | norm: 0.5283 | dt: 2945.51ms | tok/sec: 22249.49
step  2359 | loss: 4.052471 | lr 5.4216e-04 | norm: 0.4747 | dt: 2940.26ms | tok/sec: 22289.17
step  2360 | loss: 4.244697 | lr 5.4210e-04 | norm: 0.4865 | dt: 2947.13ms | tok/sec: 22237.25
step  2361 | loss: 4.028130 | lr 5.4205e-04 | norm: 0.5458 | dt: 2944.38ms | tok/sec: 22258.03
step  2362 | loss: 4.087943 | lr 5.4199e-04 | norm: 0.4255 | dt: 2948.14ms | tok/sec: 22229.62
step  2363 | loss: 4.150064 | lr 5.4194e-04 | norm: 0.4953 | dt: 2942.21ms | tok/sec: 22274.38
step  2364 | loss: 4.177952 | lr 5.4189e-04 | norm: 1.0011 | dt: 2949.23ms | tok/sec: 22221.37
step  2365 | loss: 4.148220 | lr 5.4183e-04 | norm: 0.6117 | dt: 2967.03ms | tok/sec: 22088.10
step  2366 | loss: 4.167727 | lr 5.4178e-04 | norm: 0.5183 | dt: 2952.22ms | tok/sec: 22198.91
step  2367 | loss: 4.135905 | lr 5.4172e-04 | norm: 0.5350 | dt: 2944.65ms | tok/sec: 22255.98
step  2368 | loss: 4.160104 | lr 5.4167e-04 | norm: 0.4771 | dt: 2955.32ms | tok/sec: 22175.63
step  2369 | loss: 4.279520 | lr 5.4162e-04 | norm: 0.4637 | dt: 2940.59ms | tok/sec: 22286.69
step  2370 | loss: 4.165673 | lr 5.4156e-04 | norm: 0.5027 | dt: 2946.62ms | tok/sec: 22241.10
step  2371 | loss: 4.110630 | lr 5.4151e-04 | norm: 0.5513 | dt: 2942.08ms | tok/sec: 22275.37
step  2372 | loss: 4.144347 | lr 5.4145e-04 | norm: 0.4658 | dt: 2942.99ms | tok/sec: 22268.53
step  2373 | loss: 4.197412 | lr 5.4140e-04 | norm: 0.4439 | dt: 2942.81ms | tok/sec: 22269.90
step  2374 | loss: 4.139866 | lr 5.4134e-04 | norm: 0.4550 | dt: 2951.27ms | tok/sec: 22206.02
step  2375 | loss: 4.197348 | lr 5.4129e-04 | norm: 0.4479 | dt: 2950.63ms | tok/sec: 22210.83
step  2376 | loss: 4.108033 | lr 5.4123e-04 | norm: 0.4091 | dt: 2941.54ms | tok/sec: 22279.51
step  2377 | loss: 4.042604 | lr 5.4118e-04 | norm: 0.4202 | dt: 2936.53ms | tok/sec: 22317.49
step  2378 | loss: 4.116778 | lr 5.4113e-04 | norm: 0.4597 | dt: 2969.87ms | tok/sec: 22066.94
step  2379 | loss: 4.066660 | lr 5.4107e-04 | norm: 0.5017 | dt: 2939.47ms | tok/sec: 22295.17
step  2380 | loss: 4.139442 | lr 5.4102e-04 | norm: 0.4980 | dt: 2950.20ms | tok/sec: 22214.10
step  2381 | loss: 4.060930 | lr 5.4096e-04 | norm: 0.5619 | dt: 2944.94ms | tok/sec: 22253.78
step  2382 | loss: 4.191128 | lr 5.4091e-04 | norm: 0.5472 | dt: 2943.71ms | tok/sec: 22263.04
step  2383 | loss: 4.304916 | lr 5.4085e-04 | norm: 0.4767 | dt: 2939.04ms | tok/sec: 22298.40
step  2384 | loss: 4.126475 | lr 5.4080e-04 | norm: 0.4346 | dt: 2939.72ms | tok/sec: 22293.28
step  2385 | loss: 4.173792 | lr 5.4074e-04 | norm: 0.4086 | dt: 2949.26ms | tok/sec: 22221.17
step  2386 | loss: 4.143614 | lr 5.4069e-04 | norm: 0.4417 | dt: 2954.05ms | tok/sec: 22185.13
step  2387 | loss: 4.129371 | lr 5.4063e-04 | norm: 0.4755 | dt: 2940.39ms | tok/sec: 22288.17
step  2388 | loss: 4.214026 | lr 5.4058e-04 | norm: 0.4144 | dt: 2961.95ms | tok/sec: 22126.00
step  2389 | loss: 4.057093 | lr 5.4052e-04 | norm: 0.5792 | dt: 2936.56ms | tok/sec: 22317.28
step  2390 | loss: 4.104316 | lr 5.4047e-04 | norm: 0.5132 | dt: 2942.41ms | tok/sec: 22272.90
step  2391 | loss: 4.133629 | lr 5.4042e-04 | norm: 0.6628 | dt: 2943.99ms | tok/sec: 22260.97
step  2392 | loss: 4.181571 | lr 5.4036e-04 | norm: 0.5357 | dt: 2951.12ms | tok/sec: 22207.19
step  2393 | loss: 3.922435 | lr 5.4031e-04 | norm: 0.5109 | dt: 2940.66ms | tok/sec: 22286.16
step  2394 | loss: 4.064751 | lr 5.4025e-04 | norm: 0.6340 | dt: 2945.13ms | tok/sec: 22252.32
step  2395 | loss: 4.034033 | lr 5.4020e-04 | norm: 0.5439 | dt: 2942.29ms | tok/sec: 22273.82
step  2396 | loss: 4.019550 | lr 5.4014e-04 | norm: 0.5002 | dt: 2934.87ms | tok/sec: 22330.14
step  2397 | loss: 4.165665 | lr 5.4009e-04 | norm: 0.4775 | dt: 2944.79ms | tok/sec: 22254.93
step  2398 | loss: 4.094778 | lr 5.4003e-04 | norm: 0.4966 | dt: 2987.17ms | tok/sec: 21939.19
step  2399 | loss: 4.265284 | lr 5.3998e-04 | norm: 0.4871 | dt: 2942.76ms | tok/sec: 22270.28
step  2400 | loss: 4.069541 | lr 5.3992e-04 | norm: 0.5216 | dt: 2935.79ms | tok/sec: 22323.14
step  2401 | loss: 4.006679 | lr 5.3987e-04 | norm: 0.4649 | dt: 2943.09ms | tok/sec: 22267.77
step  2402 | loss: 4.115952 | lr 5.3981e-04 | norm: 0.5813 | dt: 2932.54ms | tok/sec: 22347.88
step  2403 | loss: 4.101299 | lr 5.3976e-04 | norm: 0.6403 | dt: 2940.14ms | tok/sec: 22290.09
step  2404 | loss: 4.112156 | lr 5.3970e-04 | norm: 0.5385 | dt: 2937.08ms | tok/sec: 22313.31
step  2405 | loss: 4.158831 | lr 5.3965e-04 | norm: 0.4844 | dt: 2940.67ms | tok/sec: 22286.12
step  2406 | loss: 4.225158 | lr 5.3959e-04 | norm: 0.4736 | dt: 2966.50ms | tok/sec: 22092.06
step  2407 | loss: 4.799622 | lr 5.3954e-04 | norm: 1.3633 | dt: 2942.95ms | tok/sec: 22268.85
step  2408 | loss: 4.086489 | lr 5.3948e-04 | norm: 0.6297 | dt: 2938.28ms | tok/sec: 22304.23
step  2409 | loss: 4.160061 | lr 5.3943e-04 | norm: 0.5538 | dt: 2964.76ms | tok/sec: 22104.99
step  2410 | loss: 4.021016 | lr 5.3937e-04 | norm: 0.5705 | dt: 2946.53ms | tok/sec: 22241.73
step  2411 | loss: 4.095586 | lr 5.3931e-04 | norm: 0.5192 | dt: 2947.66ms | tok/sec: 22233.21
step  2412 | loss: 4.124228 | lr 5.3926e-04 | norm: 0.5273 | dt: 2938.93ms | tok/sec: 22299.30
step  2413 | loss: 4.014956 | lr 5.3920e-04 | norm: 0.5221 | dt: 2950.55ms | tok/sec: 22211.43
step  2414 | loss: 4.022830 | lr 5.3915e-04 | norm: 0.5189 | dt: 2946.59ms | tok/sec: 22241.28
step  2415 | loss: 4.089436 | lr 5.3909e-04 | norm: 0.5901 | dt: 2947.55ms | tok/sec: 22234.03
step  2416 | loss: 4.041059 | lr 5.3904e-04 | norm: 0.4541 | dt: 2941.06ms | tok/sec: 22283.13
step  2417 | loss: 4.066343 | lr 5.3898e-04 | norm: 0.4637 | dt: 2949.61ms | tok/sec: 22218.53
step  2418 | loss: 4.156303 | lr 5.3893e-04 | norm: 0.4315 | dt: 2980.90ms | tok/sec: 21985.32
step  2419 | loss: 4.235549 | lr 5.3887e-04 | norm: 0.5043 | dt: 2937.55ms | tok/sec: 22309.78
step  2420 | loss: 4.082172 | lr 5.3882e-04 | norm: 0.5301 | dt: 2941.31ms | tok/sec: 22281.23
step  2421 | loss: 3.900580 | lr 5.3876e-04 | norm: 0.5289 | dt: 2941.11ms | tok/sec: 22282.78
step  2422 | loss: 4.117052 | lr 5.3871e-04 | norm: 0.5323 | dt: 2944.10ms | tok/sec: 22260.13
step  2423 | loss: 4.125010 | lr 5.3865e-04 | norm: 0.4928 | dt: 2928.66ms | tok/sec: 22377.46
step  2424 | loss: 4.276818 | lr 5.3859e-04 | norm: 0.5328 | dt: 2936.47ms | tok/sec: 22317.97
step  2425 | loss: 4.145425 | lr 5.3854e-04 | norm: 0.4833 | dt: 2940.83ms | tok/sec: 22284.87
step  2426 | loss: 4.009111 | lr 5.3848e-04 | norm: 0.4949 | dt: 2965.99ms | tok/sec: 22095.81
step  2427 | loss: 3.994478 | lr 5.3843e-04 | norm: 0.4659 | dt: 2942.66ms | tok/sec: 22271.04
step  2428 | loss: 4.024682 | lr 5.3837e-04 | norm: 0.4377 | dt: 2929.10ms | tok/sec: 22374.08
step  2429 | loss: 4.094706 | lr 5.3832e-04 | norm: 0.4437 | dt: 2953.40ms | tok/sec: 22190.02
step  2430 | loss: 4.093884 | lr 5.3826e-04 | norm: 0.4501 | dt: 2937.70ms | tok/sec: 22308.64
step  2431 | loss: 4.216821 | lr 5.3821e-04 | norm: 0.4237 | dt: 2939.12ms | tok/sec: 22297.82
step  2432 | loss: 4.027159 | lr 5.3815e-04 | norm: 0.4355 | dt: 2943.50ms | tok/sec: 22264.63
step  2433 | loss: 4.084743 | lr 5.3809e-04 | norm: 0.4581 | dt: 2952.53ms | tok/sec: 22196.56
step  2434 | loss: 4.163717 | lr 5.3804e-04 | norm: 0.4219 | dt: 2945.50ms | tok/sec: 22249.51
step  2435 | loss: 4.046751 | lr 5.3798e-04 | norm: 0.4844 | dt: 2943.05ms | tok/sec: 22268.07
step  2436 | loss: 3.926814 | lr 5.3793e-04 | norm: 1.2753 | dt: 2945.58ms | tok/sec: 22248.94
step  2437 | loss: 4.032627 | lr 5.3787e-04 | norm: 0.4765 | dt: 2939.47ms | tok/sec: 22295.19
step  2438 | loss: 4.002395 | lr 5.3782e-04 | norm: 0.4459 | dt: 2948.81ms | tok/sec: 22224.52
step  2439 | loss: 4.072847 | lr 5.3776e-04 | norm: 0.5419 | dt: 2981.19ms | tok/sec: 21983.18
step  2440 | loss: 4.082996 | lr 5.3770e-04 | norm: 0.4218 | dt: 2932.55ms | tok/sec: 22347.81
step  2441 | loss: 4.164065 | lr 5.3765e-04 | norm: 0.6126 | dt: 2937.02ms | tok/sec: 22313.80
step  2442 | loss: 4.137187 | lr 5.3759e-04 | norm: 0.5233 | dt: 2962.42ms | tok/sec: 22122.46
step  2443 | loss: 4.068861 | lr 5.3754e-04 | norm: 0.4910 | dt: 2945.97ms | tok/sec: 22245.98
step  2444 | loss: 4.044879 | lr 5.3748e-04 | norm: 0.7181 | dt: 2947.46ms | tok/sec: 22234.73
step  2445 | loss: 4.094642 | lr 5.3742e-04 | norm: 0.6240 | dt: 2944.88ms | tok/sec: 22254.22
step  2446 | loss: 4.067643 | lr 5.3737e-04 | norm: 0.5845 | dt: 2943.99ms | tok/sec: 22260.96
step  2447 | loss: 3.970389 | lr 5.3731e-04 | norm: 0.6114 | dt: 2949.20ms | tok/sec: 22221.62
step  2448 | loss: 3.965705 | lr 5.3726e-04 | norm: 0.6362 | dt: 2934.49ms | tok/sec: 22332.99
step  2449 | loss: 4.027615 | lr 5.3720e-04 | norm: 0.4677 | dt: 2937.31ms | tok/sec: 22311.56
step  2450 | loss: 4.180514 | lr 5.3714e-04 | norm: 0.5398 | dt: 2940.77ms | tok/sec: 22285.31
step  2451 | loss: 3.861578 | lr 5.3709e-04 | norm: 0.5483 | dt: 2941.62ms | tok/sec: 22278.88
step  2452 | loss: 4.167692 | lr 5.3703e-04 | norm: 0.5191 | dt: 2948.13ms | tok/sec: 22229.71
step  2453 | loss: 4.078978 | lr 5.3698e-04 | norm: 0.4876 | dt: 2952.97ms | tok/sec: 22193.23
step  2454 | loss: 3.960097 | lr 5.3692e-04 | norm: 0.4874 | dt: 2945.60ms | tok/sec: 22248.78
step  2455 | loss: 4.058626 | lr 5.3686e-04 | norm: 0.4819 | dt: 2944.72ms | tok/sec: 22255.45
step  2456 | loss: 4.037041 | lr 5.3681e-04 | norm: 0.4524 | dt: 2943.71ms | tok/sec: 22263.04
step  2457 | loss: 4.013908 | lr 5.3675e-04 | norm: 0.4388 | dt: 2951.98ms | tok/sec: 22200.66
step  2458 | loss: 4.127282 | lr 5.3669e-04 | norm: 0.4277 | dt: 2947.45ms | tok/sec: 22234.81
step  2459 | loss: 3.956170 | lr 5.3664e-04 | norm: 0.4474 | dt: 2982.96ms | tok/sec: 21970.09
step  2460 | loss: 4.106135 | lr 5.3658e-04 | norm: 0.4527 | dt: 2942.79ms | tok/sec: 22270.01
step  2461 | loss: 4.160877 | lr 5.3653e-04 | norm: 0.4157 | dt: 2942.21ms | tok/sec: 22274.43
step  2462 | loss: 3.952143 | lr 5.3647e-04 | norm: 0.4865 | dt: 2961.21ms | tok/sec: 22131.52
step  2463 | loss: 4.057918 | lr 5.3641e-04 | norm: 0.4340 | dt: 2948.64ms | tok/sec: 22225.83
step  2464 | loss: 4.011606 | lr 5.3636e-04 | norm: 0.4251 | dt: 2947.94ms | tok/sec: 22231.12
step  2465 | loss: 3.984526 | lr 5.3630e-04 | norm: 0.4082 | dt: 2945.24ms | tok/sec: 22251.47
step  2466 | loss: 4.153854 | lr 5.3624e-04 | norm: 0.4216 | dt: 2931.72ms | tok/sec: 22354.08
step  2467 | loss: 4.027742 | lr 5.3619e-04 | norm: 0.4435 | dt: 2960.57ms | tok/sec: 22136.28
step  2468 | loss: 4.041168 | lr 5.3613e-04 | norm: 0.4890 | dt: 2938.89ms | tok/sec: 22299.61
step  2469 | loss: 4.134115 | lr 5.3607e-04 | norm: 0.4151 | dt: 2948.16ms | tok/sec: 22229.44
step  2470 | loss: 4.108924 | lr 5.3602e-04 | norm: 0.4633 | dt: 2938.61ms | tok/sec: 22301.71
step  2471 | loss: 4.093464 | lr 5.3596e-04 | norm: 0.4663 | dt: 2941.88ms | tok/sec: 22276.89
step  2472 | loss: 4.017617 | lr 5.3590e-04 | norm: 0.4464 | dt: 2937.58ms | tok/sec: 22309.51
step  2473 | loss: 3.978934 | lr 5.3585e-04 | norm: 0.5243 | dt: 2946.40ms | tok/sec: 22242.74
step  2474 | loss: 4.048290 | lr 5.3579e-04 | norm: 0.4816 | dt: 2943.95ms | tok/sec: 22261.26
step  2475 | loss: 4.157764 | lr 5.3573e-04 | norm: 0.4482 | dt: 2936.92ms | tok/sec: 22314.56
step  2476 | loss: 4.050970 | lr 5.3568e-04 | norm: 0.4906 | dt: 2935.63ms | tok/sec: 22324.35
step  2477 | loss: 4.028018 | lr 5.3562e-04 | norm: 0.4864 | dt: 2947.55ms | tok/sec: 22234.03
step  2478 | loss: 3.918958 | lr 5.3556e-04 | norm: 0.5047 | dt: 2945.41ms | tok/sec: 22250.25
step  2479 | loss: 3.991338 | lr 5.3551e-04 | norm: 0.4389 | dt: 2986.16ms | tok/sec: 21946.57
step  2480 | loss: 4.015877 | lr 5.3545e-04 | norm: 0.3992 | dt: 2933.82ms | tok/sec: 22338.12
step  2481 | loss: 3.976842 | lr 5.3539e-04 | norm: 0.4562 | dt: 2944.84ms | tok/sec: 22254.48
step  2482 | loss: 4.005632 | lr 5.3534e-04 | norm: 0.4444 | dt: 2969.97ms | tok/sec: 22066.23
step  2483 | loss: 3.978303 | lr 5.3528e-04 | norm: 0.4341 | dt: 2946.67ms | tok/sec: 22240.73
step  2484 | loss: 4.105525 | lr 5.3522e-04 | norm: 0.4889 | dt: 2945.67ms | tok/sec: 22248.22
step  2485 | loss: 4.061835 | lr 5.3517e-04 | norm: 0.4997 | dt: 2943.37ms | tok/sec: 22265.61
step  2486 | loss: 4.062127 | lr 5.3511e-04 | norm: 0.4916 | dt: 2947.77ms | tok/sec: 22232.40
step  2487 | loss: 4.064416 | lr 5.3505e-04 | norm: 0.4691 | dt: 2944.06ms | tok/sec: 22260.45
step  2488 | loss: 4.088121 | lr 5.3500e-04 | norm: 0.4070 | dt: 2964.92ms | tok/sec: 22103.81
step  2489 | loss: 4.039062 | lr 5.3494e-04 | norm: 0.4689 | dt: 2942.06ms | tok/sec: 22275.51
step  2490 | loss: 4.063788 | lr 5.3488e-04 | norm: 0.4669 | dt: 2945.62ms | tok/sec: 22248.60
step  2491 | loss: 4.130910 | lr 5.3483e-04 | norm: 0.4773 | dt: 2947.95ms | tok/sec: 22231.07
step  2492 | loss: 4.084723 | lr 5.3477e-04 | norm: 0.4931 | dt: 2936.68ms | tok/sec: 22316.36
step  2493 | loss: 3.999472 | lr 5.3471e-04 | norm: 0.4300 | dt: 2948.74ms | tok/sec: 22225.08
step  2494 | loss: 3.918773 | lr 5.3466e-04 | norm: 0.4542 | dt: 2946.30ms | tok/sec: 22243.53
step  2495 | loss: 3.976634 | lr 5.3460e-04 | norm: 0.4387 | dt: 2942.59ms | tok/sec: 22271.57
step  2496 | loss: 4.120785 | lr 5.3454e-04 | norm: 0.5139 | dt: 2939.70ms | tok/sec: 22293.46
step  2497 | loss: 4.066191 | lr 5.3448e-04 | norm: 0.4239 | dt: 2937.75ms | tok/sec: 22308.20
step  2498 | loss: 3.969884 | lr 5.3443e-04 | norm: 0.4191 | dt: 2937.84ms | tok/sec: 22307.53
step  2499 | loss: 4.024648 | lr 5.3437e-04 | norm: 0.4297 | dt: 2937.84ms | tok/sec: 22307.54
validation loss: 4.0826
HellaSwag accuracy: 2529/10042=0.2518
rank 0 sample 0: Hello, I'm a language model, but I didn't have anything I use because I think I use I understand the language for words like "A" to
rank 0 sample 1: Hello, I'm a language model, and what I really like to use to help students succeed or succeed in, as I have found it hard to learn and
rank 0 sample 2: Hello, I'm a language model, and I won't tell us how this is done.
If the first language is used for the first language you understand
rank 0 sample 3: Hello, I'm a language model, it means that it's a very different approach it's a lot of. It starts with a standard dictionary, which defines
step  2500 | loss: 4.125695 | lr 5.3431e-04 | norm: 0.4535 | dt: 105160.41ms | tok/sec: 623.20
step  2501 | loss: 4.039334 | lr 5.3426e-04 | norm: 0.4150 | dt: 2942.54ms | tok/sec: 22271.93
step  2502 | loss: 4.001390 | lr 5.3420e-04 | norm: 0.4655 | dt: 2945.30ms | tok/sec: 22251.05
step  2503 | loss: 3.937456 | lr 5.3414e-04 | norm: 0.4591 | dt: 2937.84ms | tok/sec: 22307.56
step  2504 | loss: 3.984536 | lr 5.3408e-04 | norm: 0.4601 | dt: 2945.10ms | tok/sec: 22252.55
step  2505 | loss: 4.043293 | lr 5.3403e-04 | norm: 0.5006 | dt: 2940.89ms | tok/sec: 22284.42
step  2506 | loss: 3.800449 | lr 5.3397e-04 | norm: 0.5763 | dt: 2958.32ms | tok/sec: 22153.09
step  2507 | loss: 3.961328 | lr 5.3391e-04 | norm: 0.4634 | dt: 2938.45ms | tok/sec: 22302.93
step  2508 | loss: 3.933012 | lr 5.3385e-04 | norm: 0.4700 | dt: 2939.25ms | tok/sec: 22296.84
step  2509 | loss: 3.986058 | lr 5.3380e-04 | norm: 0.4725 | dt: 2936.04ms | tok/sec: 22321.20
step  2510 | loss: 3.969123 | lr 5.3374e-04 | norm: 0.4713 | dt: 2934.39ms | tok/sec: 22333.74
step  2511 | loss: 4.027530 | lr 5.3368e-04 | norm: 0.4561 | dt: 2934.42ms | tok/sec: 22333.58
step  2512 | loss: 3.877377 | lr 5.3362e-04 | norm: 0.4315 | dt: 2945.01ms | tok/sec: 22253.25
step  2513 | loss: 3.992808 | lr 5.3357e-04 | norm: 0.5160 | dt: 2945.38ms | tok/sec: 22250.43
step  2514 | loss: 4.166792 | lr 5.3351e-04 | norm: 0.4903 | dt: 2953.80ms | tok/sec: 22187.00
step  2515 | loss: 3.914331 | lr 5.3345e-04 | norm: 0.5048 | dt: 2942.32ms | tok/sec: 22273.62
step  2516 | loss: 3.920557 | lr 5.3340e-04 | norm: 0.4398 | dt: 2940.71ms | tok/sec: 22285.80
step  2517 | loss: 4.057991 | lr 5.3334e-04 | norm: 0.4849 | dt: 2942.87ms | tok/sec: 22269.44
step  2518 | loss: 3.986108 | lr 5.3328e-04 | norm: 0.5182 | dt: 2943.12ms | tok/sec: 22267.54
step  2519 | loss: 4.053989 | lr 5.3322e-04 | norm: 0.4915 | dt: 2941.45ms | tok/sec: 22280.13
step  2520 | loss: 4.015016 | lr 5.3316e-04 | norm: 0.4850 | dt: 2948.59ms | tok/sec: 22226.25
step  2521 | loss: 3.931032 | lr 5.3311e-04 | norm: 0.4674 | dt: 2947.98ms | tok/sec: 22230.82
step  2522 | loss: 3.900438 | lr 5.3305e-04 | norm: 0.4386 | dt: 2935.55ms | tok/sec: 22324.92
step  2523 | loss: 4.042611 | lr 5.3299e-04 | norm: 0.4239 | dt: 2950.00ms | tok/sec: 22215.63
step  2524 | loss: 3.848246 | lr 5.3293e-04 | norm: 0.4432 | dt: 2946.68ms | tok/sec: 22240.64
step  2525 | loss: 3.936280 | lr 5.3288e-04 | norm: 0.4556 | dt: 2956.38ms | tok/sec: 22167.68
step  2526 | loss: 3.939011 | lr 5.3282e-04 | norm: 0.4587 | dt: 2978.25ms | tok/sec: 22004.85
step  2527 | loss: 3.964517 | lr 5.3276e-04 | norm: 0.4296 | dt: 2943.04ms | tok/sec: 22268.13
step  2528 | loss: 3.909969 | lr 5.3270e-04 | norm: 0.4920 | dt: 2948.33ms | tok/sec: 22228.21
step  2529 | loss: 4.038860 | lr 5.3265e-04 | norm: 0.4410 | dt: 2938.59ms | tok/sec: 22301.86
step  2530 | loss: 4.053716 | lr 5.3259e-04 | norm: 0.4760 | dt: 2945.31ms | tok/sec: 22251.00
step  2531 | loss: 4.006429 | lr 5.3253e-04 | norm: 0.4748 | dt: 2965.19ms | tok/sec: 22101.81
step  2532 | loss: 4.009593 | lr 5.3247e-04 | norm: 0.4374 | dt: 2948.05ms | tok/sec: 22230.32
step  2533 | loss: 3.984083 | lr 5.3241e-04 | norm: 0.4666 | dt: 2940.11ms | tok/sec: 22290.29
step  2534 | loss: 4.123362 | lr 5.3236e-04 | norm: 0.4506 | dt: 2961.16ms | tok/sec: 22131.90
step  2535 | loss: 4.015132 | lr 5.3230e-04 | norm: 0.4296 | dt: 2949.08ms | tok/sec: 22222.53
step  2536 | loss: 3.999372 | lr 5.3224e-04 | norm: 0.5005 | dt: 2939.97ms | tok/sec: 22291.37
step  2537 | loss: 3.925140 | lr 5.3218e-04 | norm: 0.4371 | dt: 2936.35ms | tok/sec: 22318.87
step  2538 | loss: 4.068244 | lr 5.3212e-04 | norm: 0.4264 | dt: 2939.14ms | tok/sec: 22297.66
step  2539 | loss: 3.876623 | lr 5.3207e-04 | norm: 0.4657 | dt: 2951.89ms | tok/sec: 22201.38
step  2540 | loss: 3.802944 | lr 5.3201e-04 | norm: 0.5226 | dt: 2951.19ms | tok/sec: 22206.61
step  2541 | loss: 3.865924 | lr 5.3195e-04 | norm: 0.5594 | dt: 2949.19ms | tok/sec: 22221.68
step  2542 | loss: 3.959165 | lr 5.3189e-04 | norm: 0.4294 | dt: 2945.06ms | tok/sec: 22252.89
step  2543 | loss: 3.919471 | lr 5.3183e-04 | norm: 0.4762 | dt: 2942.15ms | tok/sec: 22274.87
step  2544 | loss: 3.894649 | lr 5.3178e-04 | norm: 0.4827 | dt: 2955.79ms | tok/sec: 22172.08
step  2545 | loss: 3.885160 | lr 5.3172e-04 | norm: 0.4566 | dt: 2951.16ms | tok/sec: 22206.85
step  2546 | loss: 4.159651 | lr 5.3166e-04 | norm: 0.5117 | dt: 2941.03ms | tok/sec: 22283.33
step  2547 | loss: 4.141593 | lr 5.3160e-04 | norm: 0.5342 | dt: 2982.70ms | tok/sec: 21972.02
step  2548 | loss: 3.956337 | lr 5.3154e-04 | norm: 0.5241 | dt: 2938.64ms | tok/sec: 22301.48
step  2549 | loss: 3.880611 | lr 5.3149e-04 | norm: 0.4871 | dt: 2937.34ms | tok/sec: 22311.37
step  2550 | loss: 4.087472 | lr 5.3143e-04 | norm: 0.5092 | dt: 2940.21ms | tok/sec: 22289.58
step  2551 | loss: 4.092907 | lr 5.3137e-04 | norm: 0.5655 | dt: 2956.51ms | tok/sec: 22166.69
step  2552 | loss: 3.972059 | lr 5.3131e-04 | norm: 0.5251 | dt: 2949.03ms | tok/sec: 22222.88
step  2553 | loss: 3.832917 | lr 5.3125e-04 | norm: 0.4489 | dt: 2949.75ms | tok/sec: 22217.47
step  2554 | loss: 3.930516 | lr 5.3119e-04 | norm: 0.4690 | dt: 2943.63ms | tok/sec: 22263.67
step  2555 | loss: 3.892517 | lr 5.3114e-04 | norm: 0.5178 | dt: 2950.96ms | tok/sec: 22208.34
step  2556 | loss: 3.910787 | lr 5.3108e-04 | norm: 0.4469 | dt: 2952.49ms | tok/sec: 22196.84
step  2557 | loss: 4.135787 | lr 5.3102e-04 | norm: 0.4432 | dt: 2939.36ms | tok/sec: 22296.01
step  2558 | loss: 3.926124 | lr 5.3096e-04 | norm: 0.4601 | dt: 2941.55ms | tok/sec: 22279.39
step  2559 | loss: 4.225999 | lr 5.3090e-04 | norm: 0.5453 | dt: 2952.43ms | tok/sec: 22197.32
step  2560 | loss: 3.972126 | lr 5.3084e-04 | norm: 0.4255 | dt: 2939.98ms | tok/sec: 22291.29
step  2561 | loss: 3.827519 | lr 5.3079e-04 | norm: 0.4803 | dt: 2951.07ms | tok/sec: 22207.58
step  2562 | loss: 3.828954 | lr 5.3073e-04 | norm: 0.4393 | dt: 2946.75ms | tok/sec: 22240.13
step  2563 | loss: 3.998706 | lr 5.3067e-04 | norm: 0.4441 | dt: 2945.45ms | tok/sec: 22249.89
step  2564 | loss: 3.867602 | lr 5.3061e-04 | norm: 0.4680 | dt: 2949.35ms | tok/sec: 22220.51
step  2565 | loss: 4.013440 | lr 5.3055e-04 | norm: 0.4239 | dt: 2950.85ms | tok/sec: 22209.22
step  2566 | loss: 4.076793 | lr 5.3049e-04 | norm: 0.4801 | dt: 2947.63ms | tok/sec: 22233.46
step  2567 | loss: 3.943740 | lr 5.3043e-04 | norm: 0.4347 | dt: 2955.98ms | tok/sec: 22170.62
step  2568 | loss: 3.903058 | lr 5.3038e-04 | norm: 0.4292 | dt: 2940.72ms | tok/sec: 22285.69
step  2569 | loss: 3.886274 | lr 5.3032e-04 | norm: 0.5300 | dt: 2947.21ms | tok/sec: 22236.62
step  2570 | loss: 3.717943 | lr 5.3026e-04 | norm: 0.4512 | dt: 2945.13ms | tok/sec: 22252.34
step  2571 | loss: 3.906158 | lr 5.3020e-04 | norm: 0.4698 | dt: 2946.96ms | tok/sec: 22238.48
step  2572 | loss: 4.015587 | lr 5.3014e-04 | norm: 0.5006 | dt: 2970.13ms | tok/sec: 22064.99
step  2573 | loss: 4.192692 | lr 5.3008e-04 | norm: 0.4777 | dt: 2957.93ms | tok/sec: 22156.00
step  2574 | loss: 4.002953 | lr 5.3002e-04 | norm: 0.4985 | dt: 2945.46ms | tok/sec: 22249.82
step  2575 | loss: 3.976099 | lr 5.2997e-04 | norm: 0.5582 | dt: 2965.42ms | tok/sec: 22100.10
step  2576 | loss: 3.896615 | lr 5.2991e-04 | norm: 0.4611 | dt: 2944.87ms | tok/sec: 22254.33
step  2577 | loss: 3.965872 | lr 5.2985e-04 | norm: 0.5849 | dt: 2942.48ms | tok/sec: 22272.37
step  2578 | loss: 3.767594 | lr 5.2979e-04 | norm: 0.4982 | dt: 2950.37ms | tok/sec: 22212.84
step  2579 | loss: 4.025936 | lr 5.2973e-04 | norm: 0.5194 | dt: 2941.01ms | tok/sec: 22283.54
step  2580 | loss: 3.788167 | lr 5.2967e-04 | norm: 0.6136 | dt: 2946.14ms | tok/sec: 22244.69
step  2581 | loss: 4.002279 | lr 5.2961e-04 | norm: 0.5094 | dt: 2948.73ms | tok/sec: 22225.15
step  2582 | loss: 4.029610 | lr 5.2955e-04 | norm: 0.5055 | dt: 2942.64ms | tok/sec: 22271.20
step  2583 | loss: 3.883221 | lr 5.2949e-04 | norm: 0.4918 | dt: 2943.40ms | tok/sec: 22265.44
step  2584 | loss: 3.923708 | lr 5.2944e-04 | norm: 0.6401 | dt: 2942.63ms | tok/sec: 22271.22
step  2585 | loss: 3.924330 | lr 5.2938e-04 | norm: 0.5033 | dt: 2948.00ms | tok/sec: 22230.67
step  2586 | loss: 4.051537 | lr 5.2932e-04 | norm: 0.5496 | dt: 2947.66ms | tok/sec: 22233.20
step  2587 | loss: 3.946774 | lr 5.2926e-04 | norm: 0.4561 | dt: 2990.68ms | tok/sec: 21913.43
step  2588 | loss: 3.930295 | lr 5.2920e-04 | norm: 0.4901 | dt: 2942.42ms | tok/sec: 22272.79
step  2589 | loss: 3.910500 | lr 5.2914e-04 | norm: 0.4502 | dt: 2944.39ms | tok/sec: 22257.95
step  2590 | loss: 4.247657 | lr 5.2908e-04 | norm: 0.6448 | dt: 2934.53ms | tok/sec: 22332.74
step  2591 | loss: 3.822729 | lr 5.2902e-04 | norm: 0.5957 | dt: 2948.55ms | tok/sec: 22226.54
step  2592 | loss: 3.923771 | lr 5.2896e-04 | norm: 0.5103 | dt: 2929.61ms | tok/sec: 22370.23
step  2593 | loss: 4.135388 | lr 5.2890e-04 | norm: 0.5560 | dt: 2947.20ms | tok/sec: 22236.72
step  2594 | loss: 4.130921 | lr 5.2884e-04 | norm: 0.5079 | dt: 2939.45ms | tok/sec: 22295.30
step  2595 | loss: 4.067736 | lr 5.2879e-04 | norm: 0.4594 | dt: 2948.26ms | tok/sec: 22228.73
step  2596 | loss: 4.159253 | lr 5.2873e-04 | norm: 0.4941 | dt: 2954.97ms | tok/sec: 22178.19
step  2597 | loss: 4.190387 | lr 5.2867e-04 | norm: 0.4751 | dt: 2947.65ms | tok/sec: 22233.34
step  2598 | loss: 4.136918 | lr 5.2861e-04 | norm: 0.4497 | dt: 2949.00ms | tok/sec: 22223.16
step  2599 | loss: 4.190455 | lr 5.2855e-04 | norm: 0.5039 | dt: 2941.26ms | tok/sec: 22281.64
step  2600 | loss: 4.004136 | lr 5.2849e-04 | norm: 0.5151 | dt: 2940.29ms | tok/sec: 22288.97
step  2601 | loss: 4.134593 | lr 5.2843e-04 | norm: 0.4855 | dt: 2940.08ms | tok/sec: 22290.56
step  2602 | loss: 4.263827 | lr 5.2837e-04 | norm: 0.6161 | dt: 2940.65ms | tok/sec: 22286.23
step  2603 | loss: 4.126468 | lr 5.2831e-04 | norm: 0.5956 | dt: 2939.73ms | tok/sec: 22293.20
step  2604 | loss: 4.116313 | lr 5.2825e-04 | norm: 0.4801 | dt: 2937.82ms | tok/sec: 22307.72
step  2605 | loss: 4.162240 | lr 5.2819e-04 | norm: 0.5756 | dt: 2936.20ms | tok/sec: 22320.01
step  2606 | loss: 4.156982 | lr 5.2813e-04 | norm: 0.6041 | dt: 2938.52ms | tok/sec: 22302.35
step  2607 | loss: 4.194880 | lr 5.2807e-04 | norm: 0.7131 | dt: 2942.06ms | tok/sec: 22275.56
step  2608 | loss: 4.210225 | lr 5.2801e-04 | norm: 0.5383 | dt: 2975.53ms | tok/sec: 22025.02
step  2609 | loss: 4.151764 | lr 5.2796e-04 | norm: 0.5054 | dt: 2941.61ms | tok/sec: 22278.94
step  2610 | loss: 4.146114 | lr 5.2790e-04 | norm: 0.4950 | dt: 2944.80ms | tok/sec: 22254.81
step  2611 | loss: 4.044549 | lr 5.2784e-04 | norm: 0.4860 | dt: 2966.19ms | tok/sec: 22094.36
step  2612 | loss: 4.079483 | lr 5.2778e-04 | norm: 0.4871 | dt: 2952.90ms | tok/sec: 22193.81
step  2613 | loss: 3.954062 | lr 5.2772e-04 | norm: 1.2461 | dt: 2938.75ms | tok/sec: 22300.66
step  2614 | loss: 4.265238 | lr 5.2766e-04 | norm: 0.5351 | dt: 2944.21ms | tok/sec: 22259.30
step  2615 | loss: 4.223023 | lr 5.2760e-04 | norm: 0.5110 | dt: 2939.25ms | tok/sec: 22296.84
step  2616 | loss: 4.268273 | lr 5.2754e-04 | norm: 0.6114 | dt: 2956.29ms | tok/sec: 22168.36
step  2617 | loss: 4.129086 | lr 5.2748e-04 | norm: 0.5646 | dt: 2947.51ms | tok/sec: 22234.38
step  2618 | loss: 4.063071 | lr 5.2742e-04 | norm: 0.6571 | dt: 2945.96ms | tok/sec: 22246.09
step  2619 | loss: 4.148119 | lr 5.2736e-04 | norm: 0.5945 | dt: 2942.83ms | tok/sec: 22269.69
step  2620 | loss: 4.170421 | lr 5.2730e-04 | norm: 0.5271 | dt: 2942.71ms | tok/sec: 22270.66
step  2621 | loss: 4.124964 | lr 5.2724e-04 | norm: 0.5106 | dt: 2949.84ms | tok/sec: 22216.79
step  2622 | loss: 4.075055 | lr 5.2718e-04 | norm: 0.5138 | dt: 2939.64ms | tok/sec: 22293.87
step  2623 | loss: 3.947267 | lr 5.2712e-04 | norm: 0.5464 | dt: 2947.49ms | tok/sec: 22234.48
step  2624 | loss: 4.165466 | lr 5.2706e-04 | norm: 0.4889 | dt: 2935.55ms | tok/sec: 22324.97
step  2625 | loss: 4.196561 | lr 5.2700e-04 | norm: 0.5100 | dt: 2937.64ms | tok/sec: 22309.05
step  2626 | loss: 4.096851 | lr 5.2694e-04 | norm: 0.4697 | dt: 2939.72ms | tok/sec: 22293.30
step  2627 | loss: 4.246846 | lr 5.2688e-04 | norm: 0.5742 | dt: 2947.70ms | tok/sec: 22232.92
step  2628 | loss: 4.089517 | lr 5.2682e-04 | norm: 0.4620 | dt: 2968.74ms | tok/sec: 22075.37
step  2629 | loss: 4.168049 | lr 5.2676e-04 | norm: 0.5779 | dt: 2943.56ms | tok/sec: 22264.19
step  2630 | loss: 4.127147 | lr 5.2670e-04 | norm: 0.4820 | dt: 2943.91ms | tok/sec: 22261.57
step  2631 | loss: 4.131066 | lr 5.2664e-04 | norm: 0.5337 | dt: 2949.31ms | tok/sec: 22220.76
step  2632 | loss: 4.093184 | lr 5.2658e-04 | norm: 0.4899 | dt: 2957.50ms | tok/sec: 22159.24
step  2633 | loss: 4.067956 | lr 5.2652e-04 | norm: 0.4830 | dt: 2938.54ms | tok/sec: 22302.21
step  2634 | loss: 4.117074 | lr 5.2646e-04 | norm: 0.5920 | dt: 2942.81ms | tok/sec: 22269.84
step  2635 | loss: 3.978997 | lr 5.2640e-04 | norm: 0.5409 | dt: 2944.88ms | tok/sec: 22254.22
step  2636 | loss: 4.104067 | lr 5.2634e-04 | norm: 0.4596 | dt: 2966.61ms | tok/sec: 22091.21
step  2637 | loss: 4.048131 | lr 5.2628e-04 | norm: 0.4432 | dt: 2943.79ms | tok/sec: 22262.46
step  2638 | loss: 4.135963 | lr 5.2622e-04 | norm: 0.4712 | dt: 2942.30ms | tok/sec: 22273.70
step  2639 | loss: 4.132885 | lr 5.2616e-04 | norm: 0.4515 | dt: 2940.49ms | tok/sec: 22287.42
step  2640 | loss: 4.106317 | lr 5.2610e-04 | norm: 0.4966 | dt: 2944.85ms | tok/sec: 22254.47
step  2641 | loss: 4.223152 | lr 5.2604e-04 | norm: 0.5194 | dt: 2948.96ms | tok/sec: 22223.41
step  2642 | loss: 4.135993 | lr 5.2598e-04 | norm: 0.4573 | dt: 2956.01ms | tok/sec: 22170.44
step  2643 | loss: 4.166570 | lr 5.2592e-04 | norm: 0.4093 | dt: 2954.04ms | tok/sec: 22185.21
step  2644 | loss: 4.219380 | lr 5.2586e-04 | norm: 0.5031 | dt: 2946.85ms | tok/sec: 22239.37
step  2645 | loss: 4.011554 | lr 5.2580e-04 | norm: 0.4727 | dt: 2940.34ms | tok/sec: 22288.56
step  2646 | loss: 4.076066 | lr 5.2574e-04 | norm: 0.4829 | dt: 2939.70ms | tok/sec: 22293.46
step  2647 | loss: 4.105401 | lr 5.2568e-04 | norm: 0.5000 | dt: 2951.24ms | tok/sec: 22206.26
step  2648 | loss: 4.133018 | lr 5.2562e-04 | norm: 0.5194 | dt: 2977.94ms | tok/sec: 22007.18
step  2649 | loss: 4.066529 | lr 5.2556e-04 | norm: 0.5151 | dt: 2947.84ms | tok/sec: 22231.84
step  2650 | loss: 3.999452 | lr 5.2550e-04 | norm: 0.4537 | dt: 2946.46ms | tok/sec: 22242.32
step  2651 | loss: 4.172724 | lr 5.2544e-04 | norm: 0.4650 | dt: 2944.37ms | tok/sec: 22258.07
step  2652 | loss: 4.046984 | lr 5.2538e-04 | norm: 0.5055 | dt: 2964.16ms | tok/sec: 22109.48
step  2653 | loss: 4.147364 | lr 5.2532e-04 | norm: 0.4513 | dt: 2935.24ms | tok/sec: 22327.32
step  2654 | loss: 4.109530 | lr 5.2526e-04 | norm: 0.5377 | dt: 2943.76ms | tok/sec: 22262.70
step  2655 | loss: 4.124541 | lr 5.2520e-04 | norm: 0.4807 | dt: 2933.08ms | tok/sec: 22343.72
step  2656 | loss: 4.184986 | lr 5.2514e-04 | norm: 0.5005 | dt: 2944.67ms | tok/sec: 22255.82
step  2657 | loss: 4.034465 | lr 5.2508e-04 | norm: 0.4088 | dt: 2962.72ms | tok/sec: 22120.19
step  2658 | loss: 4.201683 | lr 5.2502e-04 | norm: 0.4506 | dt: 2937.93ms | tok/sec: 22306.84
step  2659 | loss: 4.148570 | lr 5.2496e-04 | norm: 0.4093 | dt: 2945.43ms | tok/sec: 22250.05
step  2660 | loss: 4.187285 | lr 5.2490e-04 | norm: 0.5735 | dt: 2951.91ms | tok/sec: 22201.23
step  2661 | loss: 4.154410 | lr 5.2483e-04 | norm: 0.4457 | dt: 2945.98ms | tok/sec: 22245.87
step  2662 | loss: 4.200192 | lr 5.2477e-04 | norm: 0.4427 | dt: 2950.60ms | tok/sec: 22211.07
step  2663 | loss: 4.169914 | lr 5.2471e-04 | norm: 0.4335 | dt: 2941.75ms | tok/sec: 22277.86
step  2664 | loss: 4.109790 | lr 5.2465e-04 | norm: 0.4550 | dt: 2948.23ms | tok/sec: 22228.95
step  2665 | loss: 4.057409 | lr 5.2459e-04 | norm: 0.5093 | dt: 2944.77ms | tok/sec: 22255.06
step  2666 | loss: 4.171299 | lr 5.2453e-04 | norm: 0.4875 | dt: 2948.80ms | tok/sec: 22224.64
step  2667 | loss: 4.026950 | lr 5.2447e-04 | norm: 0.4920 | dt: 2957.53ms | tok/sec: 22159.00
step  2668 | loss: 4.057756 | lr 5.2441e-04 | norm: 0.4697 | dt: 2940.83ms | tok/sec: 22284.89
step  2669 | loss: 4.133166 | lr 5.2435e-04 | norm: 0.5016 | dt: 2972.38ms | tok/sec: 22048.32
step  2670 | loss: 4.227308 | lr 5.2429e-04 | norm: 0.4784 | dt: 2948.25ms | tok/sec: 22228.81
step  2671 | loss: 4.121820 | lr 5.2423e-04 | norm: 0.5045 | dt: 2943.96ms | tok/sec: 22261.20
step  2672 | loss: 4.044229 | lr 5.2417e-04 | norm: 0.5501 | dt: 2968.18ms | tok/sec: 22079.50
step  2673 | loss: 4.031519 | lr 5.2411e-04 | norm: 0.6095 | dt: 2948.86ms | tok/sec: 22224.22
step  2674 | loss: 4.050703 | lr 5.2405e-04 | norm: 0.5204 | dt: 2936.21ms | tok/sec: 22319.94
step  2675 | loss: 4.157663 | lr 5.2399e-04 | norm: 0.5020 | dt: 2944.32ms | tok/sec: 22258.41
step  2676 | loss: 4.055080 | lr 5.2392e-04 | norm: 0.5451 | dt: 2948.30ms | tok/sec: 22228.41
step  2677 | loss: 4.108796 | lr 5.2386e-04 | norm: 0.4467 | dt: 2979.53ms | tok/sec: 21995.43
step  2678 | loss: 4.018852 | lr 5.2380e-04 | norm: 0.4843 | dt: 2944.76ms | tok/sec: 22255.16
step  2679 | loss: 4.200151 | lr 5.2374e-04 | norm: 0.6316 | dt: 2937.10ms | tok/sec: 22313.19
step  2680 | loss: 4.037048 | lr 5.2368e-04 | norm: 0.4757 | dt: 2944.29ms | tok/sec: 22258.66
step  2681 | loss: 4.179450 | lr 5.2362e-04 | norm: 0.4795 | dt: 2951.70ms | tok/sec: 22202.79
step  2682 | loss: 4.184427 | lr 5.2356e-04 | norm: 0.5072 | dt: 2936.11ms | tok/sec: 22320.72
step  2683 | loss: 4.196278 | lr 5.2350e-04 | norm: 0.5306 | dt: 2942.11ms | tok/sec: 22275.20
step  2684 | loss: 4.170609 | lr 5.2344e-04 | norm: 0.5911 | dt: 2943.29ms | tok/sec: 22266.26
step  2685 | loss: 4.159734 | lr 5.2338e-04 | norm: 0.4905 | dt: 2943.68ms | tok/sec: 22263.27
step  2686 | loss: 4.115360 | lr 5.2332e-04 | norm: 0.4320 | dt: 2942.03ms | tok/sec: 22275.79
step  2687 | loss: 4.049579 | lr 5.2325e-04 | norm: 0.5349 | dt: 2938.23ms | tok/sec: 22304.62
step  2688 | loss: 4.073001 | lr 5.2319e-04 | norm: 0.5390 | dt: 2943.19ms | tok/sec: 22267.00
step  2689 | loss: 4.096793 | lr 5.2313e-04 | norm: 0.5110 | dt: 2965.12ms | tok/sec: 22102.30
step  2690 | loss: 4.069313 | lr 5.2307e-04 | norm: 0.5067 | dt: 2953.22ms | tok/sec: 22191.34
step  2691 | loss: 4.053163 | lr 5.2301e-04 | norm: 0.5015 | dt: 2951.64ms | tok/sec: 22203.23
step  2692 | loss: 4.095835 | lr 5.2295e-04 | norm: 0.5143 | dt: 2946.09ms | tok/sec: 22245.05
step  2693 | loss: 4.032310 | lr 5.2289e-04 | norm: 0.5118 | dt: 2969.46ms | tok/sec: 22070.01
step  2694 | loss: 4.026176 | lr 5.2283e-04 | norm: 0.4781 | dt: 2941.75ms | tok/sec: 22277.87
step  2695 | loss: 4.048746 | lr 5.2276e-04 | norm: 0.4643 | dt: 2941.51ms | tok/sec: 22279.70
step  2696 | loss: 4.028642 | lr 5.2270e-04 | norm: 0.4794 | dt: 2943.15ms | tok/sec: 22267.27
step  2697 | loss: 4.121160 | lr 5.2264e-04 | norm: 0.4531 | dt: 2970.52ms | tok/sec: 22062.17
step  2698 | loss: 4.133706 | lr 5.2258e-04 | norm: 0.4493 | dt: 2944.14ms | tok/sec: 22259.83
step  2699 | loss: 4.151512 | lr 5.2252e-04 | norm: 0.4716 | dt: 2939.19ms | tok/sec: 22297.31
step  2700 | loss: 3.948181 | lr 5.2246e-04 | norm: 0.4530 | dt: 2942.45ms | tok/sec: 22272.57
step  2701 | loss: 4.041160 | lr 5.2240e-04 | norm: 0.4612 | dt: 2940.60ms | tok/sec: 22286.63
step  2702 | loss: 4.000881 | lr 5.2234e-04 | norm: 0.4549 | dt: 2946.60ms | tok/sec: 22241.21
step  2703 | loss: 3.882510 | lr 5.2227e-04 | norm: 0.5383 | dt: 2945.77ms | tok/sec: 22247.52
step  2704 | loss: 4.208935 | lr 5.2221e-04 | norm: 0.6878 | dt: 2940.79ms | tok/sec: 22285.19
step  2705 | loss: 4.123465 | lr 5.2215e-04 | norm: 0.5312 | dt: 2958.90ms | tok/sec: 22148.75
step  2706 | loss: 4.067090 | lr 5.2209e-04 | norm: 0.5445 | dt: 2954.16ms | tok/sec: 22184.34
step  2707 | loss: 4.084452 | lr 5.2203e-04 | norm: 0.5830 | dt: 2941.88ms | tok/sec: 22276.94
step  2708 | loss: 3.991974 | lr 5.2197e-04 | norm: 0.5062 | dt: 2948.87ms | tok/sec: 22224.10
step  2709 | loss: 4.092611 | lr 5.2191e-04 | norm: 0.5385 | dt: 2977.45ms | tok/sec: 22010.78
step  2710 | loss: 4.154606 | lr 5.2184e-04 | norm: 0.5643 | dt: 2941.48ms | tok/sec: 22279.91
step  2711 | loss: 4.214007 | lr 5.2178e-04 | norm: 0.4836 | dt: 2945.27ms | tok/sec: 22251.24
step  2712 | loss: 4.130633 | lr 5.2172e-04 | norm: 0.4941 | dt: 2943.85ms | tok/sec: 22262.03
step  2713 | loss: 3.916954 | lr 5.2166e-04 | norm: 0.6098 | dt: 2940.83ms | tok/sec: 22284.85
step  2714 | loss: 4.122011 | lr 5.2160e-04 | norm: 0.6096 | dt: 2944.22ms | tok/sec: 22259.18
step  2715 | loss: 4.166674 | lr 5.2154e-04 | norm: 0.4315 | dt: 2937.29ms | tok/sec: 22311.74
step  2716 | loss: 4.118668 | lr 5.2147e-04 | norm: 0.4875 | dt: 2942.02ms | tok/sec: 22275.86
step  2717 | loss: 4.084208 | lr 5.2141e-04 | norm: 0.4939 | dt: 2941.13ms | tok/sec: 22282.60
step  2718 | loss: 4.004566 | lr 5.2135e-04 | norm: 0.4613 | dt: 2965.70ms | tok/sec: 22097.98
step  2719 | loss: 4.019663 | lr 5.2129e-04 | norm: 0.4336 | dt: 2950.35ms | tok/sec: 22212.97
step  2720 | loss: 3.975934 | lr 5.2123e-04 | norm: 0.4505 | dt: 2943.70ms | tok/sec: 22263.17
step  2721 | loss: 4.040918 | lr 5.2117e-04 | norm: 0.4597 | dt: 2938.75ms | tok/sec: 22300.61
step  2722 | loss: 4.087036 | lr 5.2110e-04 | norm: 0.4754 | dt: 2944.95ms | tok/sec: 22253.70
step  2723 | loss: 4.062000 | lr 5.2104e-04 | norm: 0.4998 | dt: 2954.34ms | tok/sec: 22182.97
step  2724 | loss: 4.134557 | lr 5.2098e-04 | norm: 0.4639 | dt: 2944.11ms | tok/sec: 22260.06
step  2725 | loss: 4.177807 | lr 5.2092e-04 | norm: 0.4958 | dt: 2942.30ms | tok/sec: 22273.73
step  2726 | loss: 4.142121 | lr 5.2086e-04 | norm: 0.4351 | dt: 2934.88ms | tok/sec: 22330.01
step  2727 | loss: 4.152671 | lr 5.2080e-04 | norm: 0.4759 | dt: 2941.34ms | tok/sec: 22280.97
step  2728 | loss: 3.945338 | lr 5.2073e-04 | norm: 0.4727 | dt: 2937.03ms | tok/sec: 22313.67
step  2729 | loss: 4.063929 | lr 5.2067e-04 | norm: 0.4437 | dt: 2939.16ms | tok/sec: 22297.55
step  2730 | loss: 3.995281 | lr 5.2061e-04 | norm: 0.5472 | dt: 2974.62ms | tok/sec: 22031.69
step  2731 | loss: 4.145058 | lr 5.2055e-04 | norm: 0.4054 | dt: 2942.13ms | tok/sec: 22275.01
step  2732 | loss: 4.033396 | lr 5.2049e-04 | norm: 0.4952 | dt: 2951.74ms | tok/sec: 22202.53
step  2733 | loss: 4.068748 | lr 5.2042e-04 | norm: 0.4598 | dt: 2942.94ms | tok/sec: 22268.89
step  2734 | loss: 3.918753 | lr 5.2036e-04 | norm: 0.4837 | dt: 2937.24ms | tok/sec: 22312.10
step  2735 | loss: 4.101698 | lr 5.2030e-04 | norm: 0.4235 | dt: 2942.82ms | tok/sec: 22269.76
step  2736 | loss: 4.124912 | lr 5.2024e-04 | norm: 0.4837 | dt: 2941.77ms | tok/sec: 22277.73
step  2737 | loss: 4.181916 | lr 5.2018e-04 | norm: 0.4858 | dt: 2948.95ms | tok/sec: 22223.54
step  2738 | loss: 4.192263 | lr 5.2011e-04 | norm: 0.4873 | dt: 2965.87ms | tok/sec: 22096.73
step  2739 | loss: 4.242309 | lr 5.2005e-04 | norm: 0.4892 | dt: 2940.13ms | tok/sec: 22290.18
step  2740 | loss: 4.065744 | lr 5.1999e-04 | norm: 0.4447 | dt: 2968.96ms | tok/sec: 22073.74
step  2741 | loss: 4.082778 | lr 5.1993e-04 | norm: 0.4617 | dt: 2943.63ms | tok/sec: 22263.67
step  2742 | loss: 4.311887 | lr 5.1986e-04 | norm: 0.5956 | dt: 2946.05ms | tok/sec: 22245.41
step  2743 | loss: 4.326335 | lr 5.1980e-04 | norm: 0.4712 | dt: 2944.78ms | tok/sec: 22254.99
step  2744 | loss: 4.105548 | lr 5.1974e-04 | norm: 0.5970 | dt: 2943.44ms | tok/sec: 22265.08
step  2745 | loss: 3.964357 | lr 5.1968e-04 | norm: 0.4949 | dt: 2934.88ms | tok/sec: 22330.01
step  2746 | loss: 4.061036 | lr 5.1962e-04 | norm: 0.4520 | dt: 2933.39ms | tok/sec: 22341.42
step  2747 | loss: 4.066834 | lr 5.1955e-04 | norm: 0.4829 | dt: 2945.65ms | tok/sec: 22248.40
step  2748 | loss: 4.020350 | lr 5.1949e-04 | norm: 0.4891 | dt: 2943.09ms | tok/sec: 22267.75
step  2749 | loss: 4.023556 | lr 5.1943e-04 | norm: 0.5485 | dt: 2943.67ms | tok/sec: 22263.40
step  2750 | loss: 4.067788 | lr 5.1937e-04 | norm: 0.5404 | dt: 2986.96ms | tok/sec: 21940.70
step  2751 | loss: 4.021833 | lr 5.1930e-04 | norm: 0.4702 | dt: 2946.04ms | tok/sec: 22245.48
step  2752 | loss: 3.880488 | lr 5.1924e-04 | norm: 0.7550 | dt: 2940.27ms | tok/sec: 22289.10
step  2753 | loss: 4.169671 | lr 5.1918e-04 | norm: 0.5275 | dt: 2940.18ms | tok/sec: 22289.78
step  2754 | loss: 3.967718 | lr 5.1912e-04 | norm: 0.4871 | dt: 2942.99ms | tok/sec: 22268.47
step  2755 | loss: 3.996719 | lr 5.1905e-04 | norm: 0.4545 | dt: 2939.53ms | tok/sec: 22294.71
step  2756 | loss: 4.093961 | lr 5.1899e-04 | norm: 0.4944 | dt: 2936.66ms | tok/sec: 22316.53
step  2757 | loss: 4.085167 | lr 5.1893e-04 | norm: 0.4950 | dt: 2947.10ms | tok/sec: 22237.42
step  2758 | loss: 4.020589 | lr 5.1887e-04 | norm: 0.4783 | dt: 2945.90ms | tok/sec: 22246.50
step  2759 | loss: 4.070041 | lr 5.1880e-04 | norm: 0.4606 | dt: 2962.04ms | tok/sec: 22125.30
step  2760 | loss: 4.153736 | lr 5.1874e-04 | norm: 0.4302 | dt: 2941.44ms | tok/sec: 22280.27
step  2761 | loss: 3.905992 | lr 5.1868e-04 | norm: 0.4548 | dt: 2969.57ms | tok/sec: 22069.16
step  2762 | loss: 4.079854 | lr 5.1862e-04 | norm: 0.4572 | dt: 2946.83ms | tok/sec: 22239.49
step  2763 | loss: 3.987604 | lr 5.1855e-04 | norm: 0.4911 | dt: 2934.34ms | tok/sec: 22334.18
step  2764 | loss: 4.023159 | lr 5.1849e-04 | norm: 0.4720 | dt: 2949.26ms | tok/sec: 22221.19
step  2765 | loss: 4.025249 | lr 5.1843e-04 | norm: 0.4770 | dt: 2940.57ms | tok/sec: 22286.83
step  2766 | loss: 4.095669 | lr 5.1837e-04 | norm: 0.4491 | dt: 2937.76ms | tok/sec: 22308.16
step  2767 | loss: 3.978868 | lr 5.1830e-04 | norm: 0.4877 | dt: 2933.60ms | tok/sec: 22339.78
step  2768 | loss: 3.930355 | lr 5.1824e-04 | norm: 0.4698 | dt: 2941.64ms | tok/sec: 22278.73
step  2769 | loss: 3.895629 | lr 5.1818e-04 | norm: 0.4217 | dt: 2955.15ms | tok/sec: 22176.89
step  2770 | loss: 3.994186 | lr 5.1812e-04 | norm: 0.4538 | dt: 2949.37ms | tok/sec: 22220.34
step  2771 | loss: 4.104781 | lr 5.1805e-04 | norm: 0.4464 | dt: 2973.38ms | tok/sec: 22040.88
step  2772 | loss: 4.037431 | lr 5.1799e-04 | norm: 0.4739 | dt: 2938.88ms | tok/sec: 22299.64
step  2773 | loss: 4.017979 | lr 5.1793e-04 | norm: 0.4443 | dt: 2945.80ms | tok/sec: 22247.27
step  2774 | loss: 4.060952 | lr 5.1787e-04 | norm: 0.4568 | dt: 2940.55ms | tok/sec: 22287.01
step  2775 | loss: 4.039051 | lr 5.1780e-04 | norm: 0.4212 | dt: 2951.42ms | tok/sec: 22204.91
step  2776 | loss: 4.059154 | lr 5.1774e-04 | norm: 0.4975 | dt: 2949.44ms | tok/sec: 22219.82
step  2777 | loss: 4.111554 | lr 5.1768e-04 | norm: 0.4649 | dt: 2947.70ms | tok/sec: 22232.95
step  2778 | loss: 3.936081 | lr 5.1761e-04 | norm: 0.4475 | dt: 2941.25ms | tok/sec: 22281.71
step  2779 | loss: 3.943551 | lr 5.1755e-04 | norm: 0.4823 | dt: 2959.96ms | tok/sec: 22140.81
step  2780 | loss: 4.045514 | lr 5.1749e-04 | norm: 0.4985 | dt: 2943.72ms | tok/sec: 22262.97
step  2781 | loss: 4.120045 | lr 5.1742e-04 | norm: 0.6833 | dt: 2960.17ms | tok/sec: 22139.27
step  2782 | loss: 3.988626 | lr 5.1736e-04 | norm: 0.5482 | dt: 2952.14ms | tok/sec: 22199.47
step  2783 | loss: 4.008229 | lr 5.1730e-04 | norm: 0.5145 | dt: 2947.86ms | tok/sec: 22231.76
step  2784 | loss: 4.074684 | lr 5.1724e-04 | norm: 0.5108 | dt: 2949.23ms | tok/sec: 22221.42
step  2785 | loss: 3.980072 | lr 5.1717e-04 | norm: 0.4526 | dt: 2939.90ms | tok/sec: 22291.88
step  2786 | loss: 4.076999 | lr 5.1711e-04 | norm: 0.5085 | dt: 2944.57ms | tok/sec: 22256.59
step  2787 | loss: 4.014086 | lr 5.1705e-04 | norm: 0.4306 | dt: 2949.25ms | tok/sec: 22221.27
step  2788 | loss: 3.979075 | lr 5.1698e-04 | norm: 0.4581 | dt: 2936.87ms | tok/sec: 22314.89
step  2789 | loss: 3.975389 | lr 5.1692e-04 | norm: 0.4373 | dt: 2951.84ms | tok/sec: 22201.72
step  2790 | loss: 4.006866 | lr 5.1686e-04 | norm: 0.4248 | dt: 2939.17ms | tok/sec: 22297.47
step  2791 | loss: 4.029575 | lr 5.1679e-04 | norm: 0.4134 | dt: 2973.61ms | tok/sec: 22039.19
step  2792 | loss: 4.049405 | lr 5.1673e-04 | norm: 0.4426 | dt: 2937.91ms | tok/sec: 22306.98
step  2793 | loss: 4.006285 | lr 5.1667e-04 | norm: 0.4436 | dt: 2956.10ms | tok/sec: 22169.77
step  2794 | loss: 3.981143 | lr 5.1660e-04 | norm: 0.4699 | dt: 2936.38ms | tok/sec: 22318.63
step  2795 | loss: 4.088058 | lr 5.1654e-04 | norm: 0.5161 | dt: 2947.03ms | tok/sec: 22237.97
step  2796 | loss: 4.012985 | lr 5.1648e-04 | norm: 0.4859 | dt: 2946.42ms | tok/sec: 22242.55
step  2797 | loss: 3.948110 | lr 5.1642e-04 | norm: 0.4689 | dt: 2940.46ms | tok/sec: 22287.66
step  2798 | loss: 3.936695 | lr 5.1635e-04 | norm: 0.4529 | dt: 2942.15ms | tok/sec: 22274.86
step  2799 | loss: 4.018054 | lr 5.1629e-04 | norm: 0.4952 | dt: 2952.22ms | tok/sec: 22198.88
step  2800 | loss: 4.239227 | lr 5.1623e-04 | norm: 0.4678 | dt: 2942.66ms | tok/sec: 22271.02
step  2801 | loss: 3.971211 | lr 5.1616e-04 | norm: 0.5469 | dt: 2959.44ms | tok/sec: 22144.74
step  2802 | loss: 3.877995 | lr 5.1610e-04 | norm: 0.5261 | dt: 2954.75ms | tok/sec: 22179.87
step  2803 | loss: 4.089522 | lr 5.1604e-04 | norm: 0.5335 | dt: 2941.21ms | tok/sec: 22282.01
step  2804 | loss: 3.925275 | lr 5.1597e-04 | norm: 0.5198 | dt: 2941.60ms | tok/sec: 22279.03
step  2805 | loss: 4.006392 | lr 5.1591e-04 | norm: 0.4419 | dt: 2950.62ms | tok/sec: 22210.93
step  2806 | loss: 4.084327 | lr 5.1585e-04 | norm: 0.4516 | dt: 2937.08ms | tok/sec: 22313.28
step  2807 | loss: 4.027417 | lr 5.1578e-04 | norm: 0.5484 | dt: 2947.23ms | tok/sec: 22236.50
step  2808 | loss: 4.019578 | lr 5.1572e-04 | norm: 0.4417 | dt: 2960.27ms | tok/sec: 22138.50
step  2809 | loss: 3.950537 | lr 5.1565e-04 | norm: 0.4525 | dt: 2947.69ms | tok/sec: 22233.00
step  2810 | loss: 3.983781 | lr 5.1559e-04 | norm: 0.4239 | dt: 2949.49ms | tok/sec: 22219.47
step  2811 | loss: 3.940780 | lr 5.1553e-04 | norm: 0.4474 | dt: 2983.07ms | tok/sec: 21969.34
step  2812 | loss: 4.090513 | lr 5.1546e-04 | norm: 0.4489 | dt: 2958.55ms | tok/sec: 22151.42
step  2813 | loss: 4.175443 | lr 5.1540e-04 | norm: 0.4542 | dt: 2950.86ms | tok/sec: 22209.11
step  2814 | loss: 4.033505 | lr 5.1534e-04 | norm: 0.4497 | dt: 2956.12ms | tok/sec: 22169.58
step  2815 | loss: 3.942448 | lr 5.1527e-04 | norm: 0.4494 | dt: 2954.08ms | tok/sec: 22184.92
step  2816 | loss: 4.057621 | lr 5.1521e-04 | norm: 0.5028 | dt: 2958.40ms | tok/sec: 22152.48
step  2817 | loss: 3.878383 | lr 5.1515e-04 | norm: 0.4709 | dt: 2940.19ms | tok/sec: 22289.72
step  2818 | loss: 4.017656 | lr 5.1508e-04 | norm: 0.4491 | dt: 2962.17ms | tok/sec: 22124.33
step  2819 | loss: 3.993210 | lr 5.1502e-04 | norm: 0.4351 | dt: 2946.37ms | tok/sec: 22242.94
step  2820 | loss: 3.949208 | lr 5.1496e-04 | norm: 0.4517 | dt: 2968.93ms | tok/sec: 22073.91
step  2821 | loss: 4.071363 | lr 5.1489e-04 | norm: 0.4626 | dt: 2936.71ms | tok/sec: 22316.16
step  2822 | loss: 4.037308 | lr 5.1483e-04 | norm: 0.4461 | dt: 2943.37ms | tok/sec: 22265.61
step  2823 | loss: 3.920679 | lr 5.1476e-04 | norm: 0.4713 | dt: 2958.37ms | tok/sec: 22152.72
step  2824 | loss: 4.006673 | lr 5.1470e-04 | norm: 0.4194 | dt: 2939.36ms | tok/sec: 22295.97
step  2825 | loss: 3.875828 | lr 5.1464e-04 | norm: 0.4828 | dt: 2943.88ms | tok/sec: 22261.77
step  2826 | loss: 4.038386 | lr 5.1457e-04 | norm: 0.4261 | dt: 2955.59ms | tok/sec: 22173.56
step  2827 | loss: 4.056242 | lr 5.1451e-04 | norm: 0.4725 | dt: 2948.05ms | tok/sec: 22230.31
step  2828 | loss: 3.900248 | lr 5.1444e-04 | norm: 0.4539 | dt: 2937.61ms | tok/sec: 22309.31
step  2829 | loss: 3.964559 | lr 5.1438e-04 | norm: 0.4283 | dt: 2939.17ms | tok/sec: 22297.48
step  2830 | loss: 4.139122 | lr 5.1432e-04 | norm: 0.4528 | dt: 2950.34ms | tok/sec: 22213.05
step  2831 | loss: 4.102814 | lr 5.1425e-04 | norm: 0.4480 | dt: 2957.19ms | tok/sec: 22161.58
step  2832 | loss: 4.019665 | lr 5.1419e-04 | norm: 0.5167 | dt: 2963.72ms | tok/sec: 22112.76
step  2833 | loss: 3.933522 | lr 5.1413e-04 | norm: 0.4370 | dt: 2948.92ms | tok/sec: 22223.74
step  2834 | loss: 4.035064 | lr 5.1406e-04 | norm: 0.4569 | dt: 2947.09ms | tok/sec: 22237.52
step  2835 | loss: 4.102627 | lr 5.1400e-04 | norm: 0.4409 | dt: 2938.21ms | tok/sec: 22304.76
step  2836 | loss: 3.956025 | lr 5.1393e-04 | norm: 0.5312 | dt: 2960.70ms | tok/sec: 22135.32
step  2837 | loss: 4.024279 | lr 5.1387e-04 | norm: 0.4819 | dt: 2948.37ms | tok/sec: 22227.86
step  2838 | loss: 4.056204 | lr 5.1381e-04 | norm: 0.5271 | dt: 2931.97ms | tok/sec: 22352.20
step  2839 | loss: 4.092183 | lr 5.1374e-04 | norm: 0.4916 | dt: 2940.62ms | tok/sec: 22286.43
step  2840 | loss: 4.034608 | lr 5.1368e-04 | norm: 0.5241 | dt: 2955.58ms | tok/sec: 22173.65
step  2841 | loss: 4.057353 | lr 5.1361e-04 | norm: 0.4858 | dt: 2944.36ms | tok/sec: 22258.17
step  2842 | loss: 3.916477 | lr 5.1355e-04 | norm: 0.5036 | dt: 2937.15ms | tok/sec: 22312.78
step  2843 | loss: 4.074602 | lr 5.1348e-04 | norm: 0.4293 | dt: 2945.89ms | tok/sec: 22246.58
step  2844 | loss: 3.932316 | lr 5.1342e-04 | norm: 0.4355 | dt: 2946.17ms | tok/sec: 22244.44
step  2845 | loss: 4.068948 | lr 5.1336e-04 | norm: 0.4178 | dt: 2942.56ms | tok/sec: 22271.74
step  2846 | loss: 4.015554 | lr 5.1329e-04 | norm: 0.4290 | dt: 2948.75ms | tok/sec: 22224.99
step  2847 | loss: 3.907348 | lr 5.1323e-04 | norm: 0.5276 | dt: 2948.55ms | tok/sec: 22226.55
step  2848 | loss: 3.920678 | lr 5.1316e-04 | norm: 0.4625 | dt: 2947.77ms | tok/sec: 22232.38
step  2849 | loss: 4.095469 | lr 5.1310e-04 | norm: 0.4839 | dt: 2946.27ms | tok/sec: 22243.72
step  2850 | loss: 4.021509 | lr 5.1304e-04 | norm: 0.4416 | dt: 2944.13ms | tok/sec: 22259.92
step  2851 | loss: 3.956365 | lr 5.1297e-04 | norm: 0.4408 | dt: 2946.38ms | tok/sec: 22242.92
step  2852 | loss: 3.909048 | lr 5.1291e-04 | norm: 0.4421 | dt: 2981.65ms | tok/sec: 21979.76
step  2853 | loss: 3.851901 | lr 5.1284e-04 | norm: 0.4222 | dt: 2941.29ms | tok/sec: 22281.36
step  2854 | loss: 3.976572 | lr 5.1278e-04 | norm: 0.4288 | dt: 2940.29ms | tok/sec: 22288.94
step  2855 | loss: 3.962633 | lr 5.1271e-04 | norm: 0.4359 | dt: 2937.57ms | tok/sec: 22309.59
step  2856 | loss: 3.971903 | lr 5.1265e-04 | norm: 0.4206 | dt: 2971.45ms | tok/sec: 22055.24
step  2857 | loss: 3.978590 | lr 5.1258e-04 | norm: 0.4306 | dt: 2948.22ms | tok/sec: 22228.98
step  2858 | loss: 4.089500 | lr 5.1252e-04 | norm: 0.4111 | dt: 2935.67ms | tok/sec: 22324.01
step  2859 | loss: 3.764517 | lr 5.1246e-04 | norm: 0.6661 | dt: 2941.44ms | tok/sec: 22280.21
step  2860 | loss: 4.014935 | lr 5.1239e-04 | norm: 0.5224 | dt: 2971.58ms | tok/sec: 22054.23
step  2861 | loss: 4.062796 | lr 5.1233e-04 | norm: 0.4886 | dt: 2946.02ms | tok/sec: 22245.61
step  2862 | loss: 3.919768 | lr 5.1226e-04 | norm: 0.4435 | dt: 2944.91ms | tok/sec: 22254.01
step  2863 | loss: 3.995804 | lr 5.1220e-04 | norm: 0.4383 | dt: 2943.50ms | tok/sec: 22264.65
step  2864 | loss: 3.948017 | lr 5.1213e-04 | norm: 0.4408 | dt: 2944.76ms | tok/sec: 22255.12
step  2865 | loss: 3.942476 | lr 5.1207e-04 | norm: 0.4601 | dt: 2941.16ms | tok/sec: 22282.38
step  2866 | loss: 3.960838 | lr 5.1200e-04 | norm: 0.4662 | dt: 2942.19ms | tok/sec: 22274.59
step  2867 | loss: 4.008356 | lr 5.1194e-04 | norm: 0.4604 | dt: 2944.60ms | tok/sec: 22256.35
step  2868 | loss: 3.992345 | lr 5.1188e-04 | norm: 0.4611 | dt: 2952.01ms | tok/sec: 22200.44
step  2869 | loss: 3.963766 | lr 5.1181e-04 | norm: 0.5196 | dt: 2938.56ms | tok/sec: 22302.10
step  2870 | loss: 4.069821 | lr 5.1175e-04 | norm: 0.4651 | dt: 2944.61ms | tok/sec: 22256.27
step  2871 | loss: 3.804283 | lr 5.1168e-04 | norm: 0.4820 | dt: 2945.21ms | tok/sec: 22251.70
step  2872 | loss: 4.017499 | lr 5.1162e-04 | norm: 0.4569 | dt: 2978.89ms | tok/sec: 22000.13
step  2873 | loss: 3.893447 | lr 5.1155e-04 | norm: 0.4756 | dt: 2941.16ms | tok/sec: 22282.40
step  2874 | loss: 3.991362 | lr 5.1149e-04 | norm: 0.4645 | dt: 2932.94ms | tok/sec: 22344.81
step  2875 | loss: 3.932687 | lr 5.1142e-04 | norm: 0.5400 | dt: 2942.11ms | tok/sec: 22275.16
step  2876 | loss: 3.819408 | lr 5.1136e-04 | norm: 0.4237 | dt: 2948.20ms | tok/sec: 22229.18
step  2877 | loss: 3.869865 | lr 5.1129e-04 | norm: 0.5148 | dt: 2969.24ms | tok/sec: 22071.61
step  2878 | loss: 3.980175 | lr 5.1123e-04 | norm: 0.4464 | dt: 2941.46ms | tok/sec: 22280.11
step  2879 | loss: 3.769810 | lr 5.1116e-04 | norm: 0.4670 | dt: 2948.23ms | tok/sec: 22228.96
step  2880 | loss: 3.918164 | lr 5.1110e-04 | norm: 0.4729 | dt: 2931.89ms | tok/sec: 22352.85
step  2881 | loss: 3.859100 | lr 5.1103e-04 | norm: 0.4810 | dt: 2958.59ms | tok/sec: 22151.12
step  2882 | loss: 3.931370 | lr 5.1097e-04 | norm: 0.4542 | dt: 2942.47ms | tok/sec: 22272.45
step  2883 | loss: 3.845146 | lr 5.1090e-04 | norm: 0.4809 | dt: 2943.11ms | tok/sec: 22267.56
step  2884 | loss: 3.876526 | lr 5.1084e-04 | norm: 0.8079 | dt: 2947.41ms | tok/sec: 22235.14
step  2885 | loss: 3.967144 | lr 5.1077e-04 | norm: 0.5191 | dt: 2948.58ms | tok/sec: 22226.28
step  2886 | loss: 3.878014 | lr 5.1071e-04 | norm: 0.4706 | dt: 2945.85ms | tok/sec: 22246.86
step  2887 | loss: 3.882081 | lr 5.1064e-04 | norm: 0.5252 | dt: 2950.20ms | tok/sec: 22214.08
step  2888 | loss: 3.884147 | lr 5.1058e-04 | norm: 0.4487 | dt: 2947.21ms | tok/sec: 22236.60
step  2889 | loss: 3.851029 | lr 5.1051e-04 | norm: 0.4977 | dt: 2941.27ms | tok/sec: 22281.54
step  2890 | loss: 3.753483 | lr 5.1045e-04 | norm: 0.5004 | dt: 2944.75ms | tok/sec: 22255.19
step  2891 | loss: 3.941675 | lr 5.1038e-04 | norm: 0.5123 | dt: 2932.94ms | tok/sec: 22344.84
step  2892 | loss: 3.939034 | lr 5.1032e-04 | norm: 0.4853 | dt: 2946.65ms | tok/sec: 22240.88
step  2893 | loss: 3.905714 | lr 5.1025e-04 | norm: 0.4990 | dt: 2970.11ms | tok/sec: 22065.21
step  2894 | loss: 3.986157 | lr 5.1019e-04 | norm: 0.5212 | dt: 2945.74ms | tok/sec: 22247.69
step  2895 | loss: 3.836628 | lr 5.1012e-04 | norm: 0.4979 | dt: 2935.79ms | tok/sec: 22323.14
step  2896 | loss: 3.802752 | lr 5.1006e-04 | norm: 0.4461 | dt: 2945.62ms | tok/sec: 22248.60
step  2897 | loss: 3.998626 | lr 5.0999e-04 | norm: 0.4949 | dt: 2958.85ms | tok/sec: 22149.16
step  2898 | loss: 3.914968 | lr 5.0993e-04 | norm: 0.4715 | dt: 2942.55ms | tok/sec: 22271.81
step  2899 | loss: 4.127786 | lr 5.0986e-04 | norm: 0.4770 | dt: 2936.34ms | tok/sec: 22318.96
step  2900 | loss: 3.876720 | lr 5.0980e-04 | norm: 0.5532 | dt: 2943.88ms | tok/sec: 22261.81
step  2901 | loss: 4.037176 | lr 5.0973e-04 | norm: 0.6713 | dt: 2951.72ms | tok/sec: 22202.66
step  2902 | loss: 3.852796 | lr 5.0967e-04 | norm: 0.5175 | dt: 2945.19ms | tok/sec: 22251.91
step  2903 | loss: 3.878576 | lr 5.0960e-04 | norm: 0.5568 | dt: 2939.91ms | tok/sec: 22291.86
step  2904 | loss: 3.962432 | lr 5.0954e-04 | norm: 0.5144 | dt: 2947.27ms | tok/sec: 22236.17
step  2905 | loss: 3.825781 | lr 5.0947e-04 | norm: 0.5137 | dt: 2940.52ms | tok/sec: 22287.19
step  2906 | loss: 4.019650 | lr 5.0941e-04 | norm: 0.5122 | dt: 2947.45ms | tok/sec: 22234.79
step  2907 | loss: 3.955776 | lr 5.0934e-04 | norm: 0.5054 | dt: 2953.18ms | tok/sec: 22191.69
step  2908 | loss: 3.963436 | lr 5.0927e-04 | norm: 0.4769 | dt: 2942.02ms | tok/sec: 22275.83
step  2909 | loss: 3.916586 | lr 5.0921e-04 | norm: 0.4867 | dt: 2940.63ms | tok/sec: 22286.37
step  2910 | loss: 3.797311 | lr 5.0914e-04 | norm: 0.4422 | dt: 2944.67ms | tok/sec: 22255.83
step  2911 | loss: 3.859548 | lr 5.0908e-04 | norm: 0.4464 | dt: 2946.75ms | tok/sec: 22240.08
step  2912 | loss: 3.860068 | lr 5.0901e-04 | norm: 0.4576 | dt: 2942.44ms | tok/sec: 22272.71
step  2913 | loss: 3.917784 | lr 5.0895e-04 | norm: 0.4984 | dt: 2973.30ms | tok/sec: 22041.52
step  2914 | loss: 3.962911 | lr 5.0888e-04 | norm: 0.4955 | dt: 2971.27ms | tok/sec: 22056.53
step  2915 | loss: 3.895078 | lr 5.0882e-04 | norm: 0.4497 | dt: 2948.92ms | tok/sec: 22223.74
step  2916 | loss: 3.857788 | lr 5.0875e-04 | norm: 0.5698 | dt: 2933.11ms | tok/sec: 22343.54
step  2917 | loss: 4.005781 | lr 5.0869e-04 | norm: 0.5025 | dt: 2941.56ms | tok/sec: 22279.35
step  2918 | loss: 3.967360 | lr 5.0862e-04 | norm: 0.5017 | dt: 2951.18ms | tok/sec: 22206.69
step  2919 | loss: 3.963592 | lr 5.0855e-04 | norm: 0.4541 | dt: 2948.08ms | tok/sec: 22230.09
step  2920 | loss: 3.989995 | lr 5.0849e-04 | norm: 0.4855 | dt: 2950.55ms | tok/sec: 22211.46
step  2921 | loss: 3.965247 | lr 5.0842e-04 | norm: 0.4283 | dt: 2935.65ms | tok/sec: 22324.17
step  2922 | loss: 3.919089 | lr 5.0836e-04 | norm: 0.4702 | dt: 2967.45ms | tok/sec: 22084.98
step  2923 | loss: 3.785643 | lr 5.0829e-04 | norm: 0.4179 | dt: 2941.76ms | tok/sec: 22277.80
step  2924 | loss: 3.860770 | lr 5.0823e-04 | norm: 0.4613 | dt: 2944.32ms | tok/sec: 22258.45
step  2925 | loss: 3.893995 | lr 5.0816e-04 | norm: 0.4589 | dt: 2948.57ms | tok/sec: 22226.38
step  2926 | loss: 4.049824 | lr 5.0809e-04 | norm: 0.4780 | dt: 2949.87ms | tok/sec: 22216.54
step  2927 | loss: 3.786723 | lr 5.0803e-04 | norm: 0.4797 | dt: 2945.32ms | tok/sec: 22250.87
step  2928 | loss: 3.961433 | lr 5.0796e-04 | norm: 0.5023 | dt: 2942.81ms | tok/sec: 22269.89
step  2929 | loss: 3.877089 | lr 5.0790e-04 | norm: 0.4109 | dt: 2942.26ms | tok/sec: 22274.07
step  2930 | loss: 3.753911 | lr 5.0783e-04 | norm: 0.4535 | dt: 2943.57ms | tok/sec: 22264.09
step  2931 | loss: 3.867859 | lr 5.0777e-04 | norm: 0.4544 | dt: 2943.18ms | tok/sec: 22267.10
step  2932 | loss: 3.802397 | lr 5.0770e-04 | norm: 0.4078 | dt: 2950.80ms | tok/sec: 22209.55
step  2933 | loss: 3.818020 | lr 5.0763e-04 | norm: 0.4117 | dt: 2982.64ms | tok/sec: 21972.50
step  2934 | loss: 3.858119 | lr 5.0757e-04 | norm: 0.4475 | dt: 2947.59ms | tok/sec: 22233.73
step  2935 | loss: 3.977315 | lr 5.0750e-04 | norm: 0.4809 | dt: 2941.94ms | tok/sec: 22276.46
step  2936 | loss: 4.011776 | lr 5.0744e-04 | norm: 0.4405 | dt: 2949.07ms | tok/sec: 22222.61
step  2937 | loss: 3.839986 | lr 5.0737e-04 | norm: 0.5047 | dt: 2949.42ms | tok/sec: 22219.94
step  2938 | loss: 4.041535 | lr 5.0730e-04 | norm: 0.5232 | dt: 2952.29ms | tok/sec: 22198.35
step  2939 | loss: 3.961767 | lr 5.0724e-04 | norm: 1.3022 | dt: 2943.94ms | tok/sec: 22261.29
step  2940 | loss: 3.972886 | lr 5.0717e-04 | norm: 0.5518 | dt: 2947.81ms | tok/sec: 22232.12
step  2941 | loss: 4.020108 | lr 5.0711e-04 | norm: 1.0761 | dt: 2952.67ms | tok/sec: 22195.51
step  2942 | loss: 3.860508 | lr 5.0704e-04 | norm: 0.5085 | dt: 2957.04ms | tok/sec: 22162.73
step  2943 | loss: 3.840171 | lr 5.0697e-04 | norm: 0.5029 | dt: 2948.55ms | tok/sec: 22226.55
step  2944 | loss: 3.889454 | lr 5.0691e-04 | norm: 0.5366 | dt: 2973.99ms | tok/sec: 22036.35
step  2945 | loss: 3.803797 | lr 5.0684e-04 | norm: 0.4529 | dt: 2941.96ms | tok/sec: 22276.32
step  2946 | loss: 3.935825 | lr 5.0678e-04 | norm: 0.5058 | dt: 2950.35ms | tok/sec: 22212.95
step  2947 | loss: 3.987840 | lr 5.0671e-04 | norm: 0.5100 | dt: 2950.21ms | tok/sec: 22214.04
step  2948 | loss: 3.957414 | lr 5.0664e-04 | norm: 0.5704 | dt: 2939.61ms | tok/sec: 22294.11
step  2949 | loss: 4.176709 | lr 5.0658e-04 | norm: 0.5503 | dt: 2939.95ms | tok/sec: 22291.53
step  2950 | loss: 3.895441 | lr 5.0651e-04 | norm: 0.5167 | dt: 2941.61ms | tok/sec: 22278.98
step  2951 | loss: 3.867163 | lr 5.0645e-04 | norm: 0.4756 | dt: 2950.97ms | tok/sec: 22208.32
step  2952 | loss: 3.803934 | lr 5.0638e-04 | norm: 0.4956 | dt: 2942.01ms | tok/sec: 22275.94
step  2953 | loss: 3.899112 | lr 5.0631e-04 | norm: 0.4644 | dt: 2956.45ms | tok/sec: 22167.11
step  2954 | loss: 3.810550 | lr 5.0625e-04 | norm: 0.4707 | dt: 2976.46ms | tok/sec: 22018.07
step  2955 | loss: 3.909822 | lr 5.0618e-04 | norm: 0.4355 | dt: 2943.74ms | tok/sec: 22262.81
step  2956 | loss: 3.844249 | lr 5.0611e-04 | norm: 0.4618 | dt: 2936.05ms | tok/sec: 22321.14
step  2957 | loss: 3.875219 | lr 5.0605e-04 | norm: 0.4337 | dt: 2945.82ms | tok/sec: 22247.10
step  2958 | loss: 3.888062 | lr 5.0598e-04 | norm: 0.4683 | dt: 2943.07ms | tok/sec: 22267.91
step  2959 | loss: 3.840867 | lr 5.0592e-04 | norm: 0.4581 | dt: 2931.09ms | tok/sec: 22358.89
step  2960 | loss: 3.931534 | lr 5.0585e-04 | norm: 0.3937 | dt: 2942.26ms | tok/sec: 22274.04
step  2961 | loss: 3.893834 | lr 5.0578e-04 | norm: 0.4580 | dt: 2944.08ms | tok/sec: 22260.30
step  2962 | loss: 3.833573 | lr 5.0572e-04 | norm: 0.4463 | dt: 2960.34ms | tok/sec: 22138.03
step  2963 | loss: 3.873637 | lr 5.0565e-04 | norm: 0.4627 | dt: 2935.41ms | tok/sec: 22325.99
step  2964 | loss: 4.036750 | lr 5.0558e-04 | norm: 0.5088 | dt: 2962.07ms | tok/sec: 22125.07
step  2965 | loss: 3.835986 | lr 5.0552e-04 | norm: 0.4582 | dt: 2945.33ms | tok/sec: 22250.79
step  2966 | loss: 3.846452 | lr 5.0545e-04 | norm: 0.4424 | dt: 2949.86ms | tok/sec: 22216.64
step  2967 | loss: 4.019917 | lr 5.0538e-04 | norm: 0.4257 | dt: 2947.50ms | tok/sec: 22234.43
step  2968 | loss: 4.033029 | lr 5.0532e-04 | norm: 0.4683 | dt: 2954.16ms | tok/sec: 22184.29
step  2969 | loss: 3.944382 | lr 5.0525e-04 | norm: 0.4569 | dt: 2944.20ms | tok/sec: 22259.33
step  2970 | loss: 3.925477 | lr 5.0518e-04 | norm: 0.5661 | dt: 2944.51ms | tok/sec: 22257.03
step  2971 | loss: 4.157209 | lr 5.0512e-04 | norm: 0.5359 | dt: 2941.30ms | tok/sec: 22281.30
step  2972 | loss: 4.137439 | lr 5.0505e-04 | norm: 0.5486 | dt: 2943.19ms | tok/sec: 22267.02
step  2973 | loss: 4.029403 | lr 5.0498e-04 | norm: 0.4641 | dt: 2943.77ms | tok/sec: 22262.64
step  2974 | loss: 4.066150 | lr 5.0492e-04 | norm: 0.4764 | dt: 2986.78ms | tok/sec: 21942.03
step  2975 | loss: 4.131964 | lr 5.0485e-04 | norm: 0.5635 | dt: 2936.00ms | tok/sec: 22321.53
step  2976 | loss: 4.026380 | lr 5.0479e-04 | norm: 0.5344 | dt: 2945.60ms | tok/sec: 22248.76
step  2977 | loss: 4.053275 | lr 5.0472e-04 | norm: 0.4698 | dt: 2945.18ms | tok/sec: 22251.94
step  2978 | loss: 4.190639 | lr 5.0465e-04 | norm: 0.5884 | dt: 2949.30ms | tok/sec: 22220.90
step  2979 | loss: 4.114745 | lr 5.0459e-04 | norm: 0.5177 | dt: 2934.46ms | tok/sec: 22333.24
step  2980 | loss: 4.236113 | lr 5.0452e-04 | norm: 0.4736 | dt: 2941.25ms | tok/sec: 22281.70
step  2981 | loss: 4.157953 | lr 5.0445e-04 | norm: 0.5689 | dt: 2941.99ms | tok/sec: 22276.11
step  2982 | loss: 4.103309 | lr 5.0438e-04 | norm: 0.5478 | dt: 2945.11ms | tok/sec: 22252.52
step  2983 | loss: 4.085049 | lr 5.0432e-04 | norm: 0.5308 | dt: 2959.52ms | tok/sec: 22144.12
step  2984 | loss: 4.079503 | lr 5.0425e-04 | norm: 0.5466 | dt: 2971.84ms | tok/sec: 22052.34
step  2985 | loss: 3.968742 | lr 5.0418e-04 | norm: 0.4751 | dt: 2944.66ms | tok/sec: 22255.87
step  2986 | loss: 3.987228 | lr 5.0412e-04 | norm: 0.4846 | dt: 2946.75ms | tok/sec: 22240.07
step  2987 | loss: 4.024153 | lr 5.0405e-04 | norm: 0.5157 | dt: 2950.24ms | tok/sec: 22213.79
step  2988 | loss: 3.987927 | lr 5.0398e-04 | norm: 0.4552 | dt: 2944.75ms | tok/sec: 22255.18
step  2989 | loss: 4.083116 | lr 5.0392e-04 | norm: 0.4793 | dt: 2939.26ms | tok/sec: 22296.78
step  2990 | loss: 4.132127 | lr 5.0385e-04 | norm: 0.4962 | dt: 2949.21ms | tok/sec: 22221.51
step  2991 | loss: 3.995671 | lr 5.0378e-04 | norm: 0.4365 | dt: 2940.60ms | tok/sec: 22286.59
step  2992 | loss: 4.038706 | lr 5.0372e-04 | norm: 0.4717 | dt: 2946.54ms | tok/sec: 22241.66
step  2993 | loss: 4.066434 | lr 5.0365e-04 | norm: 0.4190 | dt: 2953.63ms | tok/sec: 22188.28
step  2994 | loss: 3.818381 | lr 5.0358e-04 | norm: 0.6497 | dt: 2971.32ms | tok/sec: 22056.20
step  2995 | loss: 3.997003 | lr 5.0352e-04 | norm: 0.5381 | dt: 2950.62ms | tok/sec: 22210.91
step  2996 | loss: 4.024648 | lr 5.0345e-04 | norm: 0.5117 | dt: 2942.97ms | tok/sec: 22268.66
step  2997 | loss: 4.145581 | lr 5.0338e-04 | norm: 0.4676 | dt: 2941.58ms | tok/sec: 22279.19
step  2998 | loss: 4.023522 | lr 5.0331e-04 | norm: 0.5137 | dt: 2934.00ms | tok/sec: 22336.77
step  2999 | loss: 3.897174 | lr 5.0325e-04 | norm: 0.7516 | dt: 2935.68ms | tok/sec: 22323.98
validation loss: 4.0027
HellaSwag accuracy: 2555/10042=0.2544
rank 0 sample 0: Hello, I'm a language model, and I do not have to think how there are any such a case because there are some rules in my native language:
rank 0 sample 1: Hello, I'm a language model, I like to use a C, though I can just work on C - but I can work on an English language model
rank 0 sample 2: Hello, I'm a language model, but I feel I get something better when I try to get more trouble and I'll be more interested in the subject."
rank 0 sample 3: Hello, I'm a language model, for any language you can use, but you didn't know it.
The CTCH, by the name M
step  3000 | loss: 3.880957 | lr 5.0318e-04 | norm: 0.5701 | dt: 108210.77ms | tok/sec: 605.63
step  3001 | loss: 4.253433 | lr 5.0311e-04 | norm: 0.6205 | dt: 2940.36ms | tok/sec: 22288.44
step  3002 | loss: 3.991591 | lr 5.0305e-04 | norm: 0.5365 | dt: 2937.89ms | tok/sec: 22307.18
step  3003 | loss: 4.043765 | lr 5.0298e-04 | norm: 0.6698 | dt: 2937.80ms | tok/sec: 22307.84
step  3004 | loss: 3.875017 | lr 5.0291e-04 | norm: 0.5997 | dt: 2949.47ms | tok/sec: 22219.56
step  3005 | loss: 4.149847 | lr 5.0284e-04 | norm: 0.5992 | dt: 2941.45ms | tok/sec: 22280.20
step  3006 | loss: 4.125998 | lr 5.0278e-04 | norm: 0.5602 | dt: 2940.53ms | tok/sec: 22287.11
step  3007 | loss: 4.117446 | lr 5.0271e-04 | norm: 0.5266 | dt: 2936.91ms | tok/sec: 22314.62
step  3008 | loss: 4.033225 | lr 5.0264e-04 | norm: 0.5545 | dt: 2967.97ms | tok/sec: 22081.05
step  3009 | loss: 4.156477 | lr 5.0258e-04 | norm: 0.5294 | dt: 2938.19ms | tok/sec: 22304.92
step  3010 | loss: 4.101862 | lr 5.0251e-04 | norm: 0.5244 | dt: 2946.15ms | tok/sec: 22244.64
step  3011 | loss: 3.996373 | lr 5.0244e-04 | norm: 0.4916 | dt: 2936.18ms | tok/sec: 22320.14
step  3012 | loss: 4.096252 | lr 5.0237e-04 | norm: 0.4872 | dt: 2939.22ms | tok/sec: 22297.05
step  3013 | loss: 4.106420 | lr 5.0231e-04 | norm: 0.4767 | dt: 2942.34ms | tok/sec: 22273.44
step  3014 | loss: 3.949257 | lr 5.0224e-04 | norm: 0.4888 | dt: 2942.69ms | tok/sec: 22270.80
step  3015 | loss: 3.996446 | lr 5.0217e-04 | norm: 0.5139 | dt: 2948.33ms | tok/sec: 22228.21
step  3016 | loss: 4.000482 | lr 5.0210e-04 | norm: 0.5070 | dt: 2940.62ms | tok/sec: 22286.44
step  3017 | loss: 4.152309 | lr 5.0204e-04 | norm: 0.4930 | dt: 2954.04ms | tok/sec: 22185.22
step  3018 | loss: 4.076063 | lr 5.0197e-04 | norm: 0.4706 | dt: 2938.78ms | tok/sec: 22300.38
step  3019 | loss: 4.046190 | lr 5.0190e-04 | norm: 0.5125 | dt: 2946.02ms | tok/sec: 22245.64
step  3020 | loss: 4.041483 | lr 5.0183e-04 | norm: 0.4845 | dt: 2960.91ms | tok/sec: 22133.75
step  3021 | loss: 4.025343 | lr 5.0177e-04 | norm: 0.4831 | dt: 2951.63ms | tok/sec: 22203.35
step  3022 | loss: 4.132652 | lr 5.0170e-04 | norm: 0.5759 | dt: 2951.28ms | tok/sec: 22205.99
step  3023 | loss: 4.021202 | lr 5.0163e-04 | norm: 0.4485 | dt: 2952.41ms | tok/sec: 22197.43
step  3024 | loss: 3.967493 | lr 5.0156e-04 | norm: 0.4618 | dt: 2950.54ms | tok/sec: 22211.53
step  3025 | loss: 4.346329 | lr 5.0150e-04 | norm: 0.7522 | dt: 2943.49ms | tok/sec: 22264.73
step  3026 | loss: 4.122684 | lr 5.0143e-04 | norm: 0.5995 | dt: 2949.34ms | tok/sec: 22220.55
step  3027 | loss: 3.979757 | lr 5.0136e-04 | norm: 0.5045 | dt: 2951.35ms | tok/sec: 22205.43
step  3028 | loss: 4.029673 | lr 5.0129e-04 | norm: 0.4909 | dt: 2973.28ms | tok/sec: 22041.67
step  3029 | loss: 4.064325 | lr 5.0123e-04 | norm: 0.6825 | dt: 2939.23ms | tok/sec: 22296.96
step  3030 | loss: 4.055115 | lr 5.0116e-04 | norm: 0.5063 | dt: 2949.64ms | tok/sec: 22218.29
step  3031 | loss: 4.053770 | lr 5.0109e-04 | norm: 0.4460 | dt: 2954.00ms | tok/sec: 22185.49
step  3032 | loss: 4.014915 | lr 5.0102e-04 | norm: 0.4380 | dt: 2949.67ms | tok/sec: 22218.05
step  3033 | loss: 3.898750 | lr 5.0096e-04 | norm: 0.4475 | dt: 2944.04ms | tok/sec: 22260.55
step  3034 | loss: 3.979779 | lr 5.0089e-04 | norm: 0.4719 | dt: 2945.03ms | tok/sec: 22253.10
step  3035 | loss: 4.071244 | lr 5.0082e-04 | norm: 0.4395 | dt: 2940.36ms | tok/sec: 22288.45
step  3036 | loss: 3.987383 | lr 5.0075e-04 | norm: 0.4553 | dt: 2940.48ms | tok/sec: 22287.53
step  3037 | loss: 4.072470 | lr 5.0069e-04 | norm: 0.4315 | dt: 2937.06ms | tok/sec: 22313.50
step  3038 | loss: 4.152924 | lr 5.0062e-04 | norm: 0.4284 | dt: 2941.37ms | tok/sec: 22280.75
step  3039 | loss: 3.946740 | lr 5.0055e-04 | norm: 0.4243 | dt: 2941.05ms | tok/sec: 22283.21
step  3040 | loss: 3.995955 | lr 5.0048e-04 | norm: 0.4455 | dt: 2987.28ms | tok/sec: 21938.35
step  3041 | loss: 4.041062 | lr 5.0041e-04 | norm: 0.4267 | dt: 2947.09ms | tok/sec: 22237.53
step  3042 | loss: 4.024444 | lr 5.0035e-04 | norm: 0.4269 | dt: 2946.42ms | tok/sec: 22242.59
step  3043 | loss: 3.930607 | lr 5.0028e-04 | norm: 0.4283 | dt: 2950.73ms | tok/sec: 22210.12
step  3044 | loss: 3.989813 | lr 5.0021e-04 | norm: 0.4580 | dt: 2943.56ms | tok/sec: 22264.17
step  3045 | loss: 4.063608 | lr 5.0014e-04 | norm: 0.4569 | dt: 2961.34ms | tok/sec: 22130.52
step  3046 | loss: 4.025528 | lr 5.0008e-04 | norm: 0.4782 | dt: 2941.51ms | tok/sec: 22279.68
step  3047 | loss: 4.045819 | lr 5.0001e-04 | norm: 0.5097 | dt: 2943.01ms | tok/sec: 22268.36
step  3048 | loss: 4.119689 | lr 4.9994e-04 | norm: 0.4786 | dt: 2937.98ms | tok/sec: 22306.47
step  3049 | loss: 4.085597 | lr 4.9987e-04 | norm: 0.4840 | dt: 2966.19ms | tok/sec: 22094.32
step  3050 | loss: 4.147559 | lr 4.9980e-04 | norm: 0.4649 | dt: 2946.63ms | tok/sec: 22240.97
step  3051 | loss: 3.983400 | lr 4.9974e-04 | norm: 0.4964 | dt: 5732.92ms | tok/sec: 11431.51
step  3052 | loss: 4.034060 | lr 4.9967e-04 | norm: 0.4431 | dt: 2944.89ms | tok/sec: 22254.16
step  3053 | loss: 4.127326 | lr 4.9960e-04 | norm: 0.6274 | dt: 2952.51ms | tok/sec: 22196.67
step  3054 | loss: 3.970089 | lr 4.9953e-04 | norm: 0.6017 | dt: 2934.75ms | tok/sec: 22331.05
step  3055 | loss: 3.976096 | lr 4.9946e-04 | norm: 0.5022 | dt: 2936.90ms | tok/sec: 22314.67
step  3056 | loss: 4.042321 | lr 4.9939e-04 | norm: 0.4775 | dt: 2938.54ms | tok/sec: 22302.26
step  3057 | loss: 4.063876 | lr 4.9933e-04 | norm: 0.5655 | dt: 2947.45ms | tok/sec: 22234.83
step  3058 | loss: 3.967865 | lr 4.9926e-04 | norm: 0.4335 | dt: 2939.47ms | tok/sec: 22295.17
step  3059 | loss: 3.962533 | lr 4.9919e-04 | norm: 0.4533 | dt: 2935.93ms | tok/sec: 22322.09
step  3060 | loss: 3.978964 | lr 4.9912e-04 | norm: 0.5459 | dt: 2981.95ms | tok/sec: 21977.58
step  3061 | loss: 3.997597 | lr 4.9905e-04 | norm: 0.4330 | dt: 2951.19ms | tok/sec: 22206.66
step  3062 | loss: 3.932930 | lr 4.9899e-04 | norm: 0.5637 | dt: 2948.38ms | tok/sec: 22227.77
step  3063 | loss: 4.036313 | lr 4.9892e-04 | norm: 0.5684 | dt: 2939.01ms | tok/sec: 22298.66
step  3064 | loss: 4.100732 | lr 4.9885e-04 | norm: 0.4972 | dt: 2970.29ms | tok/sec: 22063.81
step  3065 | loss: 4.006438 | lr 4.9878e-04 | norm: 0.4768 | dt: 2945.69ms | tok/sec: 22248.10
step  3066 | loss: 3.929303 | lr 4.9871e-04 | norm: 0.4873 | dt: 2946.16ms | tok/sec: 22244.54
step  3067 | loss: 4.013229 | lr 4.9864e-04 | norm: 0.4854 | dt: 2948.25ms | tok/sec: 22228.75
step  3068 | loss: 4.008471 | lr 4.9858e-04 | norm: 0.4689 | dt: 2963.26ms | tok/sec: 22116.19
step  3069 | loss: 4.098757 | lr 4.9851e-04 | norm: 0.4673 | dt: 2949.69ms | tok/sec: 22217.89
step  3070 | loss: 4.087508 | lr 4.9844e-04 | norm: 0.4768 | dt: 2950.27ms | tok/sec: 22213.55
step  3071 | loss: 4.037542 | lr 4.9837e-04 | norm: 0.4415 | dt: 2952.77ms | tok/sec: 22194.72
step  3072 | loss: 4.223914 | lr 4.9830e-04 | norm: 0.7154 | dt: 2945.25ms | tok/sec: 22251.39
step  3073 | loss: 3.975680 | lr 4.9823e-04 | norm: 0.5938 | dt: 2951.33ms | tok/sec: 22205.55
step  3074 | loss: 4.161392 | lr 4.9817e-04 | norm: 0.5420 | dt: 2956.00ms | tok/sec: 22170.49
step  3075 | loss: 4.009042 | lr 4.9810e-04 | norm: 0.5758 | dt: 2951.19ms | tok/sec: 22206.67
step  3076 | loss: 3.932348 | lr 4.9803e-04 | norm: 0.4818 | dt: 2961.03ms | tok/sec: 22132.83
step  3077 | loss: 3.941761 | lr 4.9796e-04 | norm: 0.4856 | dt: 2948.08ms | tok/sec: 22230.08
step  3078 | loss: 4.063065 | lr 4.9789e-04 | norm: 0.5155 | dt: 2956.48ms | tok/sec: 22166.92
step  3079 | loss: 3.915305 | lr 4.9782e-04 | norm: 0.4431 | dt: 2947.70ms | tok/sec: 22232.91
step  3080 | loss: 4.060107 | lr 4.9776e-04 | norm: 0.4909 | dt: 2969.51ms | tok/sec: 22069.62
step  3081 | loss: 4.027123 | lr 4.9769e-04 | norm: 0.4368 | dt: 2973.35ms | tok/sec: 22041.16
step  3082 | loss: 3.948071 | lr 4.9762e-04 | norm: 0.4463 | dt: 2950.82ms | tok/sec: 22209.45
step  3083 | loss: 4.022582 | lr 4.9755e-04 | norm: 0.4987 | dt: 2943.18ms | tok/sec: 22267.08
step  3084 | loss: 4.030012 | lr 4.9748e-04 | norm: 0.4771 | dt: 2959.83ms | tok/sec: 22141.78
step  3085 | loss: 3.939812 | lr 4.9741e-04 | norm: 0.4448 | dt: 2942.38ms | tok/sec: 22273.15
step  3086 | loss: 3.962603 | lr 4.9734e-04 | norm: 0.7430 | dt: 2940.48ms | tok/sec: 22287.51
step  3087 | loss: 4.284439 | lr 4.9728e-04 | norm: 0.6181 | dt: 2941.54ms | tok/sec: 22279.49
step  3088 | loss: 3.870900 | lr 4.9721e-04 | norm: 0.5355 | dt: 2939.30ms | tok/sec: 22296.46
step  3089 | loss: 3.910125 | lr 4.9714e-04 | norm: 0.4939 | dt: 2954.72ms | tok/sec: 22180.09
step  3090 | loss: 4.013629 | lr 4.9707e-04 | norm: 0.4720 | dt: 2945.62ms | tok/sec: 22248.59
step  3091 | loss: 4.006894 | lr 4.9700e-04 | norm: 0.5453 | dt: 2941.06ms | tok/sec: 22283.12
step  3092 | loss: 4.252931 | lr 4.9693e-04 | norm: 0.6224 | dt: 2943.76ms | tok/sec: 22262.69
step  3093 | loss: 4.804975 | lr 4.9686e-04 | norm: 0.7404 | dt: 2950.59ms | tok/sec: 22211.18
step  3094 | loss: 4.054604 | lr 4.9679e-04 | norm: 0.5523 | dt: 2949.14ms | tok/sec: 22222.07
step  3095 | loss: 3.996338 | lr 4.9673e-04 | norm: 0.5566 | dt: 2947.48ms | tok/sec: 22234.59
step  3096 | loss: 4.000892 | lr 4.9666e-04 | norm: 0.4809 | dt: 2942.90ms | tok/sec: 22269.17
step  3097 | loss: 4.227915 | lr 4.9659e-04 | norm: 0.7552 | dt: 2946.24ms | tok/sec: 22243.91
step  3098 | loss: 3.928669 | lr 4.9652e-04 | norm: 0.5114 | dt: 2942.78ms | tok/sec: 22270.12
step  3099 | loss: 4.278667 | lr 4.9645e-04 | norm: 0.5398 | dt: 2942.35ms | tok/sec: 22273.37
step  3100 | loss: 4.161787 | lr 4.9638e-04 | norm: 0.5497 | dt: 2978.69ms | tok/sec: 22001.60
step  3101 | loss: 4.029788 | lr 4.9631e-04 | norm: 0.5735 | dt: 2943.52ms | tok/sec: 22264.53
step  3102 | loss: 3.901275 | lr 4.9624e-04 | norm: 0.5973 | dt: 2940.90ms | tok/sec: 22284.32
step  3103 | loss: 4.089853 | lr 4.9617e-04 | norm: 0.4947 | dt: 2938.01ms | tok/sec: 22306.26
step  3104 | loss: 3.747061 | lr 4.9611e-04 | norm: 0.5345 | dt: 2938.87ms | tok/sec: 22299.70
step  3105 | loss: 3.927290 | lr 4.9604e-04 | norm: 0.5257 | dt: 2947.25ms | tok/sec: 22236.29
step  3106 | loss: 4.061068 | lr 4.9597e-04 | norm: 0.5453 | dt: 2944.57ms | tok/sec: 22256.55
step  3107 | loss: 3.986397 | lr 4.9590e-04 | norm: 0.4880 | dt: 2938.67ms | tok/sec: 22301.21
step  3108 | loss: 3.936687 | lr 4.9583e-04 | norm: 0.4705 | dt: 2948.12ms | tok/sec: 22229.75
step  3109 | loss: 4.006043 | lr 4.9576e-04 | norm: 0.4669 | dt: 2958.04ms | tok/sec: 22155.18
step  3110 | loss: 4.021616 | lr 4.9569e-04 | norm: 0.4393 | dt: 2958.02ms | tok/sec: 22155.36
step  3111 | loss: 4.162603 | lr 4.9562e-04 | norm: 0.4452 | dt: 2945.38ms | tok/sec: 22250.42
step  3112 | loss: 3.934150 | lr 4.9555e-04 | norm: 0.4774 | dt: 2951.65ms | tok/sec: 22203.21
step  3113 | loss: 4.474058 | lr 4.9548e-04 | norm: 0.7240 | dt: 2952.68ms | tok/sec: 22195.39
step  3114 | loss: 4.067849 | lr 4.9542e-04 | norm: 0.5766 | dt: 2949.98ms | tok/sec: 22215.71
step  3115 | loss: 4.066639 | lr 4.9535e-04 | norm: 0.5917 | dt: 2942.30ms | tok/sec: 22273.71
step  3116 | loss: 3.955500 | lr 4.9528e-04 | norm: 0.4527 | dt: 2954.14ms | tok/sec: 22184.46
step  3117 | loss: 4.021152 | lr 4.9521e-04 | norm: 0.5335 | dt: 2948.78ms | tok/sec: 22224.76
step  3118 | loss: 3.883958 | lr 4.9514e-04 | norm: 0.4503 | dt: 2948.36ms | tok/sec: 22227.97
step  3119 | loss: 4.242466 | lr 4.9507e-04 | norm: 0.5305 | dt: 2941.64ms | tok/sec: 22278.74
step  3120 | loss: 4.134583 | lr 4.9500e-04 | norm: 0.5357 | dt: 2937.78ms | tok/sec: 22308.03
step  3121 | loss: 3.992974 | lr 4.9493e-04 | norm: 0.4797 | dt: 2995.64ms | tok/sec: 21877.12
step  3122 | loss: 3.961602 | lr 4.9486e-04 | norm: 0.4921 | dt: 2945.76ms | tok/sec: 22247.55
step  3123 | loss: 4.050779 | lr 4.9479e-04 | norm: 0.4580 | dt: 2943.16ms | tok/sec: 22267.26
step  3124 | loss: 3.921099 | lr 4.9472e-04 | norm: 0.5452 | dt: 2955.78ms | tok/sec: 22172.19
step  3125 | loss: 3.880456 | lr 4.9465e-04 | norm: 0.5278 | dt: 2947.84ms | tok/sec: 22231.84
step  3126 | loss: 3.900677 | lr 4.9459e-04 | norm: 0.4685 | dt: 2942.93ms | tok/sec: 22268.96
step  3127 | loss: 4.026313 | lr 4.9452e-04 | norm: 0.5017 | dt: 2966.30ms | tok/sec: 22093.50
step  3128 | loss: 4.050041 | lr 4.9445e-04 | norm: 0.4641 | dt: 2957.47ms | tok/sec: 22159.49
step  3129 | loss: 3.917381 | lr 4.9438e-04 | norm: 0.4518 | dt: 2957.52ms | tok/sec: 22159.08
step  3130 | loss: 4.006433 | lr 4.9431e-04 | norm: 0.6093 | dt: 2940.45ms | tok/sec: 22287.75
step  3131 | loss: 3.903861 | lr 4.9424e-04 | norm: 0.4943 | dt: 2963.56ms | tok/sec: 22113.96
step  3132 | loss: 3.959432 | lr 4.9417e-04 | norm: 0.4312 | dt: 2946.96ms | tok/sec: 22238.52
step  3133 | loss: 4.036514 | lr 4.9410e-04 | norm: 0.4867 | dt: 2945.06ms | tok/sec: 22252.89
step  3134 | loss: 3.944580 | lr 4.9403e-04 | norm: 0.4690 | dt: 2948.40ms | tok/sec: 22227.67
step  3135 | loss: 4.026661 | lr 4.9396e-04 | norm: 0.4156 | dt: 2947.61ms | tok/sec: 22233.58
step  3136 | loss: 3.996313 | lr 4.9389e-04 | norm: 0.4344 | dt: 2947.83ms | tok/sec: 22231.94
step  3137 | loss: 3.954218 | lr 4.9382e-04 | norm: 0.4364 | dt: 2945.69ms | tok/sec: 22248.07
step  3138 | loss: 3.864120 | lr 4.9375e-04 | norm: 0.4372 | dt: 2946.42ms | tok/sec: 22242.60
step  3139 | loss: 3.941002 | lr 4.9368e-04 | norm: 0.4475 | dt: 2945.70ms | tok/sec: 22247.99
step  3140 | loss: 4.045447 | lr 4.9361e-04 | norm: 0.4518 | dt: 2940.15ms | tok/sec: 22290.02
step  3141 | loss: 3.983187 | lr 4.9354e-04 | norm: 0.5014 | dt: 2975.53ms | tok/sec: 22025.01
step  3142 | loss: 3.976964 | lr 4.9347e-04 | norm: 0.4248 | dt: 2947.64ms | tok/sec: 22233.39
step  3143 | loss: 4.057436 | lr 4.9340e-04 | norm: 0.5171 | dt: 2948.97ms | tok/sec: 22223.39
step  3144 | loss: 4.029655 | lr 4.9333e-04 | norm: 0.4274 | dt: 2952.46ms | tok/sec: 22197.10
step  3145 | loss: 3.850418 | lr 4.9326e-04 | norm: 0.4814 | dt: 2944.44ms | tok/sec: 22257.53
step  3146 | loss: 3.918984 | lr 4.9320e-04 | norm: 0.5065 | dt: 2944.07ms | tok/sec: 22260.37
step  3147 | loss: 4.014782 | lr 4.9313e-04 | norm: 0.5261 | dt: 2948.94ms | tok/sec: 22223.55
step  3148 | loss: 3.899466 | lr 4.9306e-04 | norm: 0.5463 | dt: 2935.31ms | tok/sec: 22326.74
step  3149 | loss: 4.014606 | lr 4.9299e-04 | norm: 0.5042 | dt: 2935.54ms | tok/sec: 22325.04
step  3150 | loss: 3.934754 | lr 4.9292e-04 | norm: 0.4735 | dt: 2961.55ms | tok/sec: 22128.98
step  3151 | loss: 4.045442 | lr 4.9285e-04 | norm: 0.4697 | dt: 2965.16ms | tok/sec: 22102.04
step  3152 | loss: 3.999134 | lr 4.9278e-04 | norm: 0.4410 | dt: 2935.68ms | tok/sec: 22323.94
step  3153 | loss: 3.992155 | lr 4.9271e-04 | norm: 0.4789 | dt: 2946.24ms | tok/sec: 22243.94
step  3154 | loss: 4.028628 | lr 4.9264e-04 | norm: 0.4687 | dt: 2941.94ms | tok/sec: 22276.45
step  3155 | loss: 3.949215 | lr 4.9257e-04 | norm: 0.4440 | dt: 2936.92ms | tok/sec: 22314.55
step  3156 | loss: 3.901711 | lr 4.9250e-04 | norm: 0.4560 | dt: 2941.32ms | tok/sec: 22281.18
step  3157 | loss: 3.923190 | lr 4.9243e-04 | norm: 0.4670 | dt: 2943.92ms | tok/sec: 22261.48
step  3158 | loss: 3.832443 | lr 4.9236e-04 | norm: 0.4312 | dt: 2941.14ms | tok/sec: 22282.50
step  3159 | loss: 3.999811 | lr 4.9229e-04 | norm: 0.3999 | dt: 2941.14ms | tok/sec: 22282.51
step  3160 | loss: 3.881917 | lr 4.9222e-04 | norm: 0.4778 | dt: 2943.77ms | tok/sec: 22262.61
step  3161 | loss: 3.979710 | lr 4.9215e-04 | norm: 0.4566 | dt: 2972.67ms | tok/sec: 22046.21
step  3162 | loss: 3.858833 | lr 4.9208e-04 | norm: 0.4286 | dt: 2951.35ms | tok/sec: 22205.42
step  3163 | loss: 3.771802 | lr 4.9201e-04 | norm: 0.4747 | dt: 2937.21ms | tok/sec: 22312.31
step  3164 | loss: 3.862749 | lr 4.9194e-04 | norm: 0.4448 | dt: 2944.04ms | tok/sec: 22260.56
step  3165 | loss: 4.025698 | lr 4.9187e-04 | norm: 0.4840 | dt: 2940.53ms | tok/sec: 22287.13
step  3166 | loss: 3.934178 | lr 4.9180e-04 | norm: 0.4412 | dt: 2941.48ms | tok/sec: 22279.92
step  3167 | loss: 3.838710 | lr 4.9173e-04 | norm: 0.4510 | dt: 2938.26ms | tok/sec: 22304.35
step  3168 | loss: 3.974723 | lr 4.9166e-04 | norm: 0.4622 | dt: 2941.90ms | tok/sec: 22276.79
step  3169 | loss: 4.002076 | lr 4.9159e-04 | norm: 0.4217 | dt: 2945.54ms | tok/sec: 22249.20
step  3170 | loss: 3.959373 | lr 4.9152e-04 | norm: 0.4575 | dt: 2966.26ms | tok/sec: 22093.79
step  3171 | loss: 3.955220 | lr 4.9145e-04 | norm: 0.4660 | dt: 2944.66ms | tok/sec: 22255.89
step  3172 | loss: 4.051965 | lr 4.9138e-04 | norm: 0.4334 | dt: 2959.43ms | tok/sec: 22144.80
step  3173 | loss: 3.858020 | lr 4.9131e-04 | norm: 0.4569 | dt: 2935.73ms | tok/sec: 22323.54
step  3174 | loss: 3.918245 | lr 4.9124e-04 | norm: 0.4817 | dt: 2945.20ms | tok/sec: 22251.77
step  3175 | loss: 4.090775 | lr 4.9117e-04 | norm: 0.4530 | dt: 2945.30ms | tok/sec: 22251.07
step  3176 | loss: 3.942835 | lr 4.9110e-04 | norm: 0.4897 | dt: 2949.39ms | tok/sec: 22220.21
step  3177 | loss: 4.008262 | lr 4.9103e-04 | norm: 0.4931 | dt: 2949.55ms | tok/sec: 22218.95
step  3178 | loss: 3.877499 | lr 4.9096e-04 | norm: 0.4304 | dt: 2944.52ms | tok/sec: 22256.91
step  3179 | loss: 3.896170 | lr 4.9089e-04 | norm: 0.4303 | dt: 2939.87ms | tok/sec: 22292.11
step  3180 | loss: 4.015397 | lr 4.9082e-04 | norm: 0.4118 | dt: 2934.87ms | tok/sec: 22330.09
step  3181 | loss: 4.010030 | lr 4.9075e-04 | norm: 0.4119 | dt: 2946.58ms | tok/sec: 22241.40
step  3182 | loss: 3.878448 | lr 4.9068e-04 | norm: 0.4385 | dt: 2975.30ms | tok/sec: 22026.70
step  3183 | loss: 3.786833 | lr 4.9061e-04 | norm: 0.4082 | dt: 2940.66ms | tok/sec: 22286.12
step  3184 | loss: 3.941303 | lr 4.9054e-04 | norm: 0.4262 | dt: 2943.05ms | tok/sec: 22268.03
step  3185 | loss: 4.081932 | lr 4.9047e-04 | norm: 0.4587 | dt: 2941.99ms | tok/sec: 22276.04
step  3186 | loss: 3.914464 | lr 4.9040e-04 | norm: 0.4106 | dt: 2942.28ms | tok/sec: 22273.88
step  3187 | loss: 4.035010 | lr 4.9032e-04 | norm: 0.4537 | dt: 2969.22ms | tok/sec: 22071.80
step  3188 | loss: 3.837402 | lr 4.9025e-04 | norm: 0.4344 | dt: 2949.55ms | tok/sec: 22218.98
step  3189 | loss: 3.872979 | lr 4.9018e-04 | norm: 0.4855 | dt: 2945.01ms | tok/sec: 22253.22
step  3190 | loss: 3.998347 | lr 4.9011e-04 | norm: 0.5556 | dt: 2962.90ms | tok/sec: 22118.84
step  3191 | loss: 4.004334 | lr 4.9004e-04 | norm: 0.4992 | dt: 2938.97ms | tok/sec: 22299.00
step  3192 | loss: 3.949471 | lr 4.8997e-04 | norm: 0.4251 | dt: 2943.51ms | tok/sec: 22264.54
step  3193 | loss: 3.904099 | lr 4.8990e-04 | norm: 0.4696 | dt: 2943.48ms | tok/sec: 22264.81
step  3194 | loss: 3.966813 | lr 4.8983e-04 | norm: 0.4815 | dt: 2938.93ms | tok/sec: 22299.31
step  3195 | loss: 3.931083 | lr 4.8976e-04 | norm: 0.4883 | dt: 2949.81ms | tok/sec: 22217.05
step  3196 | loss: 3.837377 | lr 4.8969e-04 | norm: 0.4276 | dt: 2941.42ms | tok/sec: 22280.43
step  3197 | loss: 3.960047 | lr 4.8962e-04 | norm: 0.4805 | dt: 2937.16ms | tok/sec: 22312.68
step  3198 | loss: 3.995172 | lr 4.8955e-04 | norm: 0.4382 | dt: 2948.17ms | tok/sec: 22229.37
step  3199 | loss: 4.048857 | lr 4.8948e-04 | norm: 0.4719 | dt: 2944.44ms | tok/sec: 22257.55
step  3200 | loss: 3.866996 | lr 4.8941e-04 | norm: 0.4654 | dt: 2943.33ms | tok/sec: 22265.94
step  3201 | loss: 3.896059 | lr 4.8934e-04 | norm: 0.4749 | dt: 2949.69ms | tok/sec: 22217.93
step  3202 | loss: 3.864100 | lr 4.8927e-04 | norm: 0.4386 | dt: 2977.26ms | tok/sec: 22012.16
step  3203 | loss: 4.253273 | lr 4.8920e-04 | norm: 0.5576 | dt: 2935.43ms | tok/sec: 22325.86
step  3204 | loss: 3.907521 | lr 4.8913e-04 | norm: 0.4338 | dt: 2935.16ms | tok/sec: 22327.89
step  3205 | loss: 3.883855 | lr 4.8906e-04 | norm: 0.4387 | dt: 2949.31ms | tok/sec: 22220.79
step  3206 | loss: 3.923185 | lr 4.8898e-04 | norm: 0.4350 | dt: 2947.87ms | tok/sec: 22231.65
step  3207 | loss: 3.870156 | lr 4.8891e-04 | norm: 0.4713 | dt: 2931.47ms | tok/sec: 22356.04
step  3208 | loss: 3.898380 | lr 4.8884e-04 | norm: 0.4821 | dt: 2955.88ms | tok/sec: 22171.36
step  3209 | loss: 3.889032 | lr 4.8877e-04 | norm: 0.4422 | dt: 2937.36ms | tok/sec: 22311.17
step  3210 | loss: 3.977473 | lr 4.8870e-04 | norm: 0.4498 | dt: 2942.78ms | tok/sec: 22270.08
step  3211 | loss: 3.974443 | lr 4.8863e-04 | norm: 0.4471 | dt: 2958.55ms | tok/sec: 22151.37
step  3212 | loss: 3.918441 | lr 4.8856e-04 | norm: 0.4210 | dt: 2944.17ms | tok/sec: 22259.57
step  3213 | loss: 4.018796 | lr 4.8849e-04 | norm: 0.4636 | dt: 2942.41ms | tok/sec: 22272.93
step  3214 | loss: 4.005328 | lr 4.8842e-04 | norm: 0.4476 | dt: 2944.66ms | tok/sec: 22255.92
step  3215 | loss: 3.882422 | lr 4.8835e-04 | norm: 0.4684 | dt: 2939.54ms | tok/sec: 22294.64
step  3216 | loss: 3.973745 | lr 4.8828e-04 | norm: 0.4815 | dt: 2947.54ms | tok/sec: 22234.12
step  3217 | loss: 3.954648 | lr 4.8821e-04 | norm: 0.4603 | dt: 2947.96ms | tok/sec: 22230.98
step  3218 | loss: 3.953322 | lr 4.8814e-04 | norm: 0.4437 | dt: 2942.59ms | tok/sec: 22271.57
step  3219 | loss: 3.891610 | lr 4.8806e-04 | norm: 0.4375 | dt: 2947.01ms | tok/sec: 22238.15
step  3220 | loss: 3.831958 | lr 4.8799e-04 | norm: 0.4718 | dt: 2946.66ms | tok/sec: 22240.78
step  3221 | loss: 3.893494 | lr 4.8792e-04 | norm: 0.4585 | dt: 2951.99ms | tok/sec: 22200.58
step  3222 | loss: 3.843544 | lr 4.8785e-04 | norm: 0.4456 | dt: 2985.89ms | tok/sec: 21948.60
step  3223 | loss: 3.938532 | lr 4.8778e-04 | norm: 0.4902 | dt: 2942.17ms | tok/sec: 22274.71
step  3224 | loss: 3.993966 | lr 4.8771e-04 | norm: 0.5119 | dt: 2943.80ms | tok/sec: 22262.40
step  3225 | loss: 3.892727 | lr 4.8764e-04 | norm: 0.4260 | dt: 2940.78ms | tok/sec: 22285.24
step  3226 | loss: 3.956756 | lr 4.8757e-04 | norm: 0.5135 | dt: 2946.54ms | tok/sec: 22241.67
step  3227 | loss: 3.954025 | lr 4.8750e-04 | norm: 0.4476 | dt: 2945.58ms | tok/sec: 22248.91
step  3228 | loss: 3.937046 | lr 4.8743e-04 | norm: 0.4676 | dt: 2958.58ms | tok/sec: 22151.19
step  3229 | loss: 4.155790 | lr 4.8735e-04 | norm: 0.4999 | dt: 2951.20ms | tok/sec: 22206.56
step  3230 | loss: 3.811699 | lr 4.8728e-04 | norm: 0.4680 | dt: 2947.26ms | tok/sec: 22236.23
step  3231 | loss: 3.923083 | lr 4.8721e-04 | norm: 0.4431 | dt: 2961.07ms | tok/sec: 22132.54
step  3232 | loss: 3.968507 | lr 4.8714e-04 | norm: 0.4801 | dt: 2940.43ms | tok/sec: 22287.93
step  3233 | loss: 3.998257 | lr 4.8707e-04 | norm: 0.4679 | dt: 2933.49ms | tok/sec: 22340.62
step  3234 | loss: 3.830495 | lr 4.8700e-04 | norm: 0.4222 | dt: 2939.71ms | tok/sec: 22293.38
step  3235 | loss: 3.987230 | lr 4.8693e-04 | norm: 0.4580 | dt: 2944.21ms | tok/sec: 22259.29
step  3236 | loss: 3.941148 | lr 4.8686e-04 | norm: 0.4205 | dt: 2947.66ms | tok/sec: 22233.24
step  3237 | loss: 4.039959 | lr 4.8679e-04 | norm: 0.4225 | dt: 2946.11ms | tok/sec: 22244.92
step  3238 | loss: 3.932348 | lr 4.8671e-04 | norm: 0.4458 | dt: 2944.42ms | tok/sec: 22257.67
step  3239 | loss: 3.750681 | lr 4.8664e-04 | norm: 0.4401 | dt: 2930.87ms | tok/sec: 22360.56
step  3240 | loss: 3.855751 | lr 4.8657e-04 | norm: 0.5016 | dt: 2942.00ms | tok/sec: 22276.03
step  3241 | loss: 3.769702 | lr 4.8650e-04 | norm: 0.4549 | dt: 2949.49ms | tok/sec: 22219.43
step  3242 | loss: 3.871581 | lr 4.8643e-04 | norm: 0.5342 | dt: 2944.79ms | tok/sec: 22254.92
step  3243 | loss: 3.971689 | lr 4.8636e-04 | norm: 0.4943 | dt: 2985.52ms | tok/sec: 21951.31
step  3244 | loss: 3.864139 | lr 4.8629e-04 | norm: 0.4234 | dt: 2935.88ms | tok/sec: 22322.44
step  3245 | loss: 4.037473 | lr 4.8622e-04 | norm: 0.5339 | dt: 2935.73ms | tok/sec: 22323.57
step  3246 | loss: 3.857819 | lr 4.8614e-04 | norm: 0.4387 | dt: 2935.93ms | tok/sec: 22322.03
step  3247 | loss: 3.905227 | lr 4.8607e-04 | norm: 0.4813 | dt: 2947.14ms | tok/sec: 22237.13
step  3248 | loss: 3.814331 | lr 4.8600e-04 | norm: 0.4192 | dt: 2959.20ms | tok/sec: 22146.51
step  3249 | loss: 3.841256 | lr 4.8593e-04 | norm: 0.4918 | dt: 2940.52ms | tok/sec: 22287.25
step  3250 | loss: 3.721544 | lr 4.8586e-04 | norm: 0.4997 | dt: 2940.07ms | tok/sec: 22290.62
step  3251 | loss: 3.886476 | lr 4.8579e-04 | norm: 0.5004 | dt: 2950.01ms | tok/sec: 22215.55
step  3252 | loss: 3.911818 | lr 4.8572e-04 | norm: 0.4609 | dt: 2960.30ms | tok/sec: 22138.27
step  3253 | loss: 3.870333 | lr 4.8564e-04 | norm: 0.4327 | dt: 2937.71ms | tok/sec: 22308.53
step  3254 | loss: 3.735579 | lr 4.8557e-04 | norm: 0.5141 | dt: 2936.30ms | tok/sec: 22319.24
step  3255 | loss: 3.882555 | lr 4.8550e-04 | norm: 0.5271 | dt: 2954.99ms | tok/sec: 22178.11
step  3256 | loss: 3.814140 | lr 4.8543e-04 | norm: 0.4408 | dt: 2944.33ms | tok/sec: 22258.38
step  3257 | loss: 3.824620 | lr 4.8536e-04 | norm: 0.4679 | dt: 2944.81ms | tok/sec: 22254.76
step  3258 | loss: 3.779525 | lr 4.8529e-04 | norm: 0.4395 | dt: 2949.72ms | tok/sec: 22217.69
step  3259 | loss: 3.816665 | lr 4.8522e-04 | norm: 0.5029 | dt: 2947.25ms | tok/sec: 22236.34
step  3260 | loss: 3.814076 | lr 4.8514e-04 | norm: 0.4373 | dt: 2943.71ms | tok/sec: 22263.03
step  3261 | loss: 3.881868 | lr 4.8507e-04 | norm: 0.4679 | dt: 2950.96ms | tok/sec: 22208.37
step  3262 | loss: 3.765410 | lr 4.8500e-04 | norm: 0.4561 | dt: 2950.46ms | tok/sec: 22212.16
step  3263 | loss: 3.758319 | lr 4.8493e-04 | norm: 0.4519 | dt: 2980.70ms | tok/sec: 21986.77
step  3264 | loss: 3.963757 | lr 4.8486e-04 | norm: 0.4784 | dt: 2949.34ms | tok/sec: 22220.59
step  3265 | loss: 3.830014 | lr 4.8479e-04 | norm: 0.4256 | dt: 2937.24ms | tok/sec: 22312.10
step  3266 | loss: 3.937716 | lr 4.8471e-04 | norm: 0.4748 | dt: 2942.54ms | tok/sec: 22271.94
step  3267 | loss: 3.834457 | lr 4.8464e-04 | norm: 0.4313 | dt: 2943.18ms | tok/sec: 22267.08
step  3268 | loss: 3.906387 | lr 4.8457e-04 | norm: 0.4573 | dt: 2951.67ms | tok/sec: 22203.05
step  3269 | loss: 3.812513 | lr 4.8450e-04 | norm: 0.4732 | dt: 2962.20ms | tok/sec: 22124.09
step  3270 | loss: 3.772153 | lr 4.8443e-04 | norm: 0.4142 | dt: 2941.44ms | tok/sec: 22280.21
step  3271 | loss: 3.728818 | lr 4.8436e-04 | norm: 0.4309 | dt: 2951.58ms | tok/sec: 22203.71
step  3272 | loss: 3.709419 | lr 4.8428e-04 | norm: 0.4277 | dt: 2971.12ms | tok/sec: 22057.67
step  3273 | loss: 3.878221 | lr 4.8421e-04 | norm: 0.4529 | dt: 2947.72ms | tok/sec: 22232.80
step  3274 | loss: 3.881983 | lr 4.8414e-04 | norm: 0.4479 | dt: 2943.95ms | tok/sec: 22261.26
step  3275 | loss: 3.844722 | lr 4.8407e-04 | norm: 0.4631 | dt: 2942.54ms | tok/sec: 22271.91
step  3276 | loss: 3.849663 | lr 4.8400e-04 | norm: 0.4810 | dt: 2949.29ms | tok/sec: 22220.97
step  3277 | loss: 3.798855 | lr 4.8393e-04 | norm: 0.4285 | dt: 2943.28ms | tok/sec: 22266.34
step  3278 | loss: 3.942520 | lr 4.8385e-04 | norm: 0.8473 | dt: 2942.24ms | tok/sec: 22274.16
step  3279 | loss: 3.799720 | lr 4.8378e-04 | norm: 0.5262 | dt: 2943.73ms | tok/sec: 22262.90
step  3280 | loss: 3.911349 | lr 4.8371e-04 | norm: 0.5196 | dt: 2936.30ms | tok/sec: 22319.28
step  3281 | loss: 3.815849 | lr 4.8364e-04 | norm: 0.5642 | dt: 2936.80ms | tok/sec: 22315.44
step  3282 | loss: 3.835156 | lr 4.8357e-04 | norm: 0.5253 | dt: 2942.49ms | tok/sec: 22272.28
step  3283 | loss: 3.914979 | lr 4.8349e-04 | norm: 0.4837 | dt: 2945.66ms | tok/sec: 22248.35
step  3284 | loss: 3.825387 | lr 4.8342e-04 | norm: 0.5002 | dt: 2989.49ms | tok/sec: 21922.11
step  3285 | loss: 3.864994 | lr 4.8335e-04 | norm: 0.4997 | dt: 2937.16ms | tok/sec: 22312.68
step  3286 | loss: 3.914402 | lr 4.8328e-04 | norm: 0.4459 | dt: 2971.89ms | tok/sec: 22051.93
step  3287 | loss: 3.807259 | lr 4.8321e-04 | norm: 0.4738 | dt: 2950.39ms | tok/sec: 22212.68
step  3288 | loss: 4.053944 | lr 4.8313e-04 | norm: 0.4231 | dt: 2935.90ms | tok/sec: 22322.32
step  3289 | loss: 3.770571 | lr 4.8306e-04 | norm: 0.4262 | dt: 2942.20ms | tok/sec: 22274.51
step  3290 | loss: 3.634920 | lr 4.8299e-04 | norm: 0.5176 | dt: 2940.56ms | tok/sec: 22286.95
step  3291 | loss: 3.853410 | lr 4.8292e-04 | norm: 0.5002 | dt: 2944.26ms | tok/sec: 22258.91
step  3292 | loss: 3.917022 | lr 4.8285e-04 | norm: 0.5288 | dt: 2966.13ms | tok/sec: 22094.79
step  3293 | loss: 3.795617 | lr 4.8277e-04 | norm: 0.4666 | dt: 2945.16ms | tok/sec: 22252.11
step  3294 | loss: 3.806737 | lr 4.8270e-04 | norm: 0.4799 | dt: 2927.12ms | tok/sec: 22389.22
step  3295 | loss: 3.973024 | lr 4.8263e-04 | norm: 0.4727 | dt: 2947.77ms | tok/sec: 22232.43
step  3296 | loss: 3.796335 | lr 4.8256e-04 | norm: 0.4445 | dt: 2942.67ms | tok/sec: 22270.95
step  3297 | loss: 3.840801 | lr 4.8248e-04 | norm: 0.4868 | dt: 2943.92ms | tok/sec: 22261.51
step  3298 | loss: 3.770802 | lr 4.8241e-04 | norm: 0.4149 | dt: 2946.76ms | tok/sec: 22240.05
step  3299 | loss: 3.896438 | lr 4.8234e-04 | norm: 0.4431 | dt: 2946.99ms | tok/sec: 22238.26
step  3300 | loss: 3.870119 | lr 4.8227e-04 | norm: 0.5465 | dt: 2940.14ms | tok/sec: 22290.13
step  3301 | loss: 3.863847 | lr 4.8220e-04 | norm: 0.4800 | dt: 2941.56ms | tok/sec: 22279.35
step  3302 | loss: 4.046888 | lr 4.8212e-04 | norm: 0.6007 | dt: 2940.73ms | tok/sec: 22285.62
step  3303 | loss: 3.961343 | lr 4.8205e-04 | norm: 0.5391 | dt: 2942.00ms | tok/sec: 22276.01
step  3304 | loss: 3.965883 | lr 4.8198e-04 | norm: 0.4953 | dt: 2974.86ms | tok/sec: 22029.97
step  3305 | loss: 3.875913 | lr 4.8191e-04 | norm: 0.4608 | dt: 2942.97ms | tok/sec: 22268.63
step  3306 | loss: 3.918608 | lr 4.8183e-04 | norm: 0.6467 | dt: 2931.57ms | tok/sec: 22355.29
step  3307 | loss: 3.886739 | lr 4.8176e-04 | norm: 0.4947 | dt: 2936.33ms | tok/sec: 22319.02
step  3308 | loss: 3.791851 | lr 4.8169e-04 | norm: 0.5070 | dt: 2931.80ms | tok/sec: 22353.50
step  3309 | loss: 3.868201 | lr 4.8162e-04 | norm: 0.4384 | dt: 2939.56ms | tok/sec: 22294.46
step  3310 | loss: 3.849324 | lr 4.8155e-04 | norm: 0.4774 | dt: 2933.24ms | tok/sec: 22342.52
step  3311 | loss: 3.674586 | lr 4.8147e-04 | norm: 0.6724 | dt: 2932.03ms | tok/sec: 22351.75
step  3312 | loss: 3.799807 | lr 4.8140e-04 | norm: 0.4713 | dt: 2952.20ms | tok/sec: 22199.04
step  3313 | loss: 3.760820 | lr 4.8133e-04 | norm: 0.4869 | dt: 2962.40ms | tok/sec: 22122.59
step  3314 | loss: 3.919306 | lr 4.8126e-04 | norm: 0.4717 | dt: 2957.83ms | tok/sec: 22156.80
step  3315 | loss: 3.832277 | lr 4.8118e-04 | norm: 0.4787 | dt: 2938.63ms | tok/sec: 22301.52
step  3316 | loss: 3.908389 | lr 4.8111e-04 | norm: 0.4379 | dt: 2937.25ms | tok/sec: 22312.02
step  3317 | loss: 3.871871 | lr 4.8104e-04 | norm: 0.4585 | dt: 2933.37ms | tok/sec: 22341.50
step  3318 | loss: 3.752899 | lr 4.8097e-04 | norm: 0.4521 | dt: 2939.41ms | tok/sec: 22295.61
step  3319 | loss: 3.800761 | lr 4.8089e-04 | norm: 0.4475 | dt: 2937.55ms | tok/sec: 22309.71
step  3320 | loss: 3.855235 | lr 4.8082e-04 | norm: 0.4286 | dt: 2947.49ms | tok/sec: 22234.48
step  3321 | loss: 3.746158 | lr 4.8075e-04 | norm: 0.6235 | dt: 2939.84ms | tok/sec: 22292.37
step  3322 | loss: 3.913414 | lr 4.8068e-04 | norm: 0.5015 | dt: 2944.86ms | tok/sec: 22254.35
step  3323 | loss: 3.775105 | lr 4.8060e-04 | norm: 0.4565 | dt: 2946.59ms | tok/sec: 22241.28
step  3324 | loss: 3.981069 | lr 4.8053e-04 | norm: 0.4289 | dt: 2977.17ms | tok/sec: 22012.86
step  3325 | loss: 3.851964 | lr 4.8046e-04 | norm: 0.5306 | dt: 2947.74ms | tok/sec: 22232.63
step  3326 | loss: 3.818432 | lr 4.8039e-04 | norm: 0.4248 | dt: 2942.67ms | tok/sec: 22270.90
step  3327 | loss: 3.992135 | lr 4.8031e-04 | norm: 0.6107 | dt: 2944.00ms | tok/sec: 22260.85
step  3328 | loss: 3.789661 | lr 4.8024e-04 | norm: 0.6083 | dt: 2933.07ms | tok/sec: 22343.79
step  3329 | loss: 3.827117 | lr 4.8017e-04 | norm: 0.4893 | dt: 2936.55ms | tok/sec: 22317.32
step  3330 | loss: 3.867318 | lr 4.8009e-04 | norm: 0.4571 | dt: 2944.11ms | tok/sec: 22260.06
step  3331 | loss: 3.826861 | lr 4.8002e-04 | norm: 0.4727 | dt: 2932.00ms | tok/sec: 22352.00
step  3332 | loss: 3.861109 | lr 4.7995e-04 | norm: 0.4618 | dt: 2941.14ms | tok/sec: 22282.51
step  3333 | loss: 3.892141 | lr 4.7988e-04 | norm: 0.4306 | dt: 2958.33ms | tok/sec: 22153.01
step  3334 | loss: 4.055095 | lr 4.7980e-04 | norm: 0.4516 | dt: 2967.25ms | tok/sec: 22086.44
step  3335 | loss: 4.048938 | lr 4.7973e-04 | norm: 0.4358 | dt: 2944.95ms | tok/sec: 22253.65
step  3336 | loss: 3.986815 | lr 4.7966e-04 | norm: 0.5672 | dt: 2947.21ms | tok/sec: 22236.65
step  3337 | loss: 4.097092 | lr 4.7959e-04 | norm: 0.5038 | dt: 2947.74ms | tok/sec: 22232.61
step  3338 | loss: 4.076575 | lr 4.7951e-04 | norm: 0.4790 | dt: 2948.53ms | tok/sec: 22226.65
step  3339 | loss: 4.041029 | lr 4.7944e-04 | norm: 0.4771 | dt: 2946.72ms | tok/sec: 22240.29
step  3340 | loss: 4.184724 | lr 4.7937e-04 | norm: 0.6869 | dt: 2941.68ms | tok/sec: 22278.41
step  3341 | loss: 4.071740 | lr 4.7929e-04 | norm: 0.7310 | dt: 2947.11ms | tok/sec: 22237.35
step  3342 | loss: 3.961834 | lr 4.7922e-04 | norm: 0.4945 | dt: 2940.83ms | tok/sec: 22284.85
step  3343 | loss: 4.180626 | lr 4.7915e-04 | norm: 0.5751 | dt: 2948.57ms | tok/sec: 22226.33
step  3344 | loss: 4.120308 | lr 4.7908e-04 | norm: 0.8740 | dt: 2977.62ms | tok/sec: 22009.50
step  3345 | loss: 4.028209 | lr 4.7900e-04 | norm: 0.6131 | dt: 2942.03ms | tok/sec: 22275.76
step  3346 | loss: 3.933365 | lr 4.7893e-04 | norm: 0.5250 | dt: 2937.35ms | tok/sec: 22311.24
step  3347 | loss: 4.011550 | lr 4.7886e-04 | norm: 0.5594 | dt: 2936.69ms | tok/sec: 22316.31
step  3348 | loss: 4.044249 | lr 4.7878e-04 | norm: 0.5192 | dt: 2944.05ms | tok/sec: 22260.53
step  3349 | loss: 4.015690 | lr 4.7871e-04 | norm: 0.5209 | dt: 2946.04ms | tok/sec: 22245.48
step  3350 | loss: 4.252867 | lr 4.7864e-04 | norm: 0.6367 | dt: 2940.37ms | tok/sec: 22288.34
step  3351 | loss: 4.094837 | lr 4.7856e-04 | norm: 0.5996 | dt: 2941.71ms | tok/sec: 22278.23
step  3352 | loss: 4.249680 | lr 4.7849e-04 | norm: 0.6226 | dt: 2944.21ms | tok/sec: 22259.31
step  3353 | loss: 4.073735 | lr 4.7842e-04 | norm: 0.5098 | dt: 2965.35ms | tok/sec: 22100.59
step  3354 | loss: 3.917157 | lr 4.7835e-04 | norm: 0.6246 | dt: 2934.44ms | tok/sec: 22333.39
step  3355 | loss: 4.001129 | lr 4.7827e-04 | norm: 0.4757 | dt: 2954.10ms | tok/sec: 22184.75
step  3356 | loss: 4.067924 | lr 4.7820e-04 | norm: 0.4801 | dt: 2947.22ms | tok/sec: 22236.53
step  3357 | loss: 3.902743 | lr 4.7813e-04 | norm: 0.4975 | dt: 2935.30ms | tok/sec: 22326.84
step  3358 | loss: 4.253512 | lr 4.7805e-04 | norm: 0.8304 | dt: 2944.41ms | tok/sec: 22257.73
step  3359 | loss: 4.001014 | lr 4.7798e-04 | norm: 0.5352 | dt: 2947.21ms | tok/sec: 22236.64
step  3360 | loss: 4.055793 | lr 4.7791e-04 | norm: 0.4815 | dt: 2934.47ms | tok/sec: 22333.13
step  3361 | loss: 4.082653 | lr 4.7783e-04 | norm: 0.5588 | dt: 2948.61ms | tok/sec: 22226.06
step  3362 | loss: 4.066839 | lr 4.7776e-04 | norm: 0.7511 | dt: 2936.91ms | tok/sec: 22314.63
step  3363 | loss: 4.028886 | lr 4.7769e-04 | norm: 0.4862 | dt: 2938.90ms | tok/sec: 22299.46
step  3364 | loss: 4.107504 | lr 4.7761e-04 | norm: 0.4766 | dt: 2944.67ms | tok/sec: 22255.79
step  3365 | loss: 4.046344 | lr 4.7754e-04 | norm: 0.4400 | dt: 2979.27ms | tok/sec: 21997.34
step  3366 | loss: 3.864274 | lr 4.7747e-04 | norm: 0.4618 | dt: 2939.48ms | tok/sec: 22295.08
step  3367 | loss: 3.983121 | lr 4.7739e-04 | norm: 0.4318 | dt: 2938.62ms | tok/sec: 22301.61
step  3368 | loss: 3.984306 | lr 4.7732e-04 | norm: 0.4057 | dt: 2939.62ms | tok/sec: 22294.03
step  3369 | loss: 3.973478 | lr 4.7725e-04 | norm: 0.4489 | dt: 2941.46ms | tok/sec: 22280.09
step  3370 | loss: 4.130711 | lr 4.7717e-04 | norm: 0.4304 | dt: 2940.81ms | tok/sec: 22285.04
step  3371 | loss: 3.967591 | lr 4.7710e-04 | norm: 0.4222 | dt: 2957.53ms | tok/sec: 22159.00
step  3372 | loss: 4.055395 | lr 4.7703e-04 | norm: 0.4631 | dt: 2940.90ms | tok/sec: 22284.34
step  3373 | loss: 3.942941 | lr 4.7695e-04 | norm: 0.4627 | dt: 2941.42ms | tok/sec: 22280.41
step  3374 | loss: 4.285531 | lr 4.7688e-04 | norm: 0.5017 | dt: 2965.88ms | tok/sec: 22096.63
step  3375 | loss: 3.874271 | lr 4.7681e-04 | norm: 0.4786 | dt: 2957.56ms | tok/sec: 22158.80
step  3376 | loss: 4.309234 | lr 4.7673e-04 | norm: 0.6585 | dt: 2940.20ms | tok/sec: 22289.64
step  3377 | loss: 3.985504 | lr 4.7666e-04 | norm: 0.4683 | dt: 2943.79ms | tok/sec: 22262.48
step  3378 | loss: 4.025738 | lr 4.7659e-04 | norm: 0.5412 | dt: 2927.65ms | tok/sec: 22385.15
step  3379 | loss: 3.986129 | lr 4.7651e-04 | norm: 0.4369 | dt: 2942.10ms | tok/sec: 22275.27
step  3380 | loss: 3.947430 | lr 4.7644e-04 | norm: 0.4772 | dt: 2947.66ms | tok/sec: 22233.25
step  3381 | loss: 4.066637 | lr 4.7637e-04 | norm: 0.5347 | dt: 2936.94ms | tok/sec: 22314.35
step  3382 | loss: 4.002217 | lr 4.7629e-04 | norm: 0.4712 | dt: 2948.00ms | tok/sec: 22230.63
step  3383 | loss: 3.888367 | lr 4.7622e-04 | norm: 0.4672 | dt: 2949.54ms | tok/sec: 22219.03
step  3384 | loss: 3.908281 | lr 4.7615e-04 | norm: 0.4282 | dt: 2945.73ms | tok/sec: 22247.79
step  3385 | loss: 3.969026 | lr 4.7607e-04 | norm: 0.4433 | dt: 2973.00ms | tok/sec: 22043.71
step  3386 | loss: 3.989852 | lr 4.7600e-04 | norm: 0.4506 | dt: 2937.72ms | tok/sec: 22308.43
step  3387 | loss: 4.439462 | lr 4.7593e-04 | norm: 0.6577 | dt: 2942.74ms | tok/sec: 22270.40
step  3388 | loss: 3.993086 | lr 4.7585e-04 | norm: 0.4945 | dt: 2948.62ms | tok/sec: 22226.02
step  3389 | loss: 4.249914 | lr 4.7578e-04 | norm: 0.6634 | dt: 2940.43ms | tok/sec: 22287.89
step  3390 | loss: 4.042077 | lr 4.7571e-04 | norm: 0.4752 | dt: 2940.88ms | tok/sec: 22284.52
step  3391 | loss: 4.060236 | lr 4.7563e-04 | norm: 0.5275 | dt: 2971.53ms | tok/sec: 22054.63
step  3392 | loss: 4.086332 | lr 4.7556e-04 | norm: 0.4892 | dt: 2946.67ms | tok/sec: 22240.68
step  3393 | loss: 4.001578 | lr 4.7548e-04 | norm: 0.4515 | dt: 2937.87ms | tok/sec: 22307.33
step  3394 | loss: 4.003380 | lr 4.7541e-04 | norm: 0.4793 | dt: 2966.32ms | tok/sec: 22093.36
step  3395 | loss: 3.993977 | lr 4.7534e-04 | norm: 0.4833 | dt: 2944.56ms | tok/sec: 22256.67
step  3396 | loss: 4.018586 | lr 4.7526e-04 | norm: 0.5443 | dt: 2939.91ms | tok/sec: 22291.83
step  3397 | loss: 3.968383 | lr 4.7519e-04 | norm: 0.4748 | dt: 2937.47ms | tok/sec: 22310.37
step  3398 | loss: 4.075605 | lr 4.7512e-04 | norm: 0.4861 | dt: 2938.46ms | tok/sec: 22302.84
step  3399 | loss: 3.905056 | lr 4.7504e-04 | norm: 0.4669 | dt: 2957.09ms | tok/sec: 22162.31
step  3400 | loss: 3.988909 | lr 4.7497e-04 | norm: 0.4649 | dt: 2941.85ms | tok/sec: 22277.12
step  3401 | loss: 4.076892 | lr 4.7489e-04 | norm: 0.4586 | dt: 2946.79ms | tok/sec: 22239.82
step  3402 | loss: 4.096541 | lr 4.7482e-04 | norm: 0.5019 | dt: 2940.89ms | tok/sec: 22284.40
step  3403 | loss: 3.992057 | lr 4.7475e-04 | norm: 0.5151 | dt: 2940.04ms | tok/sec: 22290.86
step  3404 | loss: 3.922491 | lr 4.7467e-04 | norm: 0.4916 | dt: 2938.61ms | tok/sec: 22301.74
step  3405 | loss: 4.073706 | lr 4.7460e-04 | norm: 0.4905 | dt: 2942.84ms | tok/sec: 22269.66
step  3406 | loss: 3.971477 | lr 4.7453e-04 | norm: 0.4698 | dt: 2982.10ms | tok/sec: 21976.43
step  3407 | loss: 3.940622 | lr 4.7445e-04 | norm: 0.4712 | dt: 2941.72ms | tok/sec: 22278.14
step  3408 | loss: 4.080800 | lr 4.7438e-04 | norm: 0.5027 | dt: 2941.17ms | tok/sec: 22282.32
step  3409 | loss: 3.996056 | lr 4.7430e-04 | norm: 0.4305 | dt: 2942.38ms | tok/sec: 22273.14
step  3410 | loss: 3.857106 | lr 4.7423e-04 | norm: 0.5119 | dt: 2945.10ms | tok/sec: 22252.52
step  3411 | loss: 3.941783 | lr 4.7416e-04 | norm: 0.6580 | dt: 2939.68ms | tok/sec: 22293.61
step  3412 | loss: 3.937878 | lr 4.7408e-04 | norm: 0.8394 | dt: 2960.39ms | tok/sec: 22137.66
step  3413 | loss: 4.012419 | lr 4.7401e-04 | norm: 0.6967 | dt: 2939.67ms | tok/sec: 22293.63
step  3414 | loss: 3.892502 | lr 4.7393e-04 | norm: 0.5721 | dt: 2952.76ms | tok/sec: 22194.84
step  3415 | loss: 3.965464 | lr 4.7386e-04 | norm: 0.5350 | dt: 2946.52ms | tok/sec: 22241.85
step  3416 | loss: 3.828897 | lr 4.7379e-04 | norm: 0.5469 | dt: 2942.71ms | tok/sec: 22270.63
step  3417 | loss: 3.998826 | lr 4.7371e-04 | norm: 0.5131 | dt: 2943.37ms | tok/sec: 22265.60
step  3418 | loss: 3.986942 | lr 4.7364e-04 | norm: 0.5159 | dt: 2944.57ms | tok/sec: 22256.55
step  3419 | loss: 4.007557 | lr 4.7356e-04 | norm: 0.5177 | dt: 2934.69ms | tok/sec: 22331.46
step  3420 | loss: 3.912702 | lr 4.7349e-04 | norm: 0.4951 | dt: 2942.61ms | tok/sec: 22271.41
step  3421 | loss: 3.967017 | lr 4.7342e-04 | norm: 0.4320 | dt: 2946.13ms | tok/sec: 22244.81
step  3422 | loss: 4.066190 | lr 4.7334e-04 | norm: 0.4449 | dt: 2938.43ms | tok/sec: 22303.06
step  3423 | loss: 3.887469 | lr 4.7327e-04 | norm: 0.4886 | dt: 2943.06ms | tok/sec: 22267.99
step  3424 | loss: 4.098973 | lr 4.7319e-04 | norm: 0.4770 | dt: 2949.62ms | tok/sec: 22218.42
step  3425 | loss: 4.172171 | lr 4.7312e-04 | norm: 0.4746 | dt: 2939.93ms | tok/sec: 22291.69
step  3426 | loss: 3.871094 | lr 4.7305e-04 | norm: 0.4964 | dt: 2984.46ms | tok/sec: 21959.05
step  3427 | loss: 3.886457 | lr 4.7297e-04 | norm: 0.4414 | dt: 2952.95ms | tok/sec: 22193.42
step  3428 | loss: 3.924835 | lr 4.7290e-04 | norm: 0.4374 | dt: 2946.08ms | tok/sec: 22245.18
step  3429 | loss: 3.981898 | lr 4.7282e-04 | norm: 0.4605 | dt: 2942.29ms | tok/sec: 22273.80
step  3430 | loss: 3.839348 | lr 4.7275e-04 | norm: 0.5339 | dt: 2939.00ms | tok/sec: 22298.71
step  3431 | loss: 4.011975 | lr 4.7267e-04 | norm: 0.4880 | dt: 2945.68ms | tok/sec: 22248.19
step  3432 | loss: 3.913766 | lr 4.7260e-04 | norm: 0.4655 | dt: 2955.58ms | tok/sec: 22173.68
step  3433 | loss: 4.174771 | lr 4.7253e-04 | norm: 0.5423 | dt: 2945.59ms | tok/sec: 22248.84
step  3434 | loss: 4.114786 | lr 4.7245e-04 | norm: 0.6239 | dt: 2944.48ms | tok/sec: 22257.25
step  3435 | loss: 4.197184 | lr 4.7238e-04 | norm: 0.6297 | dt: 2956.20ms | tok/sec: 22169.01
step  3436 | loss: 4.380072 | lr 4.7230e-04 | norm: 0.9693 | dt: 2947.15ms | tok/sec: 22237.05
step  3437 | loss: 3.908242 | lr 4.7223e-04 | norm: 0.5914 | dt: 2946.71ms | tok/sec: 22240.38
step  3438 | loss: 4.145490 | lr 4.7215e-04 | norm: 0.6287 | dt: 2950.86ms | tok/sec: 22209.09
step  3439 | loss: 4.030756 | lr 4.7208e-04 | norm: 0.5183 | dt: 2936.20ms | tok/sec: 22319.99
step  3440 | loss: 4.045198 | lr 4.7201e-04 | norm: 0.5105 | dt: 2941.85ms | tok/sec: 22277.14
step  3441 | loss: 3.949213 | lr 4.7193e-04 | norm: 0.5205 | dt: 2943.29ms | tok/sec: 22266.24
step  3442 | loss: 4.045313 | lr 4.7186e-04 | norm: 0.4919 | dt: 2948.52ms | tok/sec: 22226.76
step  3443 | loss: 4.135883 | lr 4.7178e-04 | norm: 0.5923 | dt: 2949.51ms | tok/sec: 22219.27
step  3444 | loss: 4.065620 | lr 4.7171e-04 | norm: 0.5491 | dt: 2940.02ms | tok/sec: 22291.03
step  3445 | loss: 4.083731 | lr 4.7163e-04 | norm: 0.5276 | dt: 2961.95ms | tok/sec: 22125.98
step  3446 | loss: 4.019047 | lr 4.7156e-04 | norm: 0.5393 | dt: 2974.77ms | tok/sec: 22030.63
step  3447 | loss: 4.029245 | lr 4.7148e-04 | norm: 0.4983 | dt: 2941.36ms | tok/sec: 22280.81
step  3448 | loss: 3.883384 | lr 4.7141e-04 | norm: 0.4786 | dt: 2946.60ms | tok/sec: 22241.26
step  3449 | loss: 3.903685 | lr 4.7134e-04 | norm: 0.4784 | dt: 2951.17ms | tok/sec: 22206.79
step  3450 | loss: 4.005760 | lr 4.7126e-04 | norm: 0.4922 | dt: 2939.48ms | tok/sec: 22295.10
step  3451 | loss: 3.996764 | lr 4.7119e-04 | norm: 0.4730 | dt: 2941.48ms | tok/sec: 22279.92
step  3452 | loss: 3.879921 | lr 4.7111e-04 | norm: 0.4368 | dt: 2968.39ms | tok/sec: 22077.97
step  3453 | loss: 4.084334 | lr 4.7104e-04 | norm: 0.4147 | dt: 2948.80ms | tok/sec: 22224.61
step  3454 | loss: 3.924677 | lr 4.7096e-04 | norm: 0.4592 | dt: 2938.82ms | tok/sec: 22300.14
step  3455 | loss: 3.895700 | lr 4.7089e-04 | norm: 0.4638 | dt: 2955.98ms | tok/sec: 22170.61
step  3456 | loss: 4.206440 | lr 4.7081e-04 | norm: 0.5247 | dt: 2949.62ms | tok/sec: 22218.45
step  3457 | loss: 4.050569 | lr 4.7074e-04 | norm: 0.5154 | dt: 2940.45ms | tok/sec: 22287.77
step  3458 | loss: 4.234122 | lr 4.7066e-04 | norm: 0.5250 | dt: 2946.63ms | tok/sec: 22241.00
step  3459 | loss: 4.207962 | lr 4.7059e-04 | norm: 0.5051 | dt: 2942.86ms | tok/sec: 22269.50
step  3460 | loss: 4.053062 | lr 4.7051e-04 | norm: 0.5181 | dt: 2935.61ms | tok/sec: 22324.47
step  3461 | loss: 3.961187 | lr 4.7044e-04 | norm: 0.4455 | dt: 2945.04ms | tok/sec: 22253.01
step  3462 | loss: 3.910092 | lr 4.7037e-04 | norm: 0.4769 | dt: 2940.05ms | tok/sec: 22290.81
step  3463 | loss: 3.984483 | lr 4.7029e-04 | norm: 0.5288 | dt: 2941.74ms | tok/sec: 22277.98
step  3464 | loss: 3.954625 | lr 4.7022e-04 | norm: 0.4580 | dt: 2936.27ms | tok/sec: 22319.48
step  3465 | loss: 3.920526 | lr 4.7014e-04 | norm: 0.5195 | dt: 2939.48ms | tok/sec: 22295.06
step  3466 | loss: 3.984381 | lr 4.7007e-04 | norm: 0.4217 | dt: 2944.38ms | tok/sec: 22257.97
step  3467 | loss: 4.002040 | lr 4.6999e-04 | norm: 0.4423 | dt: 2978.78ms | tok/sec: 22000.98
step  3468 | loss: 3.956445 | lr 4.6992e-04 | norm: 0.5154 | dt: 2948.39ms | tok/sec: 22227.70
step  3469 | loss: 4.861195 | lr 4.6984e-04 | norm: 0.8875 | dt: 2940.97ms | tok/sec: 22283.83
step  3470 | loss: 4.016564 | lr 4.6977e-04 | norm: 0.5736 | dt: 2936.57ms | tok/sec: 22317.16
step  3471 | loss: 3.995663 | lr 4.6969e-04 | norm: 0.6153 | dt: 2938.26ms | tok/sec: 22304.38
step  3472 | loss: 4.044776 | lr 4.6962e-04 | norm: 0.5163 | dt: 2942.54ms | tok/sec: 22271.92
step  3473 | loss: 3.904270 | lr 4.6954e-04 | norm: 0.5258 | dt: 2968.21ms | tok/sec: 22079.30
step  3474 | loss: 3.800279 | lr 4.6947e-04 | norm: 0.5078 | dt: 2944.87ms | tok/sec: 22254.33
step  3475 | loss: 4.004046 | lr 4.6939e-04 | norm: 0.4605 | dt: 2946.62ms | tok/sec: 22241.08
step  3476 | loss: 3.991126 | lr 4.6932e-04 | norm: 0.4890 | dt: 2960.88ms | tok/sec: 22133.95
step  3477 | loss: 3.902719 | lr 4.6924e-04 | norm: 0.4585 | dt: 2944.11ms | tok/sec: 22260.01
step  3478 | loss: 3.953165 | lr 4.6917e-04 | norm: 0.4582 | dt: 2948.75ms | tok/sec: 22224.99
step  3479 | loss: 3.908252 | lr 4.6909e-04 | norm: 0.4672 | dt: 2952.05ms | tok/sec: 22200.13
step  3480 | loss: 3.962240 | lr 4.6902e-04 | norm: 0.4747 | dt: 2944.56ms | tok/sec: 22256.63
step  3481 | loss: 3.874290 | lr 4.6894e-04 | norm: 0.4209 | dt: 2948.95ms | tok/sec: 22223.49
step  3482 | loss: 3.981101 | lr 4.6887e-04 | norm: 0.4912 | dt: 2945.26ms | tok/sec: 22251.35
step  3483 | loss: 4.146657 | lr 4.6879e-04 | norm: 0.4841 | dt: 2939.75ms | tok/sec: 22293.05
step  3484 | loss: 3.883396 | lr 4.6872e-04 | norm: 0.4548 | dt: 2946.45ms | tok/sec: 22242.33
step  3485 | loss: 4.088978 | lr 4.6864e-04 | norm: 0.4911 | dt: 2945.31ms | tok/sec: 22250.99
step  3486 | loss: 4.067023 | lr 4.6857e-04 | norm: 0.4566 | dt: 2945.36ms | tok/sec: 22250.60
step  3487 | loss: 3.984694 | lr 4.6849e-04 | norm: 0.4226 | dt: 2982.37ms | tok/sec: 21974.45
step  3488 | loss: 3.995270 | lr 4.6842e-04 | norm: 0.4437 | dt: 2949.58ms | tok/sec: 22218.72
step  3489 | loss: 3.865336 | lr 4.6834e-04 | norm: 0.4233 | dt: 2942.86ms | tok/sec: 22269.48
step  3490 | loss: 3.945214 | lr 4.6827e-04 | norm: 0.4315 | dt: 2969.56ms | tok/sec: 22069.25
step  3491 | loss: 3.875263 | lr 4.6819e-04 | norm: 0.4196 | dt: 2947.31ms | tok/sec: 22235.86
step  3492 | loss: 4.079331 | lr 4.6812e-04 | norm: 0.4340 | dt: 2944.19ms | tok/sec: 22259.43
step  3493 | loss: 3.959556 | lr 4.6804e-04 | norm: 0.4864 | dt: 2940.90ms | tok/sec: 22284.35
step  3494 | loss: 3.883912 | lr 4.6797e-04 | norm: 0.4621 | dt: 2943.47ms | tok/sec: 22264.86
step  3495 | loss: 3.807752 | lr 4.6789e-04 | norm: 0.4237 | dt: 2942.32ms | tok/sec: 22273.57
step  3496 | loss: 3.891177 | lr 4.6782e-04 | norm: 0.4062 | dt: 2976.28ms | tok/sec: 22019.40
step  3497 | loss: 3.983252 | lr 4.6774e-04 | norm: 0.4685 | dt: 2939.19ms | tok/sec: 22297.30
step  3498 | loss: 4.080204 | lr 4.6767e-04 | norm: 0.4848 | dt: 2945.40ms | tok/sec: 22250.26
step  3499 | loss: 4.004296 | lr 4.6759e-04 | norm: 0.4529 | dt: 2951.59ms | tok/sec: 22203.62
validation loss: 3.9031
HellaSwag accuracy: 2520/10042=0.2509
rank 0 sample 0: Hello, I'm a language model, and I don't have my voice for "teaching. The word's most important thing is not just one word or
rank 0 sample 1: Hello, I'm a language model, "How to use language by writing Language in English the use of language "
- How to write "How to write
rank 0 sample 2: Hello, I'm a language model, which is all connected to other languages, and we can't really do so.<|endoftext|>If you are a beginner in elementary
rank 0 sample 3: Hello, I'm a language model, where it is used to generate the program's full programming language. You can download program from anywhere on the Internet or YouTube
step  3500 | loss: 4.055620 | lr 4.6752e-04 | norm: 0.4483 | dt: 108485.14ms | tok/sec: 604.10
step  3501 | loss: 3.969012 | lr 4.6744e-04 | norm: 0.4563 | dt: 2961.06ms | tok/sec: 22132.62
step  3502 | loss: 4.043798 | lr 4.6737e-04 | norm: 0.4587 | dt: 2966.38ms | tok/sec: 22092.93
step  3503 | loss: 4.162584 | lr 4.6729e-04 | norm: 0.7731 | dt: 2947.33ms | tok/sec: 22235.70
step  3504 | loss: 4.188415 | lr 4.6722e-04 | norm: 0.6106 | dt: 2944.95ms | tok/sec: 22253.73
step  3505 | loss: 4.164985 | lr 4.6714e-04 | norm: 0.6278 | dt: 2944.65ms | tok/sec: 22255.94
step  3506 | loss: 4.006327 | lr 4.6706e-04 | norm: 0.4539 | dt: 2933.63ms | tok/sec: 22339.56
step  3507 | loss: 3.983824 | lr 4.6699e-04 | norm: 0.5472 | dt: 2944.04ms | tok/sec: 22260.56
step  3508 | loss: 3.917464 | lr 4.6691e-04 | norm: 0.5251 | dt: 2935.39ms | tok/sec: 22326.17
step  3509 | loss: 4.013482 | lr 4.6684e-04 | norm: 0.4615 | dt: 2940.10ms | tok/sec: 22290.37
step  3510 | loss: 4.015829 | lr 4.6676e-04 | norm: 0.4617 | dt: 2942.76ms | tok/sec: 22270.27
step  3511 | loss: 3.884352 | lr 4.6669e-04 | norm: 0.4312 | dt: 2944.70ms | tok/sec: 22255.57
step  3512 | loss: 3.890430 | lr 4.6661e-04 | norm: 0.4366 | dt: 2975.07ms | tok/sec: 22028.42
step  3513 | loss: 3.988970 | lr 4.6654e-04 | norm: 0.4438 | dt: 2945.45ms | tok/sec: 22249.93
step  3514 | loss: 4.102118 | lr 4.6646e-04 | norm: 0.4612 | dt: 2941.72ms | tok/sec: 22278.14
step  3515 | loss: 3.908314 | lr 4.6639e-04 | norm: 0.4080 | dt: 2943.66ms | tok/sec: 22263.44
step  3516 | loss: 4.257117 | lr 4.6631e-04 | norm: 0.8952 | dt: 2949.80ms | tok/sec: 22217.10
step  3517 | loss: 3.915678 | lr 4.6624e-04 | norm: 0.5656 | dt: 2940.12ms | tok/sec: 22290.24
step  3518 | loss: 3.975397 | lr 4.6616e-04 | norm: 0.5593 | dt: 2944.37ms | tok/sec: 22258.08
step  3519 | loss: 4.155301 | lr 4.6608e-04 | norm: 0.5240 | dt: 2941.32ms | tok/sec: 22281.12
step  3520 | loss: 3.889441 | lr 4.6601e-04 | norm: 0.6135 | dt: 2940.42ms | tok/sec: 22287.95
step  3521 | loss: 3.887724 | lr 4.6593e-04 | norm: 0.5064 | dt: 2963.81ms | tok/sec: 22112.10
step  3522 | loss: 3.784126 | lr 4.6586e-04 | norm: 0.4740 | dt: 2971.73ms | tok/sec: 22053.13
step  3523 | loss: 3.891755 | lr 4.6578e-04 | norm: 0.4700 | dt: 2937.45ms | tok/sec: 22310.48
step  3524 | loss: 3.747875 | lr 4.6571e-04 | norm: 0.4636 | dt: 2941.74ms | tok/sec: 22277.98
step  3525 | loss: 3.687558 | lr 4.6563e-04 | norm: 0.5095 | dt: 2949.26ms | tok/sec: 22221.20
step  3526 | loss: 3.865576 | lr 4.6555e-04 | norm: 0.4511 | dt: 2945.45ms | tok/sec: 22249.92
step  3527 | loss: 3.989480 | lr 4.6548e-04 | norm: 0.5384 | dt: 2949.34ms | tok/sec: 22220.56
step  3528 | loss: 3.962138 | lr 4.6540e-04 | norm: 0.4820 | dt: 2944.12ms | tok/sec: 22259.94
step  3529 | loss: 3.913447 | lr 4.6533e-04 | norm: 0.4436 | dt: 2950.09ms | tok/sec: 22214.89
step  3530 | loss: 3.906542 | lr 4.6525e-04 | norm: 0.4428 | dt: 2939.24ms | tok/sec: 22296.90
step  3531 | loss: 3.927496 | lr 4.6518e-04 | norm: 0.4915 | dt: 2943.06ms | tok/sec: 22267.95
step  3532 | loss: 3.765573 | lr 4.6510e-04 | norm: 0.4619 | dt: 2948.74ms | tok/sec: 22225.10
step  3533 | loss: 3.852057 | lr 4.6503e-04 | norm: 0.4372 | dt: 2976.71ms | tok/sec: 22016.29
step  3534 | loss: 3.954322 | lr 4.6495e-04 | norm: 0.4620 | dt: 2936.16ms | tok/sec: 22320.34
step  3535 | loss: 3.913119 | lr 4.6487e-04 | norm: 0.4256 | dt: 2950.15ms | tok/sec: 22214.49
step  3536 | loss: 4.006537 | lr 4.6480e-04 | norm: 0.4592 | dt: 2943.44ms | tok/sec: 22265.07
step  3537 | loss: 3.946302 | lr 4.6472e-04 | norm: 0.4388 | dt: 2945.28ms | tok/sec: 22251.19
step  3538 | loss: 3.898349 | lr 4.6465e-04 | norm: 0.4494 | dt: 2950.54ms | tok/sec: 22211.54
step  3539 | loss: 3.849121 | lr 4.6457e-04 | norm: 0.4044 | dt: 2943.13ms | tok/sec: 22267.44
step  3540 | loss: 3.859368 | lr 4.6449e-04 | norm: 0.4508 | dt: 2947.07ms | tok/sec: 22237.65
step  3541 | loss: 3.857024 | lr 4.6442e-04 | norm: 0.4354 | dt: 2945.71ms | tok/sec: 22247.93
step  3542 | loss: 3.907521 | lr 4.6434e-04 | norm: 0.4244 | dt: 2963.64ms | tok/sec: 22113.37
step  3543 | loss: 3.827744 | lr 4.6427e-04 | norm: 0.4496 | dt: 2960.45ms | tok/sec: 22137.18
step  3544 | loss: 3.856868 | lr 4.6419e-04 | norm: 0.4208 | dt: 2944.85ms | tok/sec: 22254.45
step  3545 | loss: 3.847761 | lr 4.6412e-04 | norm: 0.4294 | dt: 2942.49ms | tok/sec: 22272.29
step  3546 | loss: 3.861791 | lr 4.6404e-04 | norm: 0.4018 | dt: 2947.03ms | tok/sec: 22237.96
step  3547 | loss: 3.731056 | lr 4.6396e-04 | norm: 0.4383 | dt: 2942.84ms | tok/sec: 22269.68
step  3548 | loss: 4.037405 | lr 4.6389e-04 | norm: 0.4293 | dt: 2941.74ms | tok/sec: 22277.94
step  3549 | loss: 3.951247 | lr 4.6381e-04 | norm: 0.4206 | dt: 2947.65ms | tok/sec: 22233.30
step  3550 | loss: 3.909158 | lr 4.6374e-04 | norm: 0.4340 | dt: 2943.96ms | tok/sec: 22261.14
step  3551 | loss: 3.825436 | lr 4.6366e-04 | norm: 0.4504 | dt: 2947.16ms | tok/sec: 22237.01
step  3552 | loss: 3.925786 | lr 4.6358e-04 | norm: 0.4179 | dt: 2949.26ms | tok/sec: 22221.16
step  3553 | loss: 3.805702 | lr 4.6351e-04 | norm: 0.4230 | dt: 2978.27ms | tok/sec: 22004.73
step  3554 | loss: 3.780606 | lr 4.6343e-04 | norm: 0.4060 | dt: 2939.87ms | tok/sec: 22292.17
step  3555 | loss: 3.785983 | lr 4.6336e-04 | norm: 0.4710 | dt: 2940.74ms | tok/sec: 22285.56
step  3556 | loss: 3.984994 | lr 4.6328e-04 | norm: 0.5645 | dt: 2943.03ms | tok/sec: 22268.21
step  3557 | loss: 3.977627 | lr 4.6320e-04 | norm: 0.5097 | dt: 2953.02ms | tok/sec: 22192.87
step  3558 | loss: 3.807933 | lr 4.6313e-04 | norm: 0.5479 | dt: 2941.70ms | tok/sec: 22278.26
step  3559 | loss: 3.899325 | lr 4.6305e-04 | norm: 0.4327 | dt: 2948.70ms | tok/sec: 22225.41
step  3560 | loss: 3.873996 | lr 4.6298e-04 | norm: 0.4793 | dt: 2971.95ms | tok/sec: 22051.53
step  3561 | loss: 3.949633 | lr 4.6290e-04 | norm: 0.5319 | dt: 2937.32ms | tok/sec: 22311.52
step  3562 | loss: 3.854620 | lr 4.6282e-04 | norm: 0.4790 | dt: 2971.21ms | tok/sec: 22057.01
step  3563 | loss: 3.981765 | lr 4.6275e-04 | norm: 0.4452 | dt: 2950.96ms | tok/sec: 22208.35
step  3564 | loss: 3.932504 | lr 4.6267e-04 | norm: 0.4191 | dt: 2942.29ms | tok/sec: 22273.80
step  3565 | loss: 3.962038 | lr 4.6259e-04 | norm: 0.4574 | dt: 2945.72ms | tok/sec: 22247.84
step  3566 | loss: 3.870393 | lr 4.6252e-04 | norm: 0.4579 | dt: 2936.64ms | tok/sec: 22316.65
step  3567 | loss: 4.004328 | lr 4.6244e-04 | norm: 0.4462 | dt: 2949.01ms | tok/sec: 22223.02
step  3568 | loss: 3.776947 | lr 4.6237e-04 | norm: 0.4483 | dt: 2945.62ms | tok/sec: 22248.62
step  3569 | loss: 3.879826 | lr 4.6229e-04 | norm: 0.4461 | dt: 2941.63ms | tok/sec: 22278.78
step  3570 | loss: 3.856869 | lr 4.6221e-04 | norm: 0.4428 | dt: 2947.65ms | tok/sec: 22233.30
step  3571 | loss: 3.863568 | lr 4.6214e-04 | norm: 0.4591 | dt: 2946.12ms | tok/sec: 22244.86
step  3572 | loss: 3.980460 | lr 4.6206e-04 | norm: 0.4439 | dt: 2939.93ms | tok/sec: 22291.67
step  3573 | loss: 3.868110 | lr 4.6198e-04 | norm: 0.4331 | dt: 2980.29ms | tok/sec: 21989.79
step  3574 | loss: 3.939250 | lr 4.6191e-04 | norm: 0.4452 | dt: 2938.27ms | tok/sec: 22304.27
step  3575 | loss: 3.820849 | lr 4.6183e-04 | norm: 0.4455 | dt: 2944.71ms | tok/sec: 22255.51
step  3576 | loss: 3.942924 | lr 4.6176e-04 | norm: 0.4440 | dt: 2947.22ms | tok/sec: 22236.55
step  3577 | loss: 3.954956 | lr 4.6168e-04 | norm: 0.4553 | dt: 2947.44ms | tok/sec: 22234.88
step  3578 | loss: 4.053437 | lr 4.6160e-04 | norm: 0.5867 | dt: 2938.51ms | tok/sec: 22302.44
step  3579 | loss: 3.873737 | lr 4.6153e-04 | norm: 0.5476 | dt: 2948.26ms | tok/sec: 22228.70
step  3580 | loss: 3.835952 | lr 4.6145e-04 | norm: 0.5143 | dt: 2955.75ms | tok/sec: 22172.38
step  3581 | loss: 4.064267 | lr 4.6137e-04 | norm: 0.7424 | dt: 2948.60ms | tok/sec: 22226.14
step  3582 | loss: 3.877543 | lr 4.6130e-04 | norm: 0.5102 | dt: 2967.66ms | tok/sec: 22083.39
step  3583 | loss: 3.922184 | lr 4.6122e-04 | norm: 0.5181 | dt: 2945.19ms | tok/sec: 22251.86
step  3584 | loss: 3.817040 | lr 4.6114e-04 | norm: 0.4418 | dt: 2942.70ms | tok/sec: 22270.70
step  3585 | loss: 4.171772 | lr 4.6107e-04 | norm: 0.5200 | dt: 2933.23ms | tok/sec: 22342.58
step  3586 | loss: 4.053167 | lr 4.6099e-04 | norm: 0.4569 | dt: 2944.75ms | tok/sec: 22255.23
step  3587 | loss: 3.978695 | lr 4.6092e-04 | norm: 0.5619 | dt: 2950.61ms | tok/sec: 22210.98
step  3588 | loss: 3.965170 | lr 4.6084e-04 | norm: 0.5664 | dt: 2943.47ms | tok/sec: 22264.85
step  3589 | loss: 3.816531 | lr 4.6076e-04 | norm: 0.4939 | dt: 2942.39ms | tok/sec: 22273.01
step  3590 | loss: 3.959585 | lr 4.6069e-04 | norm: 0.4979 | dt: 2948.29ms | tok/sec: 22228.45
step  3591 | loss: 3.962074 | lr 4.6061e-04 | norm: 0.4977 | dt: 2946.58ms | tok/sec: 22241.35
step  3592 | loss: 3.896022 | lr 4.6053e-04 | norm: 0.4749 | dt: 2936.87ms | tok/sec: 22314.93
step  3593 | loss: 3.776303 | lr 4.6046e-04 | norm: 0.4644 | dt: 2948.54ms | tok/sec: 22226.60
step  3594 | loss: 3.878934 | lr 4.6038e-04 | norm: 0.4448 | dt: 2982.33ms | tok/sec: 21974.79
step  3595 | loss: 3.893404 | lr 4.6030e-04 | norm: 0.4495 | dt: 2938.85ms | tok/sec: 22299.87
step  3596 | loss: 3.854587 | lr 4.6023e-04 | norm: 0.4326 | dt: 2947.56ms | tok/sec: 22233.96
step  3597 | loss: 3.899359 | lr 4.6015e-04 | norm: 0.4576 | dt: 2935.86ms | tok/sec: 22322.63
step  3598 | loss: 4.051449 | lr 4.6007e-04 | norm: 0.4418 | dt: 2969.66ms | tok/sec: 22068.51
step  3599 | loss: 3.777102 | lr 4.6000e-04 | norm: 0.4546 | dt: 2941.04ms | tok/sec: 22283.27
step  3600 | loss: 3.908669 | lr 4.5992e-04 | norm: 0.4715 | dt: 2942.27ms | tok/sec: 22273.99
step  3601 | loss: 3.825388 | lr 4.5984e-04 | norm: 0.4748 | dt: 2946.50ms | tok/sec: 22241.96
step  3602 | loss: 3.909163 | lr 4.5977e-04 | norm: 0.4672 | dt: 2945.88ms | tok/sec: 22246.63
step  3603 | loss: 3.691548 | lr 4.5969e-04 | norm: 0.4974 | dt: 2973.46ms | tok/sec: 22040.30
step  3604 | loss: 4.062858 | lr 4.5961e-04 | norm: 0.5619 | dt: 2950.85ms | tok/sec: 22209.18
step  3605 | loss: 4.001408 | lr 4.5954e-04 | norm: 0.4872 | dt: 2947.69ms | tok/sec: 22232.98
step  3606 | loss: 3.923459 | lr 4.5946e-04 | norm: 0.4669 | dt: 2942.58ms | tok/sec: 22271.59
step  3607 | loss: 3.911726 | lr 4.5938e-04 | norm: 0.4598 | dt: 2950.41ms | tok/sec: 22212.49
step  3608 | loss: 3.999076 | lr 4.5931e-04 | norm: 0.7131 | dt: 2933.21ms | tok/sec: 22342.73
step  3609 | loss: 3.920589 | lr 4.5923e-04 | norm: 0.8069 | dt: 2947.18ms | tok/sec: 22236.84
step  3610 | loss: 3.944796 | lr 4.5915e-04 | norm: 0.5475 | dt: 2946.19ms | tok/sec: 22244.32
step  3611 | loss: 3.843051 | lr 4.5908e-04 | norm: 0.5350 | dt: 2942.92ms | tok/sec: 22269.05
step  3612 | loss: 3.934228 | lr 4.5900e-04 | norm: 0.5064 | dt: 2940.49ms | tok/sec: 22287.46
step  3613 | loss: 3.992887 | lr 4.5892e-04 | norm: 0.4843 | dt: 2944.47ms | tok/sec: 22257.29
step  3614 | loss: 3.955692 | lr 4.5885e-04 | norm: 0.5343 | dt: 2974.57ms | tok/sec: 22032.06
step  3615 | loss: 3.989831 | lr 4.5877e-04 | norm: 0.4760 | dt: 2947.07ms | tok/sec: 22237.67
step  3616 | loss: 3.952763 | lr 4.5869e-04 | norm: 0.7360 | dt: 2949.28ms | tok/sec: 22221.01
step  3617 | loss: 3.639632 | lr 4.5862e-04 | norm: 0.4887 | dt: 2940.30ms | tok/sec: 22288.91
step  3618 | loss: 3.829788 | lr 4.5854e-04 | norm: 0.4379 | dt: 2944.90ms | tok/sec: 22254.05
step  3619 | loss: 3.829820 | lr 4.5846e-04 | norm: 0.5545 | dt: 2938.25ms | tok/sec: 22304.46
step  3620 | loss: 3.724113 | lr 4.5838e-04 | norm: 0.6005 | dt: 2943.91ms | tok/sec: 22261.54
step  3621 | loss: 3.710974 | lr 4.5831e-04 | norm: 0.4899 | dt: 2935.84ms | tok/sec: 22322.71
step  3622 | loss: 3.791531 | lr 4.5823e-04 | norm: 0.5555 | dt: 2953.94ms | tok/sec: 22185.93
step  3623 | loss: 3.758063 | lr 4.5815e-04 | norm: 0.4659 | dt: 2973.10ms | tok/sec: 22042.95
step  3624 | loss: 3.905542 | lr 4.5808e-04 | norm: 0.4468 | dt: 2974.75ms | tok/sec: 22030.78
step  3625 | loss: 3.807823 | lr 4.5800e-04 | norm: 0.4384 | dt: 2947.11ms | tok/sec: 22237.38
step  3626 | loss: 3.896019 | lr 4.5792e-04 | norm: 0.4457 | dt: 2929.97ms | tok/sec: 22367.45
step  3627 | loss: 3.611141 | lr 4.5785e-04 | norm: 0.4487 | dt: 2960.02ms | tok/sec: 22140.36
step  3628 | loss: 3.846985 | lr 4.5777e-04 | norm: 0.4545 | dt: 2950.50ms | tok/sec: 22211.80
step  3629 | loss: 3.941165 | lr 4.5769e-04 | norm: 0.4241 | dt: 2944.25ms | tok/sec: 22258.97
step  3630 | loss: 3.958766 | lr 4.5761e-04 | norm: 0.5801 | dt: 2944.03ms | tok/sec: 22260.65
step  3631 | loss: 3.680438 | lr 4.5754e-04 | norm: 0.5059 | dt: 2942.45ms | tok/sec: 22272.59
step  3632 | loss: 3.886247 | lr 4.5746e-04 | norm: 0.5137 | dt: 2941.32ms | tok/sec: 22281.17
step  3633 | loss: 3.682304 | lr 4.5738e-04 | norm: 0.4219 | dt: 2935.04ms | tok/sec: 22328.84
step  3634 | loss: 3.732491 | lr 4.5731e-04 | norm: 0.4934 | dt: 2979.94ms | tok/sec: 21992.41
step  3635 | loss: 3.817725 | lr 4.5723e-04 | norm: 0.4661 | dt: 2944.00ms | tok/sec: 22260.89
step  3636 | loss: 3.814320 | lr 4.5715e-04 | norm: 0.4547 | dt: 2949.51ms | tok/sec: 22219.25
step  3637 | loss: 3.725677 | lr 4.5707e-04 | norm: 0.4461 | dt: 2945.11ms | tok/sec: 22252.47
step  3638 | loss: 3.980247 | lr 4.5700e-04 | norm: 0.4285 | dt: 2950.65ms | tok/sec: 22210.71
step  3639 | loss: 3.886554 | lr 4.5692e-04 | norm: 0.4613 | dt: 2942.51ms | tok/sec: 22272.17
step  3640 | loss: 3.807992 | lr 4.5684e-04 | norm: 0.4075 | dt: 2947.81ms | tok/sec: 22232.08
step  3641 | loss: 3.864905 | lr 4.5677e-04 | norm: 0.4293 | dt: 2952.87ms | tok/sec: 22194.01
step  3642 | loss: 3.781931 | lr 4.5669e-04 | norm: 0.4164 | dt: 2942.17ms | tok/sec: 22274.69
step  3643 | loss: 3.649757 | lr 4.5661e-04 | norm: 0.4207 | dt: 2964.09ms | tok/sec: 22109.97
step  3644 | loss: 3.635212 | lr 4.5653e-04 | norm: 0.4251 | dt: 2977.45ms | tok/sec: 22010.76
step  3645 | loss: 3.740566 | lr 4.5646e-04 | norm: 0.4371 | dt: 2943.17ms | tok/sec: 22267.16
step  3646 | loss: 3.734100 | lr 4.5638e-04 | norm: 0.4331 | dt: 2935.41ms | tok/sec: 22326.05
step  3647 | loss: 3.729258 | lr 4.5630e-04 | norm: 0.4204 | dt: 2934.43ms | tok/sec: 22333.48
step  3648 | loss: 3.796698 | lr 4.5623e-04 | norm: 0.4216 | dt: 2938.88ms | tok/sec: 22299.65
step  3649 | loss: 3.761892 | lr 4.5615e-04 | norm: 0.4256 | dt: 2949.10ms | tok/sec: 22222.36
step  3650 | loss: 3.834623 | lr 4.5607e-04 | norm: 0.4206 | dt: 2945.00ms | tok/sec: 22253.32
step  3651 | loss: 3.808800 | lr 4.5599e-04 | norm: 0.4673 | dt: 2938.59ms | tok/sec: 22301.88
step  3652 | loss: 3.797564 | lr 4.5592e-04 | norm: 0.4552 | dt: 2941.36ms | tok/sec: 22280.81
step  3653 | loss: 3.776135 | lr 4.5584e-04 | norm: 0.4234 | dt: 2932.29ms | tok/sec: 22349.79
step  3654 | loss: 3.968415 | lr 4.5576e-04 | norm: 0.5196 | dt: 2939.04ms | tok/sec: 22298.45
step  3655 | loss: 3.749039 | lr 4.5568e-04 | norm: 0.5235 | dt: 2959.84ms | tok/sec: 22141.73
step  3656 | loss: 3.857834 | lr 4.5561e-04 | norm: 0.4431 | dt: 2944.95ms | tok/sec: 22253.66
step  3657 | loss: 3.758683 | lr 4.5553e-04 | norm: 0.4807 | dt: 2943.14ms | tok/sec: 22267.35
step  3658 | loss: 3.851511 | lr 4.5545e-04 | norm: 0.4813 | dt: 2976.81ms | tok/sec: 22015.50
step  3659 | loss: 3.845305 | lr 4.5537e-04 | norm: 0.4344 | dt: 2940.45ms | tok/sec: 22287.78
step  3660 | loss: 3.832791 | lr 4.5530e-04 | norm: 0.4457 | dt: 2939.45ms | tok/sec: 22295.33
step  3661 | loss: 3.721569 | lr 4.5522e-04 | norm: 0.4200 | dt: 2945.35ms | tok/sec: 22250.70
step  3662 | loss: 3.758062 | lr 4.5514e-04 | norm: 0.4399 | dt: 2947.69ms | tok/sec: 22232.98
step  3663 | loss: 3.788558 | lr 4.5506e-04 | norm: 0.4154 | dt: 2941.32ms | tok/sec: 22281.13
step  3664 | loss: 3.808949 | lr 4.5499e-04 | norm: 0.4635 | dt: 2973.80ms | tok/sec: 22037.80
step  3665 | loss: 3.805785 | lr 4.5491e-04 | norm: 0.4484 | dt: 2947.45ms | tok/sec: 22234.79
step  3666 | loss: 3.987893 | lr 4.5483e-04 | norm: 0.7270 | dt: 2942.31ms | tok/sec: 22273.63
step  3667 | loss: 3.969750 | lr 4.5475e-04 | norm: 0.5766 | dt: 2944.60ms | tok/sec: 22256.30
step  3668 | loss: 3.786163 | lr 4.5468e-04 | norm: 0.4894 | dt: 2956.61ms | tok/sec: 22165.96
step  3669 | loss: 3.834264 | lr 4.5460e-04 | norm: 0.5124 | dt: 2944.19ms | tok/sec: 22259.45
step  3670 | loss: 3.779816 | lr 4.5452e-04 | norm: 0.4602 | dt: 2948.22ms | tok/sec: 22229.03
step  3671 | loss: 3.658729 | lr 4.5444e-04 | norm: 0.4457 | dt: 2948.24ms | tok/sec: 22228.85
step  3672 | loss: 3.736950 | lr 4.5437e-04 | norm: 0.4540 | dt: 2946.08ms | tok/sec: 22245.12
step  3673 | loss: 3.910476 | lr 4.5429e-04 | norm: 0.4907 | dt: 2953.59ms | tok/sec: 22188.62
step  3674 | loss: 3.895773 | lr 4.5421e-04 | norm: 0.4655 | dt: 2943.49ms | tok/sec: 22264.70
step  3675 | loss: 3.896205 | lr 4.5413e-04 | norm: 0.4688 | dt: 2985.83ms | tok/sec: 21949.01
step  3676 | loss: 3.840340 | lr 4.5406e-04 | norm: 0.4593 | dt: 2944.66ms | tok/sec: 22255.91
step  3677 | loss: 3.863849 | lr 4.5398e-04 | norm: 0.4301 | dt: 2946.95ms | tok/sec: 22238.59
step  3678 | loss: 3.742370 | lr 4.5390e-04 | norm: 0.4385 | dt: 2963.52ms | tok/sec: 22114.22
step  3679 | loss: 3.794609 | lr 4.5382e-04 | norm: 0.4525 | dt: 2943.00ms | tok/sec: 22268.45
step  3680 | loss: 3.873194 | lr 4.5374e-04 | norm: 0.5358 | dt: 2937.57ms | tok/sec: 22309.62
step  3681 | loss: 3.671960 | lr 4.5367e-04 | norm: 0.4542 | dt: 2943.11ms | tok/sec: 22267.62
step  3682 | loss: 3.972938 | lr 4.5359e-04 | norm: 0.4800 | dt: 2938.74ms | tok/sec: 22300.75
step  3683 | loss: 3.805328 | lr 4.5351e-04 | norm: 0.4048 | dt: 2940.81ms | tok/sec: 22285.04
step  3684 | loss: 3.893419 | lr 4.5343e-04 | norm: 0.4971 | dt: 2977.28ms | tok/sec: 22012.06
step  3685 | loss: 3.709850 | lr 4.5336e-04 | norm: 0.4124 | dt: 2947.23ms | tok/sec: 22236.48
step  3686 | loss: 3.767891 | lr 4.5328e-04 | norm: 0.4443 | dt: 2953.17ms | tok/sec: 22191.74
step  3687 | loss: 3.785269 | lr 4.5320e-04 | norm: 0.4393 | dt: 2946.27ms | tok/sec: 22243.71
step  3688 | loss: 3.848972 | lr 4.5312e-04 | norm: 0.4355 | dt: 2948.10ms | tok/sec: 22229.92
step  3689 | loss: 3.779691 | lr 4.5304e-04 | norm: 0.4219 | dt: 2945.16ms | tok/sec: 22252.13
step  3690 | loss: 3.818295 | lr 4.5297e-04 | norm: 0.4011 | dt: 2942.94ms | tok/sec: 22268.91
step  3691 | loss: 3.736394 | lr 4.5289e-04 | norm: 0.4567 | dt: 2946.72ms | tok/sec: 22240.34
step  3692 | loss: 3.791347 | lr 4.5281e-04 | norm: 0.4451 | dt: 2954.33ms | tok/sec: 22183.02
step  3693 | loss: 3.820614 | lr 4.5273e-04 | norm: 0.4563 | dt: 2955.90ms | tok/sec: 22171.22
step  3694 | loss: 3.762637 | lr 4.5266e-04 | norm: 0.4892 | dt: 2955.90ms | tok/sec: 22171.29
step  3695 | loss: 3.748929 | lr 4.5258e-04 | norm: 0.4334 | dt: 2987.07ms | tok/sec: 21939.89
step  3696 | loss: 3.689474 | lr 4.5250e-04 | norm: 0.4660 | dt: 2941.41ms | tok/sec: 22280.50
step  3697 | loss: 3.512862 | lr 4.5242e-04 | norm: 0.4039 | dt: 2941.26ms | tok/sec: 22281.63
step  3698 | loss: 3.847925 | lr 4.5234e-04 | norm: 0.4658 | dt: 2946.01ms | tok/sec: 22245.68
step  3699 | loss: 3.852575 | lr 4.5227e-04 | norm: 0.4489 | dt: 2939.29ms | tok/sec: 22296.53
step  3700 | loss: 3.703974 | lr 4.5219e-04 | norm: 0.4546 | dt: 2943.53ms | tok/sec: 22264.41
step  3701 | loss: 3.726904 | lr 4.5211e-04 | norm: 0.4107 | dt: 2932.54ms | tok/sec: 22347.84
step  3702 | loss: 3.675413 | lr 4.5203e-04 | norm: 0.4124 | dt: 2942.08ms | tok/sec: 22275.38
step  3703 | loss: 3.636807 | lr 4.5195e-04 | norm: 0.6043 | dt: 2953.22ms | tok/sec: 22191.37
step  3704 | loss: 3.892862 | lr 4.5188e-04 | norm: 0.4591 | dt: 2963.17ms | tok/sec: 22116.82
step  3705 | loss: 3.664710 | lr 4.5180e-04 | norm: 0.4338 | dt: 2945.96ms | tok/sec: 22246.08
step  3706 | loss: 3.750119 | lr 4.5172e-04 | norm: 0.4582 | dt: 2947.43ms | tok/sec: 22234.95
step  3707 | loss: 3.779055 | lr 4.5164e-04 | norm: 0.4220 | dt: 2948.79ms | tok/sec: 22224.73
step  3708 | loss: 3.779936 | lr 4.5156e-04 | norm: 0.4612 | dt: 2945.65ms | tok/sec: 22248.38
step  3709 | loss: 3.838828 | lr 4.5149e-04 | norm: 0.4504 | dt: 2956.83ms | tok/sec: 22164.25
step  3710 | loss: 3.895039 | lr 4.5141e-04 | norm: 0.5953 | dt: 2944.75ms | tok/sec: 22255.22
step  3711 | loss: 3.892453 | lr 4.5133e-04 | norm: 0.5564 | dt: 2946.40ms | tok/sec: 22242.75
step  3712 | loss: 3.898343 | lr 4.5125e-04 | norm: 0.4705 | dt: 2949.99ms | tok/sec: 22215.64
step  3713 | loss: 3.904437 | lr 4.5117e-04 | norm: 0.4490 | dt: 2953.55ms | tok/sec: 22188.90
step  3714 | loss: 3.790693 | lr 4.5109e-04 | norm: 0.5217 | dt: 2941.22ms | tok/sec: 22281.89
step  3715 | loss: 3.838136 | lr 4.5102e-04 | norm: 0.4926 | dt: 2945.28ms | tok/sec: 22251.23
step  3716 | loss: 4.211438 | lr 4.5094e-04 | norm: 0.9694 | dt: 2970.32ms | tok/sec: 22063.65
step  3717 | loss: 3.978394 | lr 4.5086e-04 | norm: 0.7277 | dt: 2946.89ms | tok/sec: 22239.06
step  3718 | loss: 3.963767 | lr 4.5078e-04 | norm: 0.6079 | dt: 2943.98ms | tok/sec: 22261.01
step  3719 | loss: 3.913615 | lr 4.5070e-04 | norm: 0.4543 | dt: 2950.43ms | tok/sec: 22212.33
step  3720 | loss: 3.922779 | lr 4.5063e-04 | norm: 0.5687 | dt: 2955.43ms | tok/sec: 22174.75
step  3721 | loss: 3.965088 | lr 4.5055e-04 | norm: 0.5703 | dt: 2942.55ms | tok/sec: 22271.82
step  3722 | loss: 3.848653 | lr 4.5047e-04 | norm: 0.5787 | dt: 2945.29ms | tok/sec: 22251.12
step  3723 | loss: 3.899524 | lr 4.5039e-04 | norm: 0.4949 | dt: 2952.58ms | tok/sec: 22196.15
step  3724 | loss: 3.907626 | lr 4.5031e-04 | norm: 0.4825 | dt: 2941.08ms | tok/sec: 22282.95
step  3725 | loss: 3.953042 | lr 4.5023e-04 | norm: 0.4239 | dt: 2969.66ms | tok/sec: 22068.49
step  3726 | loss: 3.902277 | lr 4.5016e-04 | norm: 0.4309 | dt: 2969.08ms | tok/sec: 22072.85
step  3727 | loss: 4.025474 | lr 4.5008e-04 | norm: 0.4636 | dt: 2946.14ms | tok/sec: 22244.72
step  3728 | loss: 3.911474 | lr 4.5000e-04 | norm: 0.4253 | dt: 2946.24ms | tok/sec: 22243.91
step  3729 | loss: 3.907899 | lr 4.4992e-04 | norm: 0.4712 | dt: 2950.44ms | tok/sec: 22212.26
step  3730 | loss: 3.933572 | lr 4.4984e-04 | norm: 0.4359 | dt: 2951.51ms | tok/sec: 22204.23
step  3731 | loss: 3.927607 | lr 4.4976e-04 | norm: 0.4495 | dt: 2945.52ms | tok/sec: 22249.37
step  3732 | loss: 4.322403 | lr 4.4969e-04 | norm: 0.7868 | dt: 2952.54ms | tok/sec: 22196.49
step  3733 | loss: 4.121261 | lr 4.4961e-04 | norm: 0.5865 | dt: 3240.75ms | tok/sec: 20222.45
step  3734 | loss: 4.018442 | lr 4.4953e-04 | norm: 0.6496 | dt: 2975.61ms | tok/sec: 22024.40
step  3735 | loss: 3.937732 | lr 4.4945e-04 | norm: 0.5635 | dt: 2941.64ms | tok/sec: 22278.74
step  3736 | loss: 3.919870 | lr 4.4937e-04 | norm: 0.5176 | dt: 2938.84ms | tok/sec: 22299.93
step  3737 | loss: 4.104303 | lr 4.4929e-04 | norm: 0.4834 | dt: 2939.94ms | tok/sec: 22291.63
step  3738 | loss: 4.000228 | lr 4.4922e-04 | norm: 0.5465 | dt: 2939.73ms | tok/sec: 22293.21
step  3739 | loss: 3.853443 | lr 4.4914e-04 | norm: 0.5299 | dt: 2938.69ms | tok/sec: 22301.08
step  3740 | loss: 3.893102 | lr 4.4906e-04 | norm: 0.4699 | dt: 2950.94ms | tok/sec: 22208.53
step  3741 | loss: 3.805105 | lr 4.4898e-04 | norm: 0.5874 | dt: 2937.72ms | tok/sec: 22308.48
step  3742 | loss: 3.933340 | lr 4.4890e-04 | norm: 0.5035 | dt: 2946.47ms | tok/sec: 22242.18
step  3743 | loss: 3.867113 | lr 4.4882e-04 | norm: 0.4667 | dt: 2944.03ms | tok/sec: 22260.63
step  3744 | loss: 4.025602 | lr 4.4874e-04 | norm: 0.4681 | dt: 2989.52ms | tok/sec: 21921.93
step  3745 | loss: 3.917685 | lr 4.4867e-04 | norm: 0.4699 | dt: 2947.73ms | tok/sec: 22232.71
step  3746 | loss: 3.995564 | lr 4.4859e-04 | norm: 0.4797 | dt: 2942.79ms | tok/sec: 22270.05
step  3747 | loss: 4.009283 | lr 4.4851e-04 | norm: 0.6076 | dt: 2943.90ms | tok/sec: 22261.65
step  3748 | loss: 3.815434 | lr 4.4843e-04 | norm: 0.4743 | dt: 2947.48ms | tok/sec: 22234.60
step  3749 | loss: 3.861842 | lr 4.4835e-04 | norm: 0.4674 | dt: 2941.18ms | tok/sec: 22282.24
step  3750 | loss: 3.970387 | lr 4.4827e-04 | norm: 0.4909 | dt: 2951.75ms | tok/sec: 22202.45
step  3751 | loss: 3.912119 | lr 4.4819e-04 | norm: 0.5152 | dt: 2943.95ms | tok/sec: 22261.25
step  3752 | loss: 4.077550 | lr 4.4812e-04 | norm: 0.4844 | dt: 2945.12ms | tok/sec: 22252.39
step  3753 | loss: 3.922246 | lr 4.4804e-04 | norm: 0.4869 | dt: 2944.14ms | tok/sec: 22259.80
step  3754 | loss: 3.914823 | lr 4.4796e-04 | norm: 0.4827 | dt: 2936.12ms | tok/sec: 22320.64
step  3755 | loss: 3.977292 | lr 4.4788e-04 | norm: 0.4747 | dt: 2984.40ms | tok/sec: 21959.49
step  3756 | loss: 3.897796 | lr 4.4780e-04 | norm: 0.4292 | dt: 2943.79ms | tok/sec: 22262.43
step  3757 | loss: 3.966318 | lr 4.4772e-04 | norm: 0.4318 | dt: 2947.56ms | tok/sec: 22234.01
step  3758 | loss: 3.906627 | lr 4.4764e-04 | norm: 0.4734 | dt: 2937.87ms | tok/sec: 22307.31
step  3759 | loss: 4.053917 | lr 4.4756e-04 | norm: 0.5038 | dt: 2949.90ms | tok/sec: 22216.36
step  3760 | loss: 3.807195 | lr 4.4749e-04 | norm: 0.5443 | dt: 2941.48ms | tok/sec: 22279.94
step  3761 | loss: 3.941720 | lr 4.4741e-04 | norm: 0.4628 | dt: 2944.06ms | tok/sec: 22260.45
step  3762 | loss: 3.859666 | lr 4.4733e-04 | norm: 0.4125 | dt: 2966.02ms | tok/sec: 22095.64
step  3763 | loss: 3.900250 | lr 4.4725e-04 | norm: 0.4824 | dt: 2942.47ms | tok/sec: 22272.46
step  3764 | loss: 3.902803 | lr 4.4717e-04 | norm: 0.4604 | dt: 2963.25ms | tok/sec: 22116.23
step  3765 | loss: 4.115751 | lr 4.4709e-04 | norm: 0.4686 | dt: 2936.81ms | tok/sec: 22315.40
step  3766 | loss: 3.812335 | lr 4.4701e-04 | norm: 0.4393 | dt: 2946.18ms | tok/sec: 22244.38
step  3767 | loss: 3.926028 | lr 4.4693e-04 | norm: 0.4750 | dt: 2951.27ms | tok/sec: 22206.06
step  3768 | loss: 3.830603 | lr 4.4686e-04 | norm: 0.4738 | dt: 2945.81ms | tok/sec: 22247.16
step  3769 | loss: 3.782084 | lr 4.4678e-04 | norm: 0.4288 | dt: 2947.16ms | tok/sec: 22237.03
step  3770 | loss: 3.952882 | lr 4.4670e-04 | norm: 0.5038 | dt: 2948.31ms | tok/sec: 22228.33
step  3771 | loss: 3.923501 | lr 4.4662e-04 | norm: 0.4329 | dt: 2952.93ms | tok/sec: 22193.53
step  3772 | loss: 3.888610 | lr 4.4654e-04 | norm: 0.4664 | dt: 2929.87ms | tok/sec: 22368.23
step  3773 | loss: 3.791863 | lr 4.4646e-04 | norm: 0.4338 | dt: 2945.56ms | tok/sec: 22249.10
step  3774 | loss: 3.891941 | lr 4.4638e-04 | norm: 0.4415 | dt: 2941.62ms | tok/sec: 22278.86
step  3775 | loss: 3.739602 | lr 4.4630e-04 | norm: 0.4497 | dt: 2973.77ms | tok/sec: 22038.02
step  3776 | loss: 4.008266 | lr 4.4622e-04 | norm: 0.5510 | dt: 2939.39ms | tok/sec: 22295.78
step  3777 | loss: 3.945950 | lr 4.4615e-04 | norm: 0.4722 | dt: 2949.34ms | tok/sec: 22220.54
step  3778 | loss: 3.828718 | lr 4.4607e-04 | norm: 0.5138 | dt: 2938.47ms | tok/sec: 22302.78
step  3779 | loss: 3.856678 | lr 4.4599e-04 | norm: 0.4356 | dt: 2939.28ms | tok/sec: 22296.62
step  3780 | loss: 4.118981 | lr 4.4591e-04 | norm: 0.6246 | dt: 2951.22ms | tok/sec: 22206.41
step  3781 | loss: 3.890637 | lr 4.4583e-04 | norm: 0.5062 | dt: 2934.21ms | tok/sec: 22335.14
step  3782 | loss: 3.967481 | lr 4.4575e-04 | norm: 0.4835 | dt: 2964.04ms | tok/sec: 22110.38
step  3783 | loss: 3.939030 | lr 4.4567e-04 | norm: 0.4784 | dt: 2937.56ms | tok/sec: 22309.64
step  3784 | loss: 3.850627 | lr 4.4559e-04 | norm: 0.4671 | dt: 2952.69ms | tok/sec: 22195.33
step  3785 | loss: 3.867502 | lr 4.4551e-04 | norm: 0.4460 | dt: 2942.50ms | tok/sec: 22272.22
step  3786 | loss: 3.845016 | lr 4.4543e-04 | norm: 0.5949 | dt: 2945.34ms | tok/sec: 22250.73
step  3787 | loss: 4.124468 | lr 4.4536e-04 | norm: 0.5250 | dt: 2949.40ms | tok/sec: 22220.14
step  3788 | loss: 3.771903 | lr 4.4528e-04 | norm: 0.4876 | dt: 2948.98ms | tok/sec: 22223.28
step  3789 | loss: 3.788364 | lr 4.4520e-04 | norm: 0.5253 | dt: 2941.58ms | tok/sec: 22279.16
step  3790 | loss: 3.958001 | lr 4.4512e-04 | norm: 0.4774 | dt: 2956.04ms | tok/sec: 22170.19
step  3791 | loss: 3.971270 | lr 4.4504e-04 | norm: 0.5026 | dt: 2939.12ms | tok/sec: 22297.84
step  3792 | loss: 3.921181 | lr 4.4496e-04 | norm: 0.4855 | dt: 2934.79ms | tok/sec: 22330.74
step  3793 | loss: 4.242771 | lr 4.4488e-04 | norm: 0.5450 | dt: 2932.35ms | tok/sec: 22349.28
step  3794 | loss: 4.046142 | lr 4.4480e-04 | norm: 0.5171 | dt: 2955.07ms | tok/sec: 22177.45
step  3795 | loss: 3.917460 | lr 4.4472e-04 | norm: 0.5015 | dt: 2946.32ms | tok/sec: 22243.32
step  3796 | loss: 4.014420 | lr 4.4464e-04 | norm: 0.4925 | dt: 2975.07ms | tok/sec: 22028.37
step  3797 | loss: 3.908515 | lr 4.4456e-04 | norm: 0.4856 | dt: 2938.61ms | tok/sec: 22301.67
step  3798 | loss: 3.920192 | lr 4.4449e-04 | norm: 0.5457 | dt: 2940.77ms | tok/sec: 22285.35
step  3799 | loss: 3.894684 | lr 4.4441e-04 | norm: 0.4628 | dt: 2940.54ms | tok/sec: 22287.04
step  3800 | loss: 3.920609 | lr 4.4433e-04 | norm: 0.4771 | dt: 2938.82ms | tok/sec: 22300.12
step  3801 | loss: 3.930338 | lr 4.4425e-04 | norm: 0.4249 | dt: 2952.19ms | tok/sec: 22199.08
step  3802 | loss: 3.983672 | lr 4.4417e-04 | norm: 0.5041 | dt: 2943.52ms | tok/sec: 22264.47
step  3803 | loss: 3.943341 | lr 4.4409e-04 | norm: 0.4571 | dt: 2953.37ms | tok/sec: 22190.23
step  3804 | loss: 3.951821 | lr 4.4401e-04 | norm: 0.4685 | dt: 2935.23ms | tok/sec: 22327.38
step  3805 | loss: 3.877437 | lr 4.4393e-04 | norm: 0.4679 | dt: 2962.73ms | tok/sec: 22120.11
step  3806 | loss: 3.960224 | lr 4.4385e-04 | norm: 0.5037 | dt: 2936.48ms | tok/sec: 22317.85
step  3807 | loss: 3.930788 | lr 4.4377e-04 | norm: 0.4437 | dt: 2950.70ms | tok/sec: 22210.29
step  3808 | loss: 3.955329 | lr 4.4369e-04 | norm: 0.4680 | dt: 2952.01ms | tok/sec: 22200.44
step  3809 | loss: 3.862531 | lr 4.4361e-04 | norm: 0.4480 | dt: 2950.59ms | tok/sec: 22211.12
step  3810 | loss: 3.839712 | lr 4.4353e-04 | norm: 0.4158 | dt: 2949.73ms | tok/sec: 22217.62
step  3811 | loss: 3.920086 | lr 4.4345e-04 | norm: 0.4374 | dt: 2953.57ms | tok/sec: 22188.77
step  3812 | loss: 3.926141 | lr 4.4338e-04 | norm: 0.4832 | dt: 2947.10ms | tok/sec: 22237.47
step  3813 | loss: 3.897819 | lr 4.4330e-04 | norm: 0.4529 | dt: 2937.39ms | tok/sec: 22310.96
step  3814 | loss: 3.928576 | lr 4.4322e-04 | norm: 0.4817 | dt: 2943.46ms | tok/sec: 22264.98
step  3815 | loss: 3.980255 | lr 4.4314e-04 | norm: 0.4704 | dt: 2945.41ms | tok/sec: 22250.19
step  3816 | loss: 3.914972 | lr 4.4306e-04 | norm: 0.4374 | dt: 2963.87ms | tok/sec: 22111.64
step  3817 | loss: 3.955464 | lr 4.4298e-04 | norm: 0.4435 | dt: 2937.71ms | tok/sec: 22308.50
step  3818 | loss: 3.968343 | lr 4.4290e-04 | norm: 0.5045 | dt: 2942.55ms | tok/sec: 22271.84
step  3819 | loss: 4.373959 | lr 4.4282e-04 | norm: 0.5079 | dt: 2940.32ms | tok/sec: 22288.74
step  3820 | loss: 4.052157 | lr 4.4274e-04 | norm: 0.5352 | dt: 2935.90ms | tok/sec: 22322.28
step  3821 | loss: 3.932879 | lr 4.4266e-04 | norm: 0.4806 | dt: 2955.24ms | tok/sec: 22176.18
step  3822 | loss: 3.996454 | lr 4.4258e-04 | norm: 0.5564 | dt: 2939.06ms | tok/sec: 22298.28
step  3823 | loss: 4.035822 | lr 4.4250e-04 | norm: 0.5722 | dt: 2962.30ms | tok/sec: 22123.34
step  3824 | loss: 3.960056 | lr 4.4242e-04 | norm: 0.5260 | dt: 2940.81ms | tok/sec: 22285.04
step  3825 | loss: 3.918867 | lr 4.4234e-04 | norm: 0.5434 | dt: 2968.26ms | tok/sec: 22078.93
step  3826 | loss: 3.907970 | lr 4.4226e-04 | norm: 0.5148 | dt: 2944.47ms | tok/sec: 22257.28
step  3827 | loss: 3.962993 | lr 4.4218e-04 | norm: 0.4923 | dt: 2940.92ms | tok/sec: 22284.18
step  3828 | loss: 4.004528 | lr 4.4210e-04 | norm: 0.4611 | dt: 2943.11ms | tok/sec: 22267.64
step  3829 | loss: 3.746884 | lr 4.4202e-04 | norm: 0.6553 | dt: 2951.22ms | tok/sec: 22206.42
step  3830 | loss: 3.890074 | lr 4.4195e-04 | norm: 0.5557 | dt: 2954.56ms | tok/sec: 22181.31
step  3831 | loss: 3.926004 | lr 4.4187e-04 | norm: 0.5325 | dt: 2937.97ms | tok/sec: 22306.55
step  3832 | loss: 3.955223 | lr 4.4179e-04 | norm: 0.5133 | dt: 2938.68ms | tok/sec: 22301.19
step  3833 | loss: 4.105204 | lr 4.4171e-04 | norm: 0.6971 | dt: 2942.84ms | tok/sec: 22269.66
step  3834 | loss: 3.987455 | lr 4.4163e-04 | norm: 0.5127 | dt: 2944.37ms | tok/sec: 22258.05
step  3835 | loss: 3.912650 | lr 4.4155e-04 | norm: 0.5147 | dt: 2939.60ms | tok/sec: 22294.17
step  3836 | loss: 4.039316 | lr 4.4147e-04 | norm: 0.4670 | dt: 2974.40ms | tok/sec: 22033.34
step  3837 | loss: 4.040498 | lr 4.4139e-04 | norm: 0.4573 | dt: 2942.81ms | tok/sec: 22269.87
step  3838 | loss: 3.839011 | lr 4.4131e-04 | norm: 0.7223 | dt: 2938.00ms | tok/sec: 22306.37
step  3839 | loss: 3.876133 | lr 4.4123e-04 | norm: 0.4566 | dt: 2952.22ms | tok/sec: 22198.89
step  3840 | loss: 4.051559 | lr 4.4115e-04 | norm: 0.4295 | dt: 2942.11ms | tok/sec: 22275.16
step  3841 | loss: 3.866376 | lr 4.4107e-04 | norm: 0.4555 | dt: 2940.82ms | tok/sec: 22284.95
step  3842 | loss: 3.832865 | lr 4.4099e-04 | norm: 0.4450 | dt: 2943.34ms | tok/sec: 22265.90
step  3843 | loss: 4.036294 | lr 4.4091e-04 | norm: 0.4378 | dt: 2943.62ms | tok/sec: 22263.75
step  3844 | loss: 3.864008 | lr 4.4083e-04 | norm: 0.4749 | dt: 2961.13ms | tok/sec: 22132.10
step  3845 | loss: 3.836476 | lr 4.4075e-04 | norm: 0.4230 | dt: 2971.05ms | tok/sec: 22058.22
step  3846 | loss: 3.989913 | lr 4.4067e-04 | norm: 0.4652 | dt: 2943.91ms | tok/sec: 22261.56
step  3847 | loss: 3.804368 | lr 4.4059e-04 | norm: 0.4403 | dt: 2946.26ms | tok/sec: 22243.80
step  3848 | loss: 4.001050 | lr 4.4051e-04 | norm: 0.4510 | dt: 2950.04ms | tok/sec: 22215.28
step  3849 | loss: 3.854612 | lr 4.4043e-04 | norm: 0.4398 | dt: 2945.84ms | tok/sec: 22246.97
step  3850 | loss: 3.876521 | lr 4.4035e-04 | norm: 0.4554 | dt: 2948.31ms | tok/sec: 22228.33
step  3851 | loss: 3.942068 | lr 4.4027e-04 | norm: 0.4167 | dt: 2938.24ms | tok/sec: 22304.54
step  3852 | loss: 3.960222 | lr 4.4019e-04 | norm: 0.4390 | dt: 2949.86ms | tok/sec: 22216.65
step  3853 | loss: 3.967927 | lr 4.4011e-04 | norm: 0.4882 | dt: 2947.11ms | tok/sec: 22237.34
step  3854 | loss: 3.937440 | lr 4.4003e-04 | norm: 0.4342 | dt: 2950.52ms | tok/sec: 22211.65
step  3855 | loss: 3.871059 | lr 4.3995e-04 | norm: 0.5367 | dt: 2945.83ms | tok/sec: 22247.08
step  3856 | loss: 3.988490 | lr 4.3987e-04 | norm: 0.4854 | dt: 2948.63ms | tok/sec: 22225.91
step  3857 | loss: 3.902528 | lr 4.3979e-04 | norm: 0.4368 | dt: 2975.23ms | tok/sec: 22027.23
step  3858 | loss: 3.901291 | lr 4.3971e-04 | norm: 0.4220 | dt: 2940.73ms | tok/sec: 22285.65
step  3859 | loss: 3.966456 | lr 4.3963e-04 | norm: 0.4643 | dt: 2940.87ms | tok/sec: 22284.55
step  3860 | loss: 3.808480 | lr 4.3955e-04 | norm: 0.4482 | dt: 2938.83ms | tok/sec: 22300.04
step  3861 | loss: 3.898899 | lr 4.3947e-04 | norm: 0.4093 | dt: 2941.86ms | tok/sec: 22277.05
step  3862 | loss: 3.957438 | lr 4.3939e-04 | norm: 0.4909 | dt: 2943.97ms | tok/sec: 22261.07
step  3863 | loss: 4.021035 | lr 4.3931e-04 | norm: 0.4460 | dt: 2935.22ms | tok/sec: 22327.49
step  3864 | loss: 3.970114 | lr 4.3923e-04 | norm: 0.4268 | dt: 2937.63ms | tok/sec: 22309.18
step  3865 | loss: 4.141652 | lr 4.3915e-04 | norm: 0.6606 | dt: 2947.70ms | tok/sec: 22232.89
step  3866 | loss: 4.119369 | lr 4.3907e-04 | norm: 0.5012 | dt: 2961.13ms | tok/sec: 22132.11
step  3867 | loss: 3.828604 | lr 4.3899e-04 | norm: 0.4972 | dt: 2946.65ms | tok/sec: 22240.88
step  3868 | loss: 3.974468 | lr 4.3891e-04 | norm: 0.4814 | dt: 2947.50ms | tok/sec: 22234.43
step  3869 | loss: 3.899186 | lr 4.3883e-04 | norm: 0.5280 | dt: 2945.41ms | tok/sec: 22250.24
step  3870 | loss: 3.944874 | lr 4.3875e-04 | norm: 0.5389 | dt: 2950.53ms | tok/sec: 22211.59
step  3871 | loss: 3.838647 | lr 4.3867e-04 | norm: 0.4859 | dt: 2943.95ms | tok/sec: 22261.27
step  3872 | loss: 3.952461 | lr 4.3859e-04 | norm: 0.4621 | dt: 2932.61ms | tok/sec: 22347.30
step  3873 | loss: 3.908709 | lr 4.3851e-04 | norm: 0.4940 | dt: 2938.32ms | tok/sec: 22303.94
step  3874 | loss: 3.912843 | lr 4.3843e-04 | norm: 0.4443 | dt: 2938.87ms | tok/sec: 22299.76
step  3875 | loss: 3.864177 | lr 4.3835e-04 | norm: 0.4943 | dt: 2943.91ms | tok/sec: 22261.52
step  3876 | loss: 3.971410 | lr 4.3827e-04 | norm: 0.4923 | dt: 2951.42ms | tok/sec: 22204.94
step  3877 | loss: 3.849516 | lr 4.3819e-04 | norm: 0.4532 | dt: 2965.61ms | tok/sec: 22098.68
step  3878 | loss: 4.003343 | lr 4.3811e-04 | norm: 0.4392 | dt: 2946.03ms | tok/sec: 22245.53
step  3879 | loss: 3.787494 | lr 4.3803e-04 | norm: 0.4809 | dt: 2941.51ms | tok/sec: 22279.70
step  3880 | loss: 4.001491 | lr 4.3795e-04 | norm: 0.6263 | dt: 2936.00ms | tok/sec: 22321.50
step  3881 | loss: 3.967348 | lr 4.3787e-04 | norm: 0.4689 | dt: 2931.43ms | tok/sec: 22356.36
step  3882 | loss: 4.035434 | lr 4.3779e-04 | norm: 0.4981 | dt: 2942.68ms | tok/sec: 22270.82
step  3883 | loss: 3.951862 | lr 4.3771e-04 | norm: 0.4917 | dt: 2946.11ms | tok/sec: 22244.92
step  3884 | loss: 3.887287 | lr 4.3763e-04 | norm: 0.4816 | dt: 2936.96ms | tok/sec: 22314.20
step  3885 | loss: 3.928701 | lr 4.3755e-04 | norm: 0.4357 | dt: 2944.72ms | tok/sec: 22255.43
step  3886 | loss: 4.046516 | lr 4.3747e-04 | norm: 0.4941 | dt: 2965.65ms | tok/sec: 22098.39
step  3887 | loss: 3.947857 | lr 4.3739e-04 | norm: 0.4651 | dt: 2968.56ms | tok/sec: 22076.70
step  3888 | loss: 3.865335 | lr 4.3731e-04 | norm: 0.5133 | dt: 2946.71ms | tok/sec: 22240.40
step  3889 | loss: 4.001090 | lr 4.3723e-04 | norm: 0.4429 | dt: 2941.22ms | tok/sec: 22281.88
step  3890 | loss: 3.970620 | lr 4.3715e-04 | norm: 0.4594 | dt: 2948.17ms | tok/sec: 22229.41
step  3891 | loss: 3.772582 | lr 4.3707e-04 | norm: 0.4271 | dt: 2952.51ms | tok/sec: 22196.69
step  3892 | loss: 3.760690 | lr 4.3699e-04 | norm: 0.4289 | dt: 2945.15ms | tok/sec: 22252.16
step  3893 | loss: 3.877113 | lr 4.3691e-04 | norm: 0.4133 | dt: 2938.14ms | tok/sec: 22305.28
step  3894 | loss: 4.016361 | lr 4.3683e-04 | norm: 0.4219 | dt: 2941.97ms | tok/sec: 22276.23
step  3895 | loss: 4.035440 | lr 4.3675e-04 | norm: 0.5175 | dt: 2936.95ms | tok/sec: 22314.32
step  3896 | loss: 3.848058 | lr 4.3667e-04 | norm: 0.4598 | dt: 2932.62ms | tok/sec: 22347.28
step  3897 | loss: 3.744522 | lr 4.3659e-04 | norm: 0.4243 | dt: 2978.99ms | tok/sec: 21999.41
step  3898 | loss: 3.967489 | lr 4.3651e-04 | norm: 0.4503 | dt: 2935.94ms | tok/sec: 22322.02
step  3899 | loss: 3.919835 | lr 4.3643e-04 | norm: 0.4203 | dt: 2948.21ms | tok/sec: 22229.10
step  3900 | loss: 3.934076 | lr 4.3635e-04 | norm: 0.4406 | dt: 2942.76ms | tok/sec: 22270.28
step  3901 | loss: 4.034935 | lr 4.3627e-04 | norm: 0.4823 | dt: 2942.96ms | tok/sec: 22268.73
step  3902 | loss: 3.847196 | lr 4.3619e-04 | norm: 0.4680 | dt: 2950.94ms | tok/sec: 22208.51
step  3903 | loss: 3.865971 | lr 4.3611e-04 | norm: 0.4478 | dt: 2937.72ms | tok/sec: 22308.43
step  3904 | loss: 3.903349 | lr 4.3602e-04 | norm: 0.4829 | dt: 2939.69ms | tok/sec: 22293.50
step  3905 | loss: 3.884362 | lr 4.3594e-04 | norm: 0.4385 | dt: 2924.27ms | tok/sec: 22411.04
step  3906 | loss: 3.915345 | lr 4.3586e-04 | norm: 0.4285 | dt: 2946.03ms | tok/sec: 22245.53
step  3907 | loss: 3.841607 | lr 4.3578e-04 | norm: 0.4769 | dt: 2981.46ms | tok/sec: 21981.18
step  3908 | loss: 3.828470 | lr 4.3570e-04 | norm: 0.4702 | dt: 2942.71ms | tok/sec: 22270.61
step  3909 | loss: 3.927622 | lr 4.3562e-04 | norm: 0.4489 | dt: 2944.89ms | tok/sec: 22254.16
step  3910 | loss: 3.840388 | lr 4.3554e-04 | norm: 0.4189 | dt: 2940.87ms | tok/sec: 22284.59
step  3911 | loss: 3.873162 | lr 4.3546e-04 | norm: 0.4469 | dt: 2948.50ms | tok/sec: 22226.90
step  3912 | loss: 3.774189 | lr 4.3538e-04 | norm: 0.4244 | dt: 2936.28ms | tok/sec: 22319.40
step  3913 | loss: 3.776324 | lr 4.3530e-04 | norm: 0.3905 | dt: 2946.61ms | tok/sec: 22241.16
step  3914 | loss: 3.922736 | lr 4.3522e-04 | norm: 0.4590 | dt: 2937.31ms | tok/sec: 22311.61
step  3915 | loss: 3.778517 | lr 4.3514e-04 | norm: 0.4802 | dt: 2947.38ms | tok/sec: 22235.37
step  3916 | loss: 3.934853 | lr 4.3506e-04 | norm: 0.4548 | dt: 2933.87ms | tok/sec: 22337.70
step  3917 | loss: 3.843435 | lr 4.3498e-04 | norm: 0.4693 | dt: 2946.37ms | tok/sec: 22242.94
step  3918 | loss: 3.772217 | lr 4.3490e-04 | norm: 0.4315 | dt: 2973.13ms | tok/sec: 22042.74
step  3919 | loss: 3.845755 | lr 4.3482e-04 | norm: 0.4338 | dt: 2943.11ms | tok/sec: 22267.57
step  3920 | loss: 3.774615 | lr 4.3474e-04 | norm: 0.4309 | dt: 2930.78ms | tok/sec: 22361.31
step  3921 | loss: 3.741373 | lr 4.3466e-04 | norm: 0.4194 | dt: 2942.14ms | tok/sec: 22274.97
step  3922 | loss: 3.890839 | lr 4.3458e-04 | norm: 0.5139 | dt: 2937.46ms | tok/sec: 22310.42
step  3923 | loss: 3.909877 | lr 4.3449e-04 | norm: 0.4458 | dt: 2938.24ms | tok/sec: 22304.54
step  3924 | loss: 3.769030 | lr 4.3441e-04 | norm: 0.4853 | dt: 2934.91ms | tok/sec: 22329.80
step  3925 | loss: 3.902103 | lr 4.3433e-04 | norm: 0.4378 | dt: 2933.64ms | tok/sec: 22339.45
step  3926 | loss: 3.979274 | lr 4.3425e-04 | norm: 0.4961 | dt: 2940.63ms | tok/sec: 22286.35
step  3927 | loss: 3.869055 | lr 4.3417e-04 | norm: 0.4222 | dt: 2966.55ms | tok/sec: 22091.69
step  3928 | loss: 3.837686 | lr 4.3409e-04 | norm: 0.4674 | dt: 2961.58ms | tok/sec: 22128.74
step  3929 | loss: 3.823866 | lr 4.3401e-04 | norm: 0.5192 | dt: 2952.19ms | tok/sec: 22199.11
step  3930 | loss: 3.862180 | lr 4.3393e-04 | norm: 0.4466 | dt: 2943.67ms | tok/sec: 22263.33
step  3931 | loss: 3.972250 | lr 4.3385e-04 | norm: 0.4734 | dt: 2938.47ms | tok/sec: 22302.77
step  3932 | loss: 3.733763 | lr 4.3377e-04 | norm: 0.4909 | dt: 2941.90ms | tok/sec: 22276.77
step  3933 | loss: 3.860029 | lr 4.3369e-04 | norm: 0.4343 | dt: 2936.42ms | tok/sec: 22318.36
step  3934 | loss: 3.840503 | lr 4.3361e-04 | norm: 0.4033 | dt: 2941.61ms | tok/sec: 22278.98
step  3935 | loss: 3.856326 | lr 4.3353e-04 | norm: 0.4541 | dt: 2946.24ms | tok/sec: 22243.91
step  3936 | loss: 3.888207 | lr 4.3345e-04 | norm: 0.4316 | dt: 2939.80ms | tok/sec: 22292.69
step  3937 | loss: 3.806296 | lr 4.3336e-04 | norm: 0.4203 | dt: 2935.20ms | tok/sec: 22327.59
step  3938 | loss: 4.090055 | lr 4.3328e-04 | norm: 0.5347 | dt: 2966.87ms | tok/sec: 22089.24
step  3939 | loss: 3.833509 | lr 4.3320e-04 | norm: 0.4843 | dt: 2935.32ms | tok/sec: 22326.67
step  3940 | loss: 3.819227 | lr 4.3312e-04 | norm: 0.5370 | dt: 2939.05ms | tok/sec: 22298.40
step  3941 | loss: 3.859823 | lr 4.3304e-04 | norm: 0.4477 | dt: 2940.51ms | tok/sec: 22287.29
step  3942 | loss: 3.942474 | lr 4.3296e-04 | norm: 0.4838 | dt: 2951.74ms | tok/sec: 22202.51
step  3943 | loss: 3.795455 | lr 4.3288e-04 | norm: 0.4997 | dt: 2931.56ms | tok/sec: 22355.31
step  3944 | loss: 3.784980 | lr 4.3280e-04 | norm: 0.4476 | dt: 2936.17ms | tok/sec: 22320.22
step  3945 | loss: 3.895869 | lr 4.3272e-04 | norm: 0.4591 | dt: 2943.72ms | tok/sec: 22262.96
step  3946 | loss: 3.795089 | lr 4.3264e-04 | norm: 0.4314 | dt: 2938.36ms | tok/sec: 22303.61
step  3947 | loss: 3.900308 | lr 4.3256e-04 | norm: 0.4656 | dt: 2954.60ms | tok/sec: 22180.99
step  3948 | loss: 3.874324 | lr 4.3248e-04 | norm: 0.5160 | dt: 2969.12ms | tok/sec: 22072.55
step  3949 | loss: 3.895461 | lr 4.3239e-04 | norm: 0.4703 | dt: 2931.21ms | tok/sec: 22358.02
step  3950 | loss: 3.792100 | lr 4.3231e-04 | norm: 0.4587 | dt: 2941.92ms | tok/sec: 22276.59
step  3951 | loss: 3.606753 | lr 4.3223e-04 | norm: 0.4212 | dt: 2933.60ms | tok/sec: 22339.76
step  3952 | loss: 3.892910 | lr 4.3215e-04 | norm: 0.4722 | dt: 2942.16ms | tok/sec: 22274.79
step  3953 | loss: 3.888920 | lr 4.3207e-04 | norm: 0.4698 | dt: 2943.61ms | tok/sec: 22263.83
step  3954 | loss: 3.832277 | lr 4.3199e-04 | norm: 0.4620 | dt: 2935.37ms | tok/sec: 22326.30
step  3955 | loss: 3.689364 | lr 4.3191e-04 | norm: 0.4169 | dt: 2938.19ms | tok/sec: 22304.86
step  3956 | loss: 3.953729 | lr 4.3183e-04 | norm: 0.4361 | dt: 2943.70ms | tok/sec: 22263.11
step  3957 | loss: 3.844169 | lr 4.3175e-04 | norm: 0.4706 | dt: 2939.30ms | tok/sec: 22296.47
step  3958 | loss: 3.865152 | lr 4.3167e-04 | norm: 0.4473 | dt: 2939.96ms | tok/sec: 22291.49
step  3959 | loss: 3.901009 | lr 4.3159e-04 | norm: 0.5178 | dt: 2961.68ms | tok/sec: 22128.01
step  3960 | loss: 3.892015 | lr 4.3150e-04 | norm: 0.4409 | dt: 2942.27ms | tok/sec: 22273.96
step  3961 | loss: 3.829579 | lr 4.3142e-04 | norm: 0.4297 | dt: 2938.88ms | tok/sec: 22299.63
step  3962 | loss: 3.887555 | lr 4.3134e-04 | norm: 0.4503 | dt: 2945.11ms | tok/sec: 22252.48
step  3963 | loss: 3.822044 | lr 4.3126e-04 | norm: 0.5355 | dt: 2946.45ms | tok/sec: 22242.34
step  3964 | loss: 3.838614 | lr 4.3118e-04 | norm: 0.4745 | dt: 2934.30ms | tok/sec: 22334.47
step  3965 | loss: 3.854547 | lr 4.3110e-04 | norm: 0.4666 | dt: 2969.34ms | tok/sec: 22070.87
step  3966 | loss: 4.013128 | lr 4.3102e-04 | norm: 0.4374 | dt: 2951.97ms | tok/sec: 22200.79
step  3967 | loss: 3.837317 | lr 4.3094e-04 | norm: 0.4366 | dt: 2932.66ms | tok/sec: 22346.97
step  3968 | loss: 3.883645 | lr 4.3086e-04 | norm: 0.4430 | dt: 2958.65ms | tok/sec: 22150.62
step  3969 | loss: 3.857074 | lr 4.3077e-04 | norm: 0.4276 | dt: 2937.36ms | tok/sec: 22311.16
step  3970 | loss: 3.857124 | lr 4.3069e-04 | norm: 0.4026 | dt: 2943.38ms | tok/sec: 22265.59
step  3971 | loss: 3.856074 | lr 4.3061e-04 | norm: 0.4143 | dt: 2946.17ms | tok/sec: 22244.48
step  3972 | loss: 3.980611 | lr 4.3053e-04 | norm: 0.4701 | dt: 2942.53ms | tok/sec: 22271.98
step  3973 | loss: 3.842760 | lr 4.3045e-04 | norm: 0.4451 | dt: 2931.18ms | tok/sec: 22358.22
step  3974 | loss: 3.898375 | lr 4.3037e-04 | norm: 0.4200 | dt: 2945.01ms | tok/sec: 22253.23
step  3975 | loss: 3.918215 | lr 4.3029e-04 | norm: 0.4699 | dt: 2937.07ms | tok/sec: 22313.38
step  3976 | loss: 3.851367 | lr 4.3021e-04 | norm: 0.4349 | dt: 2940.36ms | tok/sec: 22288.43
step  3977 | loss: 3.861326 | lr 4.3012e-04 | norm: 0.4409 | dt: 2933.18ms | tok/sec: 22342.99
step  3978 | loss: 3.892818 | lr 4.3004e-04 | norm: 0.4449 | dt: 2928.76ms | tok/sec: 22376.73
step  3979 | loss: 3.870420 | lr 4.2996e-04 | norm: 0.4430 | dt: 2980.19ms | tok/sec: 21990.55
step  3980 | loss: 4.005548 | lr 4.2988e-04 | norm: 0.4513 | dt: 2932.22ms | tok/sec: 22350.31
step  3981 | loss: 3.855565 | lr 4.2980e-04 | norm: 0.4913 | dt: 2938.09ms | tok/sec: 22305.67
step  3982 | loss: 3.798912 | lr 4.2972e-04 | norm: 0.4161 | dt: 2948.20ms | tok/sec: 22229.16
step  3983 | loss: 3.785482 | lr 4.2964e-04 | norm: 0.4422 | dt: 2941.62ms | tok/sec: 22278.87
step  3984 | loss: 3.847120 | lr 4.2956e-04 | norm: 0.4363 | dt: 2942.95ms | tok/sec: 22268.80
step  3985 | loss: 3.935994 | lr 4.2947e-04 | norm: 0.5411 | dt: 2962.34ms | tok/sec: 22123.05
step  3986 | loss: 3.763585 | lr 4.2939e-04 | norm: 0.4664 | dt: 2939.34ms | tok/sec: 22296.15
step  3987 | loss: 3.703369 | lr 4.2931e-04 | norm: 0.4537 | dt: 2935.61ms | tok/sec: 22324.50
step  3988 | loss: 3.784288 | lr 4.2923e-04 | norm: 0.4859 | dt: 2958.31ms | tok/sec: 22153.17
step  3989 | loss: 3.720774 | lr 4.2915e-04 | norm: 0.4477 | dt: 2939.65ms | tok/sec: 22293.84
step  3990 | loss: 3.841193 | lr 4.2907e-04 | norm: 0.4299 | dt: 2951.35ms | tok/sec: 22205.42
step  3991 | loss: 3.710934 | lr 4.2899e-04 | norm: 0.4251 | dt: 2943.05ms | tok/sec: 22268.09
step  3992 | loss: 3.881521 | lr 4.2891e-04 | norm: 0.4804 | dt: 2935.11ms | tok/sec: 22328.29
step  3993 | loss: 3.780052 | lr 4.2882e-04 | norm: 0.4448 | dt: 2947.61ms | tok/sec: 22233.57
step  3994 | loss: 3.824851 | lr 4.2874e-04 | norm: 0.5703 | dt: 2932.62ms | tok/sec: 22347.25
step  3995 | loss: 3.765188 | lr 4.2866e-04 | norm: 0.4728 | dt: 2934.85ms | tok/sec: 22330.31
step  3996 | loss: 3.669831 | lr 4.2858e-04 | norm: 0.4279 | dt: 2941.91ms | tok/sec: 22276.67
step  3997 | loss: 3.811680 | lr 4.2850e-04 | norm: 0.4369 | dt: 2947.72ms | tok/sec: 22232.76
step  3998 | loss: 3.647901 | lr 4.2842e-04 | norm: 0.4251 | dt: 2946.69ms | tok/sec: 22240.54
step  3999 | loss: 3.697372 | lr 4.2834e-04 | norm: 0.4209 | dt: 2978.12ms | tok/sec: 22005.82
validation loss: 3.8432
HellaSwag accuracy: 2564/10042=0.2553
rank 0 sample 0: Hello, I'm a language model, and I know it is just how big if anyone's out there at an unknown language school. We know we're a
rank 0 sample 1: Hello, I'm a language model, but my definition is that, in such a language framework, the term doesn't work as well as should, in itself
rank 0 sample 2: Hello, I'm a language model, but I didn't work there without my knowledge because I was really able to do it, but I'll be very comfortable
rank 0 sample 3: Hello, I'm a language model, a learning tool, a learning tool, or interactive learning tool.
You will see some features that give you some functionality
step  4000 | loss: 3.726943 | lr 4.2825e-04 | norm: 0.4218 | dt: 105618.13ms | tok/sec: 620.50
step  4001 | loss: 3.787543 | lr 4.2817e-04 | norm: 0.4235 | dt: 2934.06ms | tok/sec: 22336.27
step  4002 | loss: 3.804460 | lr 4.2809e-04 | norm: 0.4353 | dt: 2938.76ms | tok/sec: 22300.57
step  4003 | loss: 3.837224 | lr 4.2801e-04 | norm: 0.4359 | dt: 2945.53ms | tok/sec: 22249.27
step  4004 | loss: 3.830103 | lr 4.2793e-04 | norm: 0.4884 | dt: 2947.87ms | tok/sec: 22231.64
step  4005 | loss: 3.773171 | lr 4.2785e-04 | norm: 0.4304 | dt: 2967.21ms | tok/sec: 22086.73
step  4006 | loss: 3.813915 | lr 4.2777e-04 | norm: 0.4370 | dt: 2940.20ms | tok/sec: 22289.63
step  4007 | loss: 3.756996 | lr 4.2768e-04 | norm: 0.4355 | dt: 2937.42ms | tok/sec: 22310.76
step  4008 | loss: 3.940024 | lr 4.2760e-04 | norm: 0.4441 | dt: 2939.23ms | tok/sec: 22297.03
step  4009 | loss: 3.637434 | lr 4.2752e-04 | norm: 0.4620 | dt: 2936.81ms | tok/sec: 22315.33
step  4010 | loss: 3.711837 | lr 4.2744e-04 | norm: 0.4358 | dt: 2927.07ms | tok/sec: 22389.64
step  4011 | loss: 3.632348 | lr 4.2736e-04 | norm: 0.4359 | dt: 2934.28ms | tok/sec: 22334.58
step  4012 | loss: 3.794852 | lr 4.2728e-04 | norm: 0.4321 | dt: 2965.36ms | tok/sec: 22100.54
step  4013 | loss: 3.877727 | lr 4.2719e-04 | norm: 0.4885 | dt: 2947.40ms | tok/sec: 22235.20
step  4014 | loss: 3.867427 | lr 4.2711e-04 | norm: 0.4425 | dt: 2938.33ms | tok/sec: 22303.80
step  4015 | loss: 3.607203 | lr 4.2703e-04 | norm: 0.4622 | dt: 2968.58ms | tok/sec: 22076.52
step  4016 | loss: 3.695802 | lr 4.2695e-04 | norm: 0.4480 | dt: 2939.71ms | tok/sec: 22293.39
step  4017 | loss: 3.862608 | lr 4.2687e-04 | norm: 0.4399 | dt: 2942.54ms | tok/sec: 22271.93
step  4018 | loss: 3.753778 | lr 4.2679e-04 | norm: 0.4277 | dt: 2946.36ms | tok/sec: 22243.02
step  4019 | loss: 3.750997 | lr 4.2670e-04 | norm: 0.4687 | dt: 2951.44ms | tok/sec: 22204.72
step  4020 | loss: 3.860420 | lr 4.2662e-04 | norm: 0.4510 | dt: 2943.44ms | tok/sec: 22265.13
step  4021 | loss: 3.857555 | lr 4.2654e-04 | norm: 0.4508 | dt: 2944.98ms | tok/sec: 22253.44
step  4022 | loss: 3.672677 | lr 4.2646e-04 | norm: 0.4098 | dt: 2941.53ms | tok/sec: 22279.58
step  4023 | loss: 3.634105 | lr 4.2638e-04 | norm: 0.5009 | dt: 2951.43ms | tok/sec: 22204.81
step  4024 | loss: 3.712570 | lr 4.2630e-04 | norm: 0.4458 | dt: 2949.06ms | tok/sec: 22222.68
step  4025 | loss: 3.625193 | lr 4.2621e-04 | norm: 0.4101 | dt: 2947.10ms | tok/sec: 22237.46
step  4026 | loss: 3.760020 | lr 4.2613e-04 | norm: 0.4231 | dt: 2974.65ms | tok/sec: 22031.51
step  4027 | loss: 3.736843 | lr 4.2605e-04 | norm: 0.4487 | dt: 2952.74ms | tok/sec: 22194.95
step  4028 | loss: 3.716459 | lr 4.2597e-04 | norm: 0.4285 | dt: 2944.73ms | tok/sec: 22255.32
step  4029 | loss: 3.771963 | lr 4.2589e-04 | norm: 0.5038 | dt: 2953.75ms | tok/sec: 22187.40
step  4030 | loss: 3.732014 | lr 4.2581e-04 | norm: 0.4539 | dt: 2971.22ms | tok/sec: 22056.94
step  4031 | loss: 3.668297 | lr 4.2572e-04 | norm: 0.4319 | dt: 2948.40ms | tok/sec: 22227.67
step  4032 | loss: 3.700992 | lr 4.2564e-04 | norm: 0.4301 | dt: 2940.65ms | tok/sec: 22286.21
step  4033 | loss: 3.900961 | lr 4.2556e-04 | norm: 0.5022 | dt: 2941.13ms | tok/sec: 22282.61
step  4034 | loss: 3.802258 | lr 4.2548e-04 | norm: 0.4556 | dt: 2951.31ms | tok/sec: 22205.70
step  4035 | loss: 3.681268 | lr 4.2540e-04 | norm: 0.5189 | dt: 2977.27ms | tok/sec: 22012.09
step  4036 | loss: 3.763703 | lr 4.2532e-04 | norm: 0.4301 | dt: 2936.87ms | tok/sec: 22314.88
step  4037 | loss: 3.813134 | lr 4.2523e-04 | norm: 0.4533 | dt: 2948.08ms | tok/sec: 22230.03
step  4038 | loss: 3.771104 | lr 4.2515e-04 | norm: 0.4673 | dt: 2946.27ms | tok/sec: 22243.68
step  4039 | loss: 3.836131 | lr 4.2507e-04 | norm: 0.4380 | dt: 2947.92ms | tok/sec: 22231.28
step  4040 | loss: 3.800738 | lr 4.2499e-04 | norm: 0.4222 | dt: 2946.30ms | tok/sec: 22243.53
step  4041 | loss: 3.635039 | lr 4.2491e-04 | norm: 0.4629 | dt: 2945.57ms | tok/sec: 22248.99
step  4042 | loss: 3.795699 | lr 4.2482e-04 | norm: 0.4756 | dt: 2938.10ms | tok/sec: 22305.55
step  4043 | loss: 3.673735 | lr 4.2474e-04 | norm: 0.4228 | dt: 2951.43ms | tok/sec: 22204.82
step  4044 | loss: 4.018200 | lr 4.2466e-04 | norm: 0.4990 | dt: 2942.96ms | tok/sec: 22268.70
step  4045 | loss: 3.559459 | lr 4.2458e-04 | norm: 0.4590 | dt: 2946.84ms | tok/sec: 22239.43
step  4046 | loss: 3.895346 | lr 4.2450e-04 | norm: 0.5785 | dt: 2980.29ms | tok/sec: 21989.82
step  4047 | loss: 3.684457 | lr 4.2441e-04 | norm: 0.5042 | dt: 2939.82ms | tok/sec: 22292.53
step  4048 | loss: 3.677554 | lr 4.2433e-04 | norm: 0.4084 | dt: 2944.88ms | tok/sec: 22254.20
step  4049 | loss: 3.835939 | lr 4.2425e-04 | norm: 0.5138 | dt: 2948.02ms | tok/sec: 22230.52
step  4050 | loss: 3.817244 | lr 4.2417e-04 | norm: 0.4871 | dt: 2942.60ms | tok/sec: 22271.50
step  4051 | loss: 3.813568 | lr 4.2409e-04 | norm: 0.4714 | dt: 2937.60ms | tok/sec: 22309.34
step  4052 | loss: 3.795790 | lr 4.2401e-04 | norm: 0.5281 | dt: 2946.78ms | tok/sec: 22239.90
step  4053 | loss: 3.656851 | lr 4.2392e-04 | norm: 0.4357 | dt: 2946.83ms | tok/sec: 22239.51
step  4054 | loss: 3.736929 | lr 4.2384e-04 | norm: 0.4480 | dt: 2944.25ms | tok/sec: 22258.99
step  4055 | loss: 3.869363 | lr 4.2376e-04 | norm: 0.4297 | dt: 2977.26ms | tok/sec: 22012.19
step  4056 | loss: 4.465889 | lr 4.2368e-04 | norm: 1.0211 | dt: 2968.62ms | tok/sec: 22076.27
step  4057 | loss: 3.795980 | lr 4.2360e-04 | norm: 0.5554 | dt: 2951.37ms | tok/sec: 22205.31
step  4058 | loss: 3.691001 | lr 4.2351e-04 | norm: 0.5260 | dt: 2941.50ms | tok/sec: 22279.82
step  4059 | loss: 3.792659 | lr 4.2343e-04 | norm: 0.6139 | dt: 2951.13ms | tok/sec: 22207.12
step  4060 | loss: 3.566569 | lr 4.2335e-04 | norm: 0.5183 | dt: 2943.76ms | tok/sec: 22262.68
step  4061 | loss: 3.611963 | lr 4.2327e-04 | norm: 0.4564 | dt: 2941.53ms | tok/sec: 22279.57
step  4062 | loss: 3.788996 | lr 4.2318e-04 | norm: 0.6145 | dt: 2947.15ms | tok/sec: 22237.04
step  4063 | loss: 3.559494 | lr 4.2310e-04 | norm: 0.5952 | dt: 2943.34ms | tok/sec: 22265.90
step  4064 | loss: 3.743789 | lr 4.2302e-04 | norm: 0.4674 | dt: 2944.12ms | tok/sec: 22259.93
step  4065 | loss: 3.636560 | lr 4.2294e-04 | norm: 0.4576 | dt: 2950.53ms | tok/sec: 22211.62
step  4066 | loss: 3.497114 | lr 4.2286e-04 | norm: 0.4978 | dt: 2987.56ms | tok/sec: 21936.30
step  4067 | loss: 3.789421 | lr 4.2277e-04 | norm: 0.4897 | dt: 2934.60ms | tok/sec: 22332.20
step  4068 | loss: 3.718393 | lr 4.2269e-04 | norm: 0.4791 | dt: 2933.93ms | tok/sec: 22337.30
step  4069 | loss: 3.771281 | lr 4.2261e-04 | norm: 0.4203 | dt: 2939.61ms | tok/sec: 22294.11
step  4070 | loss: 3.660281 | lr 4.2253e-04 | norm: 0.4629 | dt: 2941.56ms | tok/sec: 22279.33
step  4071 | loss: 3.676678 | lr 4.2245e-04 | norm: 0.4328 | dt: 2941.83ms | tok/sec: 22277.30
step  4072 | loss: 3.719636 | lr 4.2236e-04 | norm: 0.4329 | dt: 2948.65ms | tok/sec: 22225.77
step  4073 | loss: 3.766750 | lr 4.2228e-04 | norm: 0.4377 | dt: 2948.39ms | tok/sec: 22227.69
step  4074 | loss: 3.756030 | lr 4.2220e-04 | norm: 0.4754 | dt: 2939.17ms | tok/sec: 22297.48
step  4075 | loss: 3.599380 | lr 4.2212e-04 | norm: 0.4530 | dt: 2948.21ms | tok/sec: 22229.07
step  4076 | loss: 3.663141 | lr 4.2203e-04 | norm: 0.4511 | dt: 2962.29ms | tok/sec: 22123.41
step  4077 | loss: 3.771923 | lr 4.2195e-04 | norm: 0.4353 | dt: 2940.14ms | tok/sec: 22290.09
step  4078 | loss: 3.729340 | lr 4.2187e-04 | norm: 0.4693 | dt: 2943.97ms | tok/sec: 22261.11
step  4079 | loss: 3.864096 | lr 4.2179e-04 | norm: 0.4721 | dt: 2929.84ms | tok/sec: 22368.45
step  4080 | loss: 3.858071 | lr 4.2171e-04 | norm: 0.4954 | dt: 2949.02ms | tok/sec: 22223.00
step  4081 | loss: 3.892660 | lr 4.2162e-04 | norm: 0.4378 | dt: 2941.54ms | tok/sec: 22279.48
step  4082 | loss: 3.804586 | lr 4.2154e-04 | norm: 0.4680 | dt: 2946.03ms | tok/sec: 22245.54
step  4083 | loss: 3.752584 | lr 4.2146e-04 | norm: 0.5138 | dt: 2943.39ms | tok/sec: 22265.48
step  4084 | loss: 3.902474 | lr 4.2138e-04 | norm: 0.4581 | dt: 2950.21ms | tok/sec: 22214.03
step  4085 | loss: 3.924433 | lr 4.2129e-04 | norm: 0.4596 | dt: 2945.73ms | tok/sec: 22247.77
step  4086 | loss: 3.956582 | lr 4.2121e-04 | norm: 0.5681 | dt: 2941.08ms | tok/sec: 22282.96
step  4087 | loss: 3.972762 | lr 4.2113e-04 | norm: 0.4918 | dt: 2977.62ms | tok/sec: 22009.54
step  4088 | loss: 4.124612 | lr 4.2105e-04 | norm: 0.5352 | dt: 2937.80ms | tok/sec: 22307.83
step  4089 | loss: 3.896864 | lr 4.2097e-04 | norm: 0.4809 | dt: 2949.85ms | tok/sec: 22216.70
step  4090 | loss: 3.882288 | lr 4.2088e-04 | norm: 0.4539 | dt: 2946.84ms | tok/sec: 22239.41
step  4091 | loss: 3.904082 | lr 4.2080e-04 | norm: 0.4379 | dt: 2938.70ms | tok/sec: 22301.01
step  4092 | loss: 3.864835 | lr 4.2072e-04 | norm: 0.4712 | dt: 2935.80ms | tok/sec: 22323.08
step  4093 | loss: 4.106262 | lr 4.2064e-04 | norm: 0.4736 | dt: 2943.49ms | tok/sec: 22264.74
step  4094 | loss: 3.800127 | lr 4.2055e-04 | norm: 0.4340 | dt: 2943.18ms | tok/sec: 22267.05
step  4095 | loss: 3.907857 | lr 4.2047e-04 | norm: 0.4542 | dt: 2947.38ms | tok/sec: 22235.31
step  4096 | loss: 3.829612 | lr 4.2039e-04 | norm: 0.4445 | dt: 2985.27ms | tok/sec: 21953.10
step  4097 | loss: 3.842934 | lr 4.2031e-04 | norm: 0.4173 | dt: 2943.92ms | tok/sec: 22261.50
step  4098 | loss: 4.009730 | lr 4.2022e-04 | norm: 0.4327 | dt: 2945.20ms | tok/sec: 22251.79
step  4099 | loss: 3.870374 | lr 4.2014e-04 | norm: 0.4290 | dt: 2944.76ms | tok/sec: 22255.15
step  4100 | loss: 3.937735 | lr 4.2006e-04 | norm: 0.4680 | dt: 2941.89ms | tok/sec: 22276.83
step  4101 | loss: 3.710881 | lr 4.1998e-04 | norm: 0.4290 | dt: 2949.53ms | tok/sec: 22219.14
step  4102 | loss: 3.852294 | lr 4.1989e-04 | norm: 0.4443 | dt: 2945.43ms | tok/sec: 22250.10
step  4103 | loss: 3.950990 | lr 4.1981e-04 | norm: 0.5275 | dt: 2935.67ms | tok/sec: 22324.06
step  4104 | loss: 3.956061 | lr 4.1973e-04 | norm: 0.4632 | dt: 2945.52ms | tok/sec: 22249.40
step  4105 | loss: 3.838730 | lr 4.1965e-04 | norm: 0.5376 | dt: 2940.77ms | tok/sec: 22285.34
step  4106 | loss: 3.857577 | lr 4.1956e-04 | norm: 0.4856 | dt: 2947.63ms | tok/sec: 22233.44
step  4107 | loss: 4.009489 | lr 4.1948e-04 | norm: 0.5125 | dt: 2963.06ms | tok/sec: 22117.71
step  4108 | loss: 4.001110 | lr 4.1940e-04 | norm: 0.4686 | dt: 2935.65ms | tok/sec: 22324.17
step  4109 | loss: 3.793197 | lr 4.1932e-04 | norm: 0.4885 | dt: 2944.32ms | tok/sec: 22258.41
step  4110 | loss: 3.868901 | lr 4.1923e-04 | norm: 0.4784 | dt: 2951.44ms | tok/sec: 22204.75
step  4111 | loss: 3.946246 | lr 4.1915e-04 | norm: 0.4661 | dt: 2943.17ms | tok/sec: 22267.14
step  4112 | loss: 3.826944 | lr 4.1907e-04 | norm: 0.4659 | dt: 2946.99ms | tok/sec: 22238.29
step  4113 | loss: 3.959921 | lr 4.1899e-04 | norm: 0.4796 | dt: 2940.26ms | tok/sec: 22289.15
step  4114 | loss: 4.022107 | lr 4.1890e-04 | norm: 0.6217 | dt: 2933.72ms | tok/sec: 22338.87
step  4115 | loss: 3.992106 | lr 4.1882e-04 | norm: 0.5265 | dt: 2950.78ms | tok/sec: 22209.73
step  4116 | loss: 3.734306 | lr 4.1874e-04 | norm: 0.6653 | dt: 2954.06ms | tok/sec: 22185.06
step  4117 | loss: 3.933943 | lr 4.1866e-04 | norm: 0.5875 | dt: 2967.50ms | tok/sec: 22084.61
step  4118 | loss: 3.909892 | lr 4.1857e-04 | norm: 0.5180 | dt: 2943.99ms | tok/sec: 22260.95
step  4119 | loss: 3.819740 | lr 4.1849e-04 | norm: 0.4629 | dt: 2936.83ms | tok/sec: 22315.18
step  4120 | loss: 3.892281 | lr 4.1841e-04 | norm: 0.4923 | dt: 2943.60ms | tok/sec: 22263.89
step  4121 | loss: 3.932353 | lr 4.1833e-04 | norm: 0.5289 | dt: 2961.85ms | tok/sec: 22126.73
step  4122 | loss: 3.765932 | lr 4.1824e-04 | norm: 0.6050 | dt: 2945.27ms | tok/sec: 22251.28
step  4123 | loss: 4.036629 | lr 4.1816e-04 | norm: 0.5437 | dt: 2941.71ms | tok/sec: 22278.22
step  4124 | loss: 3.859955 | lr 4.1808e-04 | norm: 0.4756 | dt: 2938.81ms | tok/sec: 22300.19
step  4125 | loss: 3.807254 | lr 4.1800e-04 | norm: 0.4551 | dt: 2942.86ms | tok/sec: 22269.50
step  4126 | loss: 3.910862 | lr 4.1791e-04 | norm: 0.4706 | dt: 2944.63ms | tok/sec: 22256.10
step  4127 | loss: 4.084105 | lr 4.1783e-04 | norm: 0.5818 | dt: 2979.50ms | tok/sec: 21995.61
step  4128 | loss: 4.053033 | lr 4.1775e-04 | norm: 0.5150 | dt: 2941.07ms | tok/sec: 22283.07
step  4129 | loss: 3.745059 | lr 4.1766e-04 | norm: 0.5257 | dt: 2944.38ms | tok/sec: 22257.99
step  4130 | loss: 4.537552 | lr 4.1758e-04 | norm: 0.7234 | dt: 2941.93ms | tok/sec: 22276.55
step  4131 | loss: 4.952177 | lr 4.1750e-04 | norm: 0.8211 | dt: 2944.81ms | tok/sec: 22254.76
step  4132 | loss: 3.956043 | lr 4.1742e-04 | norm: 0.7105 | dt: 2947.67ms | tok/sec: 22233.13
step  4133 | loss: 4.017612 | lr 4.1733e-04 | norm: 0.5986 | dt: 2950.47ms | tok/sec: 22212.07
step  4134 | loss: 3.824873 | lr 4.1725e-04 | norm: 0.5327 | dt: 2942.50ms | tok/sec: 22272.23
step  4135 | loss: 3.913962 | lr 4.1717e-04 | norm: 0.5698 | dt: 2935.33ms | tok/sec: 22326.63
step  4136 | loss: 3.870083 | lr 4.1709e-04 | norm: 0.5046 | dt: 2968.44ms | tok/sec: 22077.61
step  4137 | loss: 4.025610 | lr 4.1700e-04 | norm: 0.5513 | dt: 2964.22ms | tok/sec: 22109.02
step  4138 | loss: 3.928152 | lr 4.1692e-04 | norm: 0.5348 | dt: 2945.77ms | tok/sec: 22247.46
step  4139 | loss: 3.879837 | lr 4.1684e-04 | norm: 0.7005 | dt: 2951.64ms | tok/sec: 22203.25
step  4140 | loss: 4.053761 | lr 4.1675e-04 | norm: 0.6898 | dt: 2947.35ms | tok/sec: 22235.54
step  4141 | loss: 3.855938 | lr 4.1667e-04 | norm: 0.5316 | dt: 2949.17ms | tok/sec: 22221.87
step  4142 | loss: 3.899508 | lr 4.1659e-04 | norm: 0.5654 | dt: 2948.77ms | tok/sec: 22224.83
step  4143 | loss: 3.964717 | lr 4.1651e-04 | norm: 0.4856 | dt: 2945.00ms | tok/sec: 22253.34
step  4144 | loss: 3.940802 | lr 4.1642e-04 | norm: 0.5795 | dt: 2942.49ms | tok/sec: 22272.26
step  4145 | loss: 3.910212 | lr 4.1634e-04 | norm: 0.4822 | dt: 2943.35ms | tok/sec: 22265.78
step  4146 | loss: 3.951854 | lr 4.1626e-04 | norm: 0.4819 | dt: 2954.84ms | tok/sec: 22179.19
step  4147 | loss: 3.869560 | lr 4.1617e-04 | norm: 0.5014 | dt: 2940.87ms | tok/sec: 22284.56
step  4148 | loss: 3.811394 | lr 4.1609e-04 | norm: 0.5057 | dt: 2975.20ms | tok/sec: 22027.45
step  4149 | loss: 4.029766 | lr 4.1601e-04 | norm: 0.5097 | dt: 2946.07ms | tok/sec: 22245.25
step  4150 | loss: 3.987583 | lr 4.1593e-04 | norm: 0.5334 | dt: 2937.00ms | tok/sec: 22313.94
step  4151 | loss: 3.775030 | lr 4.1584e-04 | norm: 0.4927 | dt: 2933.83ms | tok/sec: 22338.07
step  4152 | loss: 3.787576 | lr 4.1576e-04 | norm: 0.5104 | dt: 2940.70ms | tok/sec: 22285.84
step  4153 | loss: 3.845528 | lr 4.1568e-04 | norm: 0.4745 | dt: 2950.24ms | tok/sec: 22213.77
step  4154 | loss: 3.905104 | lr 4.1559e-04 | norm: 0.4533 | dt: 2939.47ms | tok/sec: 22295.20
step  4155 | loss: 3.946547 | lr 4.1551e-04 | norm: 0.4887 | dt: 2948.63ms | tok/sec: 22225.93
step  4156 | loss: 4.553415 | lr 4.1543e-04 | norm: 1.3584 | dt: 2959.74ms | tok/sec: 22142.51
step  4157 | loss: 3.928980 | lr 4.1535e-04 | norm: 0.5409 | dt: 2968.17ms | tok/sec: 22079.58
step  4158 | loss: 4.025238 | lr 4.1526e-04 | norm: 0.6581 | dt: 2941.20ms | tok/sec: 22282.04
step  4159 | loss: 3.941450 | lr 4.1518e-04 | norm: 0.5099 | dt: 2941.42ms | tok/sec: 22280.37
step  4160 | loss: 3.811573 | lr 4.1510e-04 | norm: 0.6317 | dt: 2949.15ms | tok/sec: 22222.02
step  4161 | loss: 3.968160 | lr 4.1501e-04 | norm: 0.5306 | dt: 2949.03ms | tok/sec: 22222.93
step  4162 | loss: 4.067746 | lr 4.1493e-04 | norm: 0.6159 | dt: 2937.93ms | tok/sec: 22306.88
step  4163 | loss: 3.853913 | lr 4.1485e-04 | norm: 0.4752 | dt: 2948.78ms | tok/sec: 22224.78
step  4164 | loss: 4.010261 | lr 4.1476e-04 | norm: 0.5073 | dt: 2957.36ms | tok/sec: 22160.30
step  4165 | loss: 3.820813 | lr 4.1468e-04 | norm: 0.4647 | dt: 2955.90ms | tok/sec: 22171.22
step  4166 | loss: 3.884607 | lr 4.1460e-04 | norm: 0.4616 | dt: 2950.93ms | tok/sec: 22208.56
step  4167 | loss: 3.714296 | lr 4.1452e-04 | norm: 0.5212 | dt: 2949.46ms | tok/sec: 22219.63
step  4168 | loss: 3.993726 | lr 4.1443e-04 | norm: 0.5421 | dt: 2968.53ms | tok/sec: 22076.93
step  4169 | loss: 4.184541 | lr 4.1435e-04 | norm: 0.5349 | dt: 2948.11ms | tok/sec: 22229.81
step  4170 | loss: 3.784160 | lr 4.1427e-04 | norm: 0.5508 | dt: 2948.89ms | tok/sec: 22223.96
step  4171 | loss: 4.005797 | lr 4.1418e-04 | norm: 0.5919 | dt: 2948.52ms | tok/sec: 22226.78
step  4172 | loss: 3.866063 | lr 4.1410e-04 | norm: 0.5445 | dt: 2943.80ms | tok/sec: 22262.36
step  4173 | loss: 3.736532 | lr 4.1402e-04 | norm: 0.4727 | dt: 2942.16ms | tok/sec: 22274.80
step  4174 | loss: 3.784904 | lr 4.1393e-04 | norm: 0.4712 | dt: 2947.48ms | tok/sec: 22234.60
step  4175 | loss: 3.829907 | lr 4.1385e-04 | norm: 0.5414 | dt: 2944.71ms | tok/sec: 22255.48
step  4176 | loss: 3.892547 | lr 4.1377e-04 | norm: 0.4569 | dt: 2942.84ms | tok/sec: 22269.65
step  4177 | loss: 4.020374 | lr 4.1368e-04 | norm: 0.5218 | dt: 2960.85ms | tok/sec: 22134.16
step  4178 | loss: 3.924472 | lr 4.1360e-04 | norm: 0.4730 | dt: 2968.15ms | tok/sec: 22079.71
step  4179 | loss: 3.849555 | lr 4.1352e-04 | norm: 0.4594 | dt: 2959.69ms | tok/sec: 22142.83
step  4180 | loss: 3.921384 | lr 4.1343e-04 | norm: 0.4904 | dt: 2944.00ms | tok/sec: 22260.90
step  4181 | loss: 3.823222 | lr 4.1335e-04 | norm: 0.4970 | dt: 2947.95ms | tok/sec: 22231.01
step  4182 | loss: 3.904254 | lr 4.1327e-04 | norm: 0.4560 | dt: 2947.36ms | tok/sec: 22235.52
step  4183 | loss: 3.890855 | lr 4.1319e-04 | norm: 0.5027 | dt: 2947.38ms | tok/sec: 22235.35
step  4184 | loss: 3.937901 | lr 4.1310e-04 | norm: 0.4307 | dt: 2948.45ms | tok/sec: 22227.26
step  4185 | loss: 3.801362 | lr 4.1302e-04 | norm: 0.5600 | dt: 2943.37ms | tok/sec: 22265.65
step  4186 | loss: 3.933082 | lr 4.1294e-04 | norm: 0.4744 | dt: 2951.63ms | tok/sec: 22203.34
step  4187 | loss: 3.879762 | lr 4.1285e-04 | norm: 0.4275 | dt: 2945.01ms | tok/sec: 22253.20
step  4188 | loss: 3.818163 | lr 4.1277e-04 | norm: 0.5109 | dt: 2983.93ms | tok/sec: 21962.98
step  4189 | loss: 3.928626 | lr 4.1269e-04 | norm: 0.4191 | dt: 2932.67ms | tok/sec: 22346.91
step  4190 | loss: 3.815668 | lr 4.1260e-04 | norm: 0.4392 | dt: 2950.36ms | tok/sec: 22212.88
step  4191 | loss: 3.776060 | lr 4.1252e-04 | norm: 0.4422 | dt: 2937.24ms | tok/sec: 22312.09
step  4192 | loss: 3.962333 | lr 4.1244e-04 | norm: 0.4511 | dt: 2944.44ms | tok/sec: 22257.56
step  4193 | loss: 4.003283 | lr 4.1235e-04 | norm: 0.4469 | dt: 2943.31ms | tok/sec: 22266.08
step  4194 | loss: 3.971675 | lr 4.1227e-04 | norm: 0.4354 | dt: 2945.31ms | tok/sec: 22250.95
step  4195 | loss: 3.870551 | lr 4.1219e-04 | norm: 0.4099 | dt: 2937.33ms | tok/sec: 22311.39
step  4196 | loss: 3.787365 | lr 4.1210e-04 | norm: 0.4284 | dt: 2941.63ms | tok/sec: 22278.83
step  4197 | loss: 3.791847 | lr 4.1202e-04 | norm: 0.4827 | dt: 2968.58ms | tok/sec: 22076.51
step  4198 | loss: 3.950061 | lr 4.1194e-04 | norm: 0.4546 | dt: 2962.75ms | tok/sec: 22120.00
step  4199 | loss: 3.848463 | lr 4.1185e-04 | norm: 0.4196 | dt: 2945.80ms | tok/sec: 22247.28
step  4200 | loss: 3.804451 | lr 4.1177e-04 | norm: 0.4574 | dt: 2941.71ms | tok/sec: 22278.23
step  4201 | loss: 3.931504 | lr 4.1169e-04 | norm: 0.4300 | dt: 2950.14ms | tok/sec: 22214.54
step  4202 | loss: 3.794028 | lr 4.1160e-04 | norm: 0.4099 | dt: 2948.47ms | tok/sec: 22227.12
step  4203 | loss: 3.980572 | lr 4.1152e-04 | norm: 0.4723 | dt: 2936.48ms | tok/sec: 22317.86
step  4204 | loss: 3.839643 | lr 4.1144e-04 | norm: 0.4611 | dt: 2947.34ms | tok/sec: 22235.63
step  4205 | loss: 3.810296 | lr 4.1135e-04 | norm: 0.4519 | dt: 2926.98ms | tok/sec: 22390.33
step  4206 | loss: 3.822295 | lr 4.1127e-04 | norm: 0.4547 | dt: 2953.00ms | tok/sec: 22193.03
step  4207 | loss: 3.931937 | lr 4.1119e-04 | norm: 0.4274 | dt: 2952.50ms | tok/sec: 22196.78
step  4208 | loss: 3.921584 | lr 4.1110e-04 | norm: 0.4954 | dt: 2949.19ms | tok/sec: 22221.68
step  4209 | loss: 3.811098 | lr 4.1102e-04 | norm: 0.4380 | dt: 2967.05ms | tok/sec: 22087.94
step  4210 | loss: 3.899503 | lr 4.1094e-04 | norm: 0.5951 | dt: 2950.27ms | tok/sec: 22213.58
step  4211 | loss: 3.681666 | lr 4.1085e-04 | norm: 0.5695 | dt: 2937.18ms | tok/sec: 22312.53
step  4212 | loss: 3.902443 | lr 4.1077e-04 | norm: 0.4721 | dt: 2943.17ms | tok/sec: 22267.18
step  4213 | loss: 3.794670 | lr 4.1069e-04 | norm: 0.4916 | dt: 2934.84ms | tok/sec: 22330.33
step  4214 | loss: 3.953950 | lr 4.1060e-04 | norm: 0.5167 | dt: 2946.35ms | tok/sec: 22243.10
step  4215 | loss: 3.856885 | lr 4.1052e-04 | norm: 0.4800 | dt: 2945.05ms | tok/sec: 22252.92
step  4216 | loss: 3.958090 | lr 4.1043e-04 | norm: 0.5019 | dt: 2955.09ms | tok/sec: 22177.33
step  4217 | loss: 4.088098 | lr 4.1035e-04 | norm: 0.6599 | dt: 2973.92ms | tok/sec: 22036.89
step  4218 | loss: 3.838485 | lr 4.1027e-04 | norm: 0.4717 | dt: 2962.42ms | tok/sec: 22122.45
step  4219 | loss: 3.818232 | lr 4.1018e-04 | norm: 0.6136 | dt: 2946.17ms | tok/sec: 22244.46
step  4220 | loss: 3.890575 | lr 4.1010e-04 | norm: 0.5213 | dt: 2937.96ms | tok/sec: 22306.62
step  4221 | loss: 3.805887 | lr 4.1002e-04 | norm: 0.5160 | dt: 2939.06ms | tok/sec: 22298.29
step  4222 | loss: 3.749763 | lr 4.0993e-04 | norm: 0.4373 | dt: 2952.27ms | tok/sec: 22198.48
step  4223 | loss: 3.913002 | lr 4.0985e-04 | norm: 0.4520 | dt: 2938.65ms | tok/sec: 22301.42
step  4224 | loss: 3.872984 | lr 4.0977e-04 | norm: 0.4527 | dt: 2944.65ms | tok/sec: 22255.95
step  4225 | loss: 3.906861 | lr 4.0968e-04 | norm: 0.4565 | dt: 2939.34ms | tok/sec: 22296.15
step  4226 | loss: 3.775328 | lr 4.0960e-04 | norm: 0.4138 | dt: 2936.11ms | tok/sec: 22320.69
step  4227 | loss: 3.894199 | lr 4.0952e-04 | norm: 0.4478 | dt: 2938.39ms | tok/sec: 22303.40
step  4228 | loss: 3.863428 | lr 4.0943e-04 | norm: 0.4888 | dt: 2945.22ms | tok/sec: 22251.63
step  4229 | loss: 3.885570 | lr 4.0935e-04 | norm: 0.5945 | dt: 2977.68ms | tok/sec: 22009.06
step  4230 | loss: 3.870490 | lr 4.0927e-04 | norm: 0.4488 | dt: 2940.68ms | tok/sec: 22286.01
step  4231 | loss: 3.928579 | lr 4.0918e-04 | norm: 0.4541 | dt: 2940.73ms | tok/sec: 22285.65
step  4232 | loss: 3.900268 | lr 4.0910e-04 | norm: 0.4449 | dt: 2942.52ms | tok/sec: 22272.06
step  4233 | loss: 3.941944 | lr 4.0901e-04 | norm: 0.4582 | dt: 2948.24ms | tok/sec: 22228.89
step  4234 | loss: 3.874502 | lr 4.0893e-04 | norm: 0.4383 | dt: 2960.46ms | tok/sec: 22137.13
step  4235 | loss: 3.781690 | lr 4.0885e-04 | norm: 0.4784 | dt: 2939.90ms | tok/sec: 22291.94
step  4236 | loss: 3.763528 | lr 4.0876e-04 | norm: 0.4493 | dt: 2939.18ms | tok/sec: 22297.37
step  4237 | loss: 3.778446 | lr 4.0868e-04 | norm: 0.4539 | dt: 2945.11ms | tok/sec: 22252.49
step  4238 | loss: 4.000874 | lr 4.0860e-04 | norm: 0.4378 | dt: 2944.02ms | tok/sec: 22260.73
step  4239 | loss: 3.895338 | lr 4.0851e-04 | norm: 0.4576 | dt: 2963.41ms | tok/sec: 22115.06
step  4240 | loss: 3.806235 | lr 4.0843e-04 | norm: 0.4266 | dt: 2949.79ms | tok/sec: 22217.19
step  4241 | loss: 3.929237 | lr 4.0835e-04 | norm: 0.4483 | dt: 2952.32ms | tok/sec: 22198.13
step  4242 | loss: 3.865112 | lr 4.0826e-04 | norm: 0.4692 | dt: 2939.77ms | tok/sec: 22292.89
step  4243 | loss: 3.749200 | lr 4.0818e-04 | norm: 0.4657 | dt: 2947.56ms | tok/sec: 22234.01
step  4244 | loss: 3.855042 | lr 4.0809e-04 | norm: 0.5109 | dt: 2943.34ms | tok/sec: 22265.87
step  4245 | loss: 3.833809 | lr 4.0801e-04 | norm: 0.4397 | dt: 2947.77ms | tok/sec: 22232.37
step  4246 | loss: 3.897220 | lr 4.0793e-04 | norm: 0.4712 | dt: 2941.69ms | tok/sec: 22278.34
step  4247 | loss: 3.909724 | lr 4.0784e-04 | norm: 0.4290 | dt: 2939.62ms | tok/sec: 22294.01
step  4248 | loss: 3.774902 | lr 4.0776e-04 | norm: 0.4232 | dt: 2942.42ms | tok/sec: 22272.79
step  4249 | loss: 3.835351 | lr 4.0768e-04 | norm: 0.4501 | dt: 2946.49ms | tok/sec: 22242.08
step  4250 | loss: 3.985324 | lr 4.0759e-04 | norm: 0.6427 | dt: 2991.90ms | tok/sec: 21904.45
step  4251 | loss: 3.867566 | lr 4.0751e-04 | norm: 0.6005 | dt: 2948.72ms | tok/sec: 22225.25
step  4252 | loss: 3.861724 | lr 4.0742e-04 | norm: 0.5371 | dt: 2943.49ms | tok/sec: 22264.75
step  4253 | loss: 3.923824 | lr 4.0734e-04 | norm: 0.4801 | dt: 2945.71ms | tok/sec: 22247.97
step  4254 | loss: 3.962228 | lr 4.0726e-04 | norm: 0.5379 | dt: 2950.52ms | tok/sec: 22211.68
step  4255 | loss: 3.888168 | lr 4.0717e-04 | norm: 0.4437 | dt: 2946.92ms | tok/sec: 22238.78
step  4256 | loss: 3.825783 | lr 4.0709e-04 | norm: 0.4783 | dt: 2946.62ms | tok/sec: 22241.09
step  4257 | loss: 3.727763 | lr 4.0701e-04 | norm: 0.4348 | dt: 2947.47ms | tok/sec: 22234.65
step  4258 | loss: 3.856586 | lr 4.0692e-04 | norm: 0.4499 | dt: 2949.90ms | tok/sec: 22216.36
step  4259 | loss: 3.964377 | lr 4.0684e-04 | norm: 0.4579 | dt: 2978.37ms | tok/sec: 22003.95
step  4260 | loss: 3.758621 | lr 4.0675e-04 | norm: 0.4819 | dt: 2942.90ms | tok/sec: 22269.17
step  4261 | loss: 3.798283 | lr 4.0667e-04 | norm: 0.5405 | dt: 2959.33ms | tok/sec: 22145.58
step  4262 | loss: 3.804191 | lr 4.0659e-04 | norm: 0.4808 | dt: 2944.44ms | tok/sec: 22257.52
step  4263 | loss: 3.943708 | lr 4.0650e-04 | norm: 0.5227 | dt: 2938.14ms | tok/sec: 22305.29
step  4264 | loss: 3.902650 | lr 4.0642e-04 | norm: 0.5698 | dt: 2943.49ms | tok/sec: 22264.72
step  4265 | loss: 3.828944 | lr 4.0633e-04 | norm: 0.4532 | dt: 2946.91ms | tok/sec: 22238.86
step  4266 | loss: 3.851874 | lr 4.0625e-04 | norm: 0.5407 | dt: 2952.61ms | tok/sec: 22195.97
step  4267 | loss: 3.886240 | lr 4.0617e-04 | norm: 0.4680 | dt: 2938.55ms | tok/sec: 22302.16
step  4268 | loss: 3.823022 | lr 4.0608e-04 | norm: 0.4504 | dt: 2944.04ms | tok/sec: 22260.57
step  4269 | loss: 3.826480 | lr 4.0600e-04 | norm: 0.4904 | dt: 2950.07ms | tok/sec: 22215.10
step  4270 | loss: 3.948152 | lr 4.0592e-04 | norm: 0.4686 | dt: 2977.30ms | tok/sec: 22011.86
step  4271 | loss: 3.903323 | lr 4.0583e-04 | norm: 0.4562 | dt: 2940.56ms | tok/sec: 22286.90
step  4272 | loss: 3.705248 | lr 4.0575e-04 | norm: 0.4578 | dt: 2937.22ms | tok/sec: 22312.25
step  4273 | loss: 3.910082 | lr 4.0566e-04 | norm: 0.4668 | dt: 2950.90ms | tok/sec: 22208.78
step  4274 | loss: 3.877244 | lr 4.0558e-04 | norm: 0.4846 | dt: 2946.20ms | tok/sec: 22244.25
step  4275 | loss: 3.702596 | lr 4.0550e-04 | norm: 0.5347 | dt: 2949.84ms | tok/sec: 22216.81
step  4276 | loss: 3.891108 | lr 4.0541e-04 | norm: 0.4810 | dt: 2945.49ms | tok/sec: 22249.58
step  4277 | loss: 3.771402 | lr 4.0533e-04 | norm: 0.4433 | dt: 2936.84ms | tok/sec: 22315.15
step  4278 | loss: 3.844756 | lr 4.0524e-04 | norm: 0.5087 | dt: 2945.00ms | tok/sec: 22253.28
step  4279 | loss: 3.814400 | lr 4.0516e-04 | norm: 0.4352 | dt: 2954.77ms | tok/sec: 22179.77
step  4280 | loss: 3.874490 | lr 4.0508e-04 | norm: 0.4575 | dt: 2971.23ms | tok/sec: 22056.82
step  4281 | loss: 3.840888 | lr 4.0499e-04 | norm: 0.4448 | dt: 2939.30ms | tok/sec: 22296.45
step  4282 | loss: 3.646995 | lr 4.0491e-04 | norm: 0.4552 | dt: 2940.72ms | tok/sec: 22285.70
step  4283 | loss: 3.853609 | lr 4.0482e-04 | norm: 0.4485 | dt: 2947.25ms | tok/sec: 22236.34
step  4284 | loss: 3.764096 | lr 4.0474e-04 | norm: 0.4858 | dt: 2935.22ms | tok/sec: 22327.43
step  4285 | loss: 3.804671 | lr 4.0466e-04 | norm: 0.4724 | dt: 2939.29ms | tok/sec: 22296.51
step  4286 | loss: 3.785048 | lr 4.0457e-04 | norm: 0.4364 | dt: 2942.21ms | tok/sec: 22274.44
step  4287 | loss: 3.918403 | lr 4.0449e-04 | norm: 0.4643 | dt: 2944.95ms | tok/sec: 22253.72
step  4288 | loss: 3.862708 | lr 4.0440e-04 | norm: 0.4305 | dt: 2953.78ms | tok/sec: 22187.16
step  4289 | loss: 3.791131 | lr 4.0432e-04 | norm: 0.5343 | dt: 2944.39ms | tok/sec: 22257.93
step  4290 | loss: 3.736845 | lr 4.0424e-04 | norm: 0.5001 | dt: 2997.10ms | tok/sec: 21866.49
step  4291 | loss: 3.804583 | lr 4.0415e-04 | norm: 0.4931 | dt: 2944.36ms | tok/sec: 22258.16
step  4292 | loss: 4.001244 | lr 4.0407e-04 | norm: 0.8209 | dt: 2944.50ms | tok/sec: 22257.08
step  4293 | loss: 4.088023 | lr 4.0398e-04 | norm: 0.6210 | dt: 2938.61ms | tok/sec: 22301.73
step  4294 | loss: 3.829911 | lr 4.0390e-04 | norm: 0.4473 | dt: 2933.10ms | tok/sec: 22343.56
step  4295 | loss: 3.755197 | lr 4.0381e-04 | norm: 0.4520 | dt: 2942.14ms | tok/sec: 22274.92
step  4296 | loss: 3.874664 | lr 4.0373e-04 | norm: 0.4385 | dt: 2943.22ms | tok/sec: 22266.76
step  4297 | loss: 3.798101 | lr 4.0365e-04 | norm: 0.4606 | dt: 2941.75ms | tok/sec: 22277.88
step  4298 | loss: 3.888670 | lr 4.0356e-04 | norm: 0.4484 | dt: 2942.21ms | tok/sec: 22274.42
step  4299 | loss: 3.781836 | lr 4.0348e-04 | norm: 0.5033 | dt: 2941.09ms | tok/sec: 22282.91
step  4300 | loss: 3.832999 | lr 4.0339e-04 | norm: 0.4681 | dt: 2995.28ms | tok/sec: 21879.79
step  4301 | loss: 3.814170 | lr 4.0331e-04 | norm: 0.4741 | dt: 2938.72ms | tok/sec: 22300.87
step  4302 | loss: 3.842993 | lr 4.0323e-04 | norm: 0.4598 | dt: 2943.92ms | tok/sec: 22261.50
step  4303 | loss: 3.765581 | lr 4.0314e-04 | norm: 0.4286 | dt: 2939.40ms | tok/sec: 22295.71
step  4304 | loss: 3.836950 | lr 4.0306e-04 | norm: 0.4334 | dt: 2946.69ms | tok/sec: 22240.57
step  4305 | loss: 3.981988 | lr 4.0297e-04 | norm: 0.4905 | dt: 2943.43ms | tok/sec: 22265.18
step  4306 | loss: 3.865783 | lr 4.0289e-04 | norm: 0.5218 | dt: 2943.27ms | tok/sec: 22266.36
step  4307 | loss: 3.765072 | lr 4.0280e-04 | norm: 0.4636 | dt: 2943.05ms | tok/sec: 22268.07
step  4308 | loss: 3.826718 | lr 4.0272e-04 | norm: 0.4771 | dt: 2947.42ms | tok/sec: 22235.01
step  4309 | loss: 3.966264 | lr 4.0264e-04 | norm: 0.4936 | dt: 2936.81ms | tok/sec: 22315.37
step  4310 | loss: 3.793285 | lr 4.0255e-04 | norm: 0.4360 | dt: 2932.91ms | tok/sec: 22345.04
step  4311 | loss: 3.850227 | lr 4.0247e-04 | norm: 0.4684 | dt: 2986.21ms | tok/sec: 21946.24
step  4312 | loss: 3.712359 | lr 4.0238e-04 | norm: 0.4447 | dt: 2937.04ms | tok/sec: 22313.59
step  4313 | loss: 3.961509 | lr 4.0230e-04 | norm: 0.4375 | dt: 2937.48ms | tok/sec: 22310.27
step  4314 | loss: 3.825952 | lr 4.0222e-04 | norm: 0.5872 | dt: 2942.05ms | tok/sec: 22275.61
step  4315 | loss: 3.858269 | lr 4.0213e-04 | norm: 0.5008 | dt: 2933.88ms | tok/sec: 22337.63
step  4316 | loss: 3.861887 | lr 4.0205e-04 | norm: 0.4437 | dt: 2942.63ms | tok/sec: 22271.26
step  4317 | loss: 3.824356 | lr 4.0196e-04 | norm: 0.4760 | dt: 2943.42ms | tok/sec: 22265.22
step  4318 | loss: 3.738974 | lr 4.0188e-04 | norm: 0.5241 | dt: 2943.01ms | tok/sec: 22268.38
step  4319 | loss: 3.861515 | lr 4.0179e-04 | norm: 0.4243 | dt: 2935.72ms | tok/sec: 22323.62
step  4320 | loss: 3.670711 | lr 4.0171e-04 | norm: 0.5184 | dt: 2981.42ms | tok/sec: 21981.44
step  4321 | loss: 3.841431 | lr 4.0163e-04 | norm: 0.5277 | dt: 2946.73ms | tok/sec: 22240.26
step  4322 | loss: 3.800797 | lr 4.0154e-04 | norm: 0.4982 | dt: 2946.95ms | tok/sec: 22238.60
step  4323 | loss: 3.677869 | lr 4.0146e-04 | norm: 0.6108 | dt: 2943.39ms | tok/sec: 22265.46
step  4324 | loss: 3.723451 | lr 4.0137e-04 | norm: 0.4840 | dt: 2926.41ms | tok/sec: 22394.67
step  4325 | loss: 3.785824 | lr 4.0129e-04 | norm: 0.4617 | dt: 2946.01ms | tok/sec: 22245.67
step  4326 | loss: 3.887902 | lr 4.0120e-04 | norm: 0.4505 | dt: 2932.54ms | tok/sec: 22347.84
step  4327 | loss: 3.828084 | lr 4.0112e-04 | norm: 0.5011 | dt: 2940.80ms | tok/sec: 22285.12
step  4328 | loss: 3.672006 | lr 4.0103e-04 | norm: 0.4854 | dt: 2947.28ms | tok/sec: 22236.08
step  4329 | loss: 3.791510 | lr 4.0095e-04 | norm: 0.4536 | dt: 2951.94ms | tok/sec: 22201.01
step  4330 | loss: 3.768491 | lr 4.0087e-04 | norm: 0.4198 | dt: 2947.55ms | tok/sec: 22234.07
step  4331 | loss: 3.738649 | lr 4.0078e-04 | norm: 0.3954 | dt: 2973.93ms | tok/sec: 22036.85
step  4332 | loss: 3.826960 | lr 4.0070e-04 | norm: 0.4548 | dt: 2942.43ms | tok/sec: 22272.75
step  4333 | loss: 3.752170 | lr 4.0061e-04 | norm: 0.4023 | dt: 2946.87ms | tok/sec: 22239.19
step  4334 | loss: 3.760684 | lr 4.0053e-04 | norm: 0.4969 | dt: 2944.93ms | tok/sec: 22253.82
step  4335 | loss: 3.872249 | lr 4.0044e-04 | norm: 0.4733 | dt: 2941.86ms | tok/sec: 22277.08
step  4336 | loss: 3.913188 | lr 4.0036e-04 | norm: 0.4508 | dt: 2945.61ms | tok/sec: 22248.72
step  4337 | loss: 3.802134 | lr 4.0028e-04 | norm: 0.4323 | dt: 2937.79ms | tok/sec: 22307.94
step  4338 | loss: 3.936354 | lr 4.0019e-04 | norm: 0.4430 | dt: 2933.60ms | tok/sec: 22339.82
step  4339 | loss: 3.754949 | lr 4.0011e-04 | norm: 0.4104 | dt: 2941.73ms | tok/sec: 22278.09
step  4340 | loss: 3.862271 | lr 4.0002e-04 | norm: 0.4301 | dt: 2973.54ms | tok/sec: 22039.70
step  4341 | loss: 3.844496 | lr 3.9994e-04 | norm: 0.4559 | dt: 2967.70ms | tok/sec: 22083.11
step  4342 | loss: 3.809142 | lr 3.9985e-04 | norm: 0.4430 | dt: 2942.46ms | tok/sec: 22272.49
step  4343 | loss: 3.892335 | lr 3.9977e-04 | norm: 0.4460 | dt: 2944.23ms | tok/sec: 22259.10
step  4344 | loss: 3.887339 | lr 3.9968e-04 | norm: 0.4267 | dt: 2943.53ms | tok/sec: 22264.41
step  4345 | loss: 3.944388 | lr 3.9960e-04 | norm: 0.4588 | dt: 2949.97ms | tok/sec: 22215.86
step  4346 | loss: 3.762640 | lr 3.9952e-04 | norm: 0.4793 | dt: 2951.24ms | tok/sec: 22206.26
step  4347 | loss: 3.844478 | lr 3.9943e-04 | norm: 0.4164 | dt: 2942.56ms | tok/sec: 22271.75
step  4348 | loss: 3.745473 | lr 3.9935e-04 | norm: 0.4445 | dt: 2930.02ms | tok/sec: 22367.07
step  4349 | loss: 3.905517 | lr 3.9926e-04 | norm: 0.4850 | dt: 2947.81ms | tok/sec: 22232.08
step  4350 | loss: 3.848912 | lr 3.9918e-04 | norm: 0.4568 | dt: 2938.52ms | tok/sec: 22302.35
step  4351 | loss: 3.721379 | lr 3.9909e-04 | norm: 0.4424 | dt: 2968.45ms | tok/sec: 22077.54
step  4352 | loss: 3.753870 | lr 3.9901e-04 | norm: 0.4496 | dt: 2942.37ms | tok/sec: 22273.24
step  4353 | loss: 3.889768 | lr 3.9892e-04 | norm: 0.4607 | dt: 2946.21ms | tok/sec: 22244.16
step  4354 | loss: 3.843692 | lr 3.9884e-04 | norm: 0.4063 | dt: 2939.73ms | tok/sec: 22293.20
step  4355 | loss: 3.839067 | lr 3.9875e-04 | norm: 0.4219 | dt: 2940.64ms | tok/sec: 22286.28
step  4356 | loss: 3.909192 | lr 3.9867e-04 | norm: 0.4435 | dt: 2939.99ms | tok/sec: 22291.21
step  4357 | loss: 3.776257 | lr 3.9859e-04 | norm: 0.4021 | dt: 2935.84ms | tok/sec: 22322.74
step  4358 | loss: 3.865827 | lr 3.9850e-04 | norm: 0.4780 | dt: 2945.56ms | tok/sec: 22249.06
step  4359 | loss: 3.773032 | lr 3.9842e-04 | norm: 0.4185 | dt: 2942.27ms | tok/sec: 22273.98
step  4360 | loss: 3.798898 | lr 3.9833e-04 | norm: 0.4464 | dt: 2959.51ms | tok/sec: 22144.21
step  4361 | loss: 3.728230 | lr 3.9825e-04 | norm: 0.4072 | dt: 2962.37ms | tok/sec: 22122.84
step  4362 | loss: 3.800489 | lr 3.9816e-04 | norm: 0.4411 | dt: 2946.28ms | tok/sec: 22243.66
step  4363 | loss: 3.680072 | lr 3.9808e-04 | norm: 0.4168 | dt: 2937.94ms | tok/sec: 22306.81
step  4364 | loss: 3.888338 | lr 3.9799e-04 | norm: 0.4894 | dt: 2941.51ms | tok/sec: 22279.70
step  4365 | loss: 3.642838 | lr 3.9791e-04 | norm: 0.4493 | dt: 2942.20ms | tok/sec: 22274.46
step  4366 | loss: 3.657456 | lr 3.9782e-04 | norm: 0.4600 | dt: 2944.16ms | tok/sec: 22259.67
step  4367 | loss: 3.620107 | lr 3.9774e-04 | norm: 0.4476 | dt: 2945.62ms | tok/sec: 22248.62
step  4368 | loss: 3.572142 | lr 3.9765e-04 | norm: 0.5916 | dt: 2944.09ms | tok/sec: 22260.18
step  4369 | loss: 3.523103 | lr 3.9757e-04 | norm: 0.4538 | dt: 2942.01ms | tok/sec: 22275.96
step  4370 | loss: 3.650179 | lr 3.9749e-04 | norm: 0.4760 | dt: 2946.79ms | tok/sec: 22239.76
step  4371 | loss: 3.848403 | lr 3.9740e-04 | norm: 0.4445 | dt: 2941.87ms | tok/sec: 22277.02
step  4372 | loss: 3.762681 | lr 3.9732e-04 | norm: 0.4708 | dt: 2968.54ms | tok/sec: 22076.88
step  4373 | loss: 3.679518 | lr 3.9723e-04 | norm: 0.4300 | dt: 2947.66ms | tok/sec: 22233.20
step  4374 | loss: 3.694895 | lr 3.9715e-04 | norm: 0.4508 | dt: 2941.89ms | tok/sec: 22276.80
step  4375 | loss: 3.684960 | lr 3.9706e-04 | norm: 0.4926 | dt: 2943.38ms | tok/sec: 22265.57
step  4376 | loss: 3.686915 | lr 3.9698e-04 | norm: 0.4595 | dt: 2935.14ms | tok/sec: 22328.09
step  4377 | loss: 3.743006 | lr 3.9689e-04 | norm: 0.4317 | dt: 2931.86ms | tok/sec: 22353.03
step  4378 | loss: 3.827022 | lr 3.9681e-04 | norm: 0.4522 | dt: 2941.45ms | tok/sec: 22280.19
step  4379 | loss: 3.639124 | lr 3.9672e-04 | norm: 0.4757 | dt: 2953.46ms | tok/sec: 22189.58
step  4380 | loss: 3.673741 | lr 3.9664e-04 | norm: 0.4475 | dt: 2946.59ms | tok/sec: 22241.30
step  4381 | loss: 3.421321 | lr 3.9655e-04 | norm: 1.0312 | dt: 2978.00ms | tok/sec: 22006.68
step  4382 | loss: 3.702383 | lr 3.9647e-04 | norm: 0.5481 | dt: 2937.71ms | tok/sec: 22308.54
step  4383 | loss: 3.745244 | lr 3.9638e-04 | norm: 0.4980 | dt: 2949.61ms | tok/sec: 22218.53
step  4384 | loss: 3.756594 | lr 3.9630e-04 | norm: 0.4457 | dt: 2940.31ms | tok/sec: 22288.83
step  4385 | loss: 3.632416 | lr 3.9621e-04 | norm: 0.5042 | dt: 2940.62ms | tok/sec: 22286.47
step  4386 | loss: 3.706347 | lr 3.9613e-04 | norm: 0.4636 | dt: 2941.14ms | tok/sec: 22282.51
step  4387 | loss: 3.607628 | lr 3.9604e-04 | norm: 0.4392 | dt: 2941.49ms | tok/sec: 22279.83
step  4388 | loss: 3.815735 | lr 3.9596e-04 | norm: 0.5025 | dt: 2950.39ms | tok/sec: 22212.67
step  4389 | loss: 3.839228 | lr 3.9587e-04 | norm: 0.5017 | dt: 2947.52ms | tok/sec: 22234.28
step  4390 | loss: 3.778667 | lr 3.9579e-04 | norm: 0.6689 | dt: 2948.38ms | tok/sec: 22227.78
step  4391 | loss: 3.708471 | lr 3.9571e-04 | norm: 0.5439 | dt: 2946.52ms | tok/sec: 22241.86
step  4392 | loss: 3.839779 | lr 3.9562e-04 | norm: 0.4763 | dt: 2988.58ms | tok/sec: 21928.84
step  4393 | loss: 3.788091 | lr 3.9554e-04 | norm: 0.4685 | dt: 2943.70ms | tok/sec: 22263.13
step  4394 | loss: 3.607088 | lr 3.9545e-04 | norm: 0.5047 | dt: 2947.90ms | tok/sec: 22231.43
step  4395 | loss: 3.693390 | lr 3.9537e-04 | norm: 0.4494 | dt: 2940.53ms | tok/sec: 22287.11
step  4396 | loss: 3.689285 | lr 3.9528e-04 | norm: 0.4483 | dt: 2942.34ms | tok/sec: 22273.42
step  4397 | loss: 3.688318 | lr 3.9520e-04 | norm: 0.4428 | dt: 2939.88ms | tok/sec: 22292.07
step  4398 | loss: 3.771896 | lr 3.9511e-04 | norm: 0.4389 | dt: 2943.36ms | tok/sec: 22265.69
step  4399 | loss: 3.840753 | lr 3.9503e-04 | norm: 0.5820 | dt: 2951.18ms | tok/sec: 22206.74
step  4400 | loss: 3.575271 | lr 3.9494e-04 | norm: 0.4552 | dt: 2945.45ms | tok/sec: 22249.95
step  4401 | loss: 3.759198 | lr 3.9486e-04 | norm: 0.4713 | dt: 2953.79ms | tok/sec: 22187.05
step  4402 | loss: 3.740449 | lr 3.9477e-04 | norm: 0.4445 | dt: 2963.88ms | tok/sec: 22111.59
step  4403 | loss: 3.715738 | lr 3.9469e-04 | norm: 0.4205 | dt: 2949.47ms | tok/sec: 22219.57
step  4404 | loss: 3.660357 | lr 3.9460e-04 | norm: 0.4343 | dt: 2947.36ms | tok/sec: 22235.53
step  4405 | loss: 3.848592 | lr 3.9452e-04 | norm: 0.5037 | dt: 2950.12ms | tok/sec: 22214.69
step  4406 | loss: 3.769990 | lr 3.9443e-04 | norm: 0.4719 | dt: 2946.23ms | tok/sec: 22244.03
step  4407 | loss: 3.690428 | lr 3.9435e-04 | norm: 0.4768 | dt: 2946.86ms | tok/sec: 22239.24
step  4408 | loss: 3.838088 | lr 3.9426e-04 | norm: 0.4700 | dt: 2942.97ms | tok/sec: 22268.66
step  4409 | loss: 3.706022 | lr 3.9418e-04 | norm: 0.4359 | dt: 2940.05ms | tok/sec: 22290.78
step  4410 | loss: 3.784264 | lr 3.9409e-04 | norm: 0.5062 | dt: 2946.26ms | tok/sec: 22243.81
step  4411 | loss: 3.628906 | lr 3.9401e-04 | norm: 0.4894 | dt: 2945.11ms | tok/sec: 22252.47
step  4412 | loss: 3.624262 | lr 3.9392e-04 | norm: 0.4901 | dt: 2977.09ms | tok/sec: 22013.42
step  4413 | loss: 3.690546 | lr 3.9384e-04 | norm: 0.4517 | dt: 2942.34ms | tok/sec: 22273.45
step  4414 | loss: 3.634972 | lr 3.9375e-04 | norm: 0.4529 | dt: 2940.52ms | tok/sec: 22287.21
step  4415 | loss: 3.735347 | lr 3.9367e-04 | norm: 0.4443 | dt: 2941.35ms | tok/sec: 22280.91
step  4416 | loss: 3.734133 | lr 3.9358e-04 | norm: 0.4720 | dt: 2949.75ms | tok/sec: 22217.47
step  4417 | loss: 3.754675 | lr 3.9350e-04 | norm: 0.4405 | dt: 2944.23ms | tok/sec: 22259.13
step  4418 | loss: 3.598338 | lr 3.9341e-04 | norm: 0.4186 | dt: 2945.32ms | tok/sec: 22250.86
step  4419 | loss: 3.709904 | lr 3.9333e-04 | norm: 0.4374 | dt: 2949.36ms | tok/sec: 22220.45
step  4420 | loss: 3.536258 | lr 3.9324e-04 | norm: 0.4632 | dt: 2942.31ms | tok/sec: 22273.68
step  4421 | loss: 3.676474 | lr 3.9316e-04 | norm: 0.4412 | dt: 2970.23ms | tok/sec: 22064.26
step  4422 | loss: 3.670272 | lr 3.9307e-04 | norm: 0.4412 | dt: 2958.24ms | tok/sec: 22153.70
step  4423 | loss: 3.703602 | lr 3.9299e-04 | norm: 0.4451 | dt: 2950.20ms | tok/sec: 22214.10
step  4424 | loss: 3.600575 | lr 3.9290e-04 | norm: 0.4650 | dt: 2945.86ms | tok/sec: 22246.83
step  4425 | loss: 3.614343 | lr 3.9282e-04 | norm: 0.4063 | dt: 2943.07ms | tok/sec: 22267.93
step  4426 | loss: 4.171840 | lr 3.9273e-04 | norm: 1.0123 | dt: 2955.57ms | tok/sec: 22173.74
step  4427 | loss: 3.795925 | lr 3.9265e-04 | norm: 0.6165 | dt: 2943.35ms | tok/sec: 22265.80
step  4428 | loss: 3.775989 | lr 3.9256e-04 | norm: 0.5931 | dt: 2934.62ms | tok/sec: 22332.00
step  4429 | loss: 3.854168 | lr 3.9248e-04 | norm: 0.4725 | dt: 2948.61ms | tok/sec: 22226.08
step  4430 | loss: 3.731295 | lr 3.9239e-04 | norm: 0.5055 | dt: 2944.11ms | tok/sec: 22260.04
step  4431 | loss: 3.656760 | lr 3.9231e-04 | norm: 0.4775 | dt: 2949.50ms | tok/sec: 22219.38
step  4432 | loss: 3.896028 | lr 3.9222e-04 | norm: 0.4883 | dt: 2946.04ms | tok/sec: 22245.42
step  4433 | loss: 3.629118 | lr 3.9214e-04 | norm: 0.5264 | dt: 2983.10ms | tok/sec: 21969.06
step  4434 | loss: 3.818707 | lr 3.9205e-04 | norm: 0.4365 | dt: 2938.15ms | tok/sec: 22305.18
step  4435 | loss: 3.694390 | lr 3.9197e-04 | norm: 0.4362 | dt: 2947.73ms | tok/sec: 22232.70
step  4436 | loss: 3.624964 | lr 3.9188e-04 | norm: 0.4348 | dt: 2940.70ms | tok/sec: 22285.87
step  4437 | loss: 3.685244 | lr 3.9180e-04 | norm: 0.4395 | dt: 2940.26ms | tok/sec: 22289.16
step  4438 | loss: 3.769436 | lr 3.9171e-04 | norm: 0.4580 | dt: 2959.23ms | tok/sec: 22146.29
step  4439 | loss: 3.720699 | lr 3.9163e-04 | norm: 0.4449 | dt: 2944.81ms | tok/sec: 22254.74
step  4440 | loss: 3.774904 | lr 3.9154e-04 | norm: 0.4435 | dt: 2936.56ms | tok/sec: 22317.27
step  4441 | loss: 3.838629 | lr 3.9146e-04 | norm: 0.4522 | dt: 2942.28ms | tok/sec: 22273.88
step  4442 | loss: 3.549561 | lr 3.9137e-04 | norm: 0.4858 | dt: 2970.66ms | tok/sec: 22061.12
step  4443 | loss: 3.646310 | lr 3.9129e-04 | norm: 0.4663 | dt: 2945.90ms | tok/sec: 22246.51
step  4444 | loss: 3.758475 | lr 3.9120e-04 | norm: 0.4317 | dt: 2947.33ms | tok/sec: 22235.73
step  4445 | loss: 3.699419 | lr 3.9112e-04 | norm: 0.4797 | dt: 2945.49ms | tok/sec: 22249.60
step  4446 | loss: 3.645497 | lr 3.9103e-04 | norm: 0.4725 | dt: 2950.73ms | tok/sec: 22210.10
step  4447 | loss: 3.724397 | lr 3.9095e-04 | norm: 0.4652 | dt: 2951.89ms | tok/sec: 22201.38
step  4448 | loss: 3.578158 | lr 3.9086e-04 | norm: 0.5076 | dt: 2937.78ms | tok/sec: 22307.99
step  4449 | loss: 3.797525 | lr 3.9077e-04 | norm: 0.4913 | dt: 2940.79ms | tok/sec: 22285.20
step  4450 | loss: 3.884417 | lr 3.9069e-04 | norm: 0.5256 | dt: 2937.60ms | tok/sec: 22309.40
step  4451 | loss: 3.766843 | lr 3.9060e-04 | norm: 0.4719 | dt: 2943.02ms | tok/sec: 22268.28
step  4452 | loss: 3.752781 | lr 3.9052e-04 | norm: 0.4763 | dt: 2944.70ms | tok/sec: 22255.55
step  4453 | loss: 3.823016 | lr 3.9043e-04 | norm: 0.4986 | dt: 2970.84ms | tok/sec: 22059.73
step  4454 | loss: 3.689203 | lr 3.9035e-04 | norm: 0.4454 | dt: 2943.31ms | tok/sec: 22266.06
step  4455 | loss: 3.718279 | lr 3.9026e-04 | norm: 0.4425 | dt: 2941.90ms | tok/sec: 22276.77
step  4456 | loss: 3.639312 | lr 3.9018e-04 | norm: 0.5186 | dt: 2940.57ms | tok/sec: 22286.85
step  4457 | loss: 3.707161 | lr 3.9009e-04 | norm: 0.4289 | dt: 2944.80ms | tok/sec: 22254.81
step  4458 | loss: 3.908772 | lr 3.9001e-04 | norm: 0.4493 | dt: 2939.05ms | tok/sec: 22298.36
step  4459 | loss: 3.825291 | lr 3.8992e-04 | norm: 0.5273 | dt: 2947.45ms | tok/sec: 22234.81
step  4460 | loss: 3.725890 | lr 3.8984e-04 | norm: 0.4422 | dt: 2946.51ms | tok/sec: 22241.91
step  4461 | loss: 3.916533 | lr 3.8975e-04 | norm: 0.4796 | dt: 2939.00ms | tok/sec: 22298.71
step  4462 | loss: 4.050871 | lr 3.8967e-04 | norm: 0.4944 | dt: 2943.72ms | tok/sec: 22263.00
step  4463 | loss: 3.849991 | lr 3.8958e-04 | norm: 0.4319 | dt: 2967.85ms | tok/sec: 22081.95
step  4464 | loss: 3.971833 | lr 3.8950e-04 | norm: 0.4595 | dt: 2933.98ms | tok/sec: 22336.90
step  4465 | loss: 3.812945 | lr 3.8941e-04 | norm: 0.4138 | dt: 2943.02ms | tok/sec: 22268.31
step  4466 | loss: 3.969866 | lr 3.8933e-04 | norm: 0.4711 | dt: 2948.91ms | tok/sec: 22223.83
step  4467 | loss: 3.691456 | lr 3.8924e-04 | norm: 0.4449 | dt: 2940.34ms | tok/sec: 22288.57
step  4468 | loss: 3.884647 | lr 3.8915e-04 | norm: 0.4822 | dt: 2942.24ms | tok/sec: 22274.18
step  4469 | loss: 3.848178 | lr 3.8907e-04 | norm: 0.6285 | dt: 2943.52ms | tok/sec: 22264.53
step  4470 | loss: 3.862785 | lr 3.8898e-04 | norm: 0.4485 | dt: 2953.42ms | tok/sec: 22189.87
step  4471 | loss: 3.773684 | lr 3.8890e-04 | norm: 0.4815 | dt: 2936.36ms | tok/sec: 22318.76
step  4472 | loss: 3.701849 | lr 3.8881e-04 | norm: 0.5377 | dt: 2952.21ms | tok/sec: 22198.96
step  4473 | loss: 3.888404 | lr 3.8873e-04 | norm: 0.4706 | dt: 2942.70ms | tok/sec: 22270.70
step  4474 | loss: 3.838170 | lr 3.8864e-04 | norm: 0.4732 | dt: 2971.21ms | tok/sec: 22057.04
step  4475 | loss: 3.845661 | lr 3.8856e-04 | norm: 0.4881 | dt: 2945.27ms | tok/sec: 22251.26
step  4476 | loss: 3.844031 | lr 3.8847e-04 | norm: 0.4512 | dt: 2944.27ms | tok/sec: 22258.83
step  4477 | loss: 3.741371 | lr 3.8839e-04 | norm: 0.4209 | dt: 2947.22ms | tok/sec: 22236.55
step  4478 | loss: 3.763062 | lr 3.8830e-04 | norm: 0.4684 | dt: 2944.69ms | tok/sec: 22255.64
step  4479 | loss: 3.829449 | lr 3.8822e-04 | norm: 0.4466 | dt: 2972.46ms | tok/sec: 22047.73
step  4480 | loss: 3.881560 | lr 3.8813e-04 | norm: 0.4665 | dt: 2945.36ms | tok/sec: 22250.58
step  4481 | loss: 3.859013 | lr 3.8804e-04 | norm: 0.4375 | dt: 2942.35ms | tok/sec: 22273.34
step  4482 | loss: 3.889968 | lr 3.8796e-04 | norm: 0.4397 | dt: 2950.78ms | tok/sec: 22209.74
step  4483 | loss: 3.900978 | lr 3.8787e-04 | norm: 0.4644 | dt: 2970.22ms | tok/sec: 22064.36
step  4484 | loss: 3.858639 | lr 3.8779e-04 | norm: 0.4747 | dt: 2942.91ms | tok/sec: 22269.15
step  4485 | loss: 3.843382 | lr 3.8770e-04 | norm: 0.4265 | dt: 2951.10ms | tok/sec: 22207.33
step  4486 | loss: 3.789585 | lr 3.8762e-04 | norm: 0.6528 | dt: 2940.83ms | tok/sec: 22284.89
step  4487 | loss: 3.893260 | lr 3.8753e-04 | norm: 0.4648 | dt: 2946.39ms | tok/sec: 22242.78
step  4488 | loss: 3.908743 | lr 3.8745e-04 | norm: 0.5876 | dt: 2940.62ms | tok/sec: 22286.44
step  4489 | loss: 3.878649 | lr 3.8736e-04 | norm: 0.4746 | dt: 2953.45ms | tok/sec: 22189.63
step  4490 | loss: 3.809403 | lr 3.8728e-04 | norm: 0.4656 | dt: 2945.66ms | tok/sec: 22248.35
step  4491 | loss: 3.781370 | lr 3.8719e-04 | norm: 0.4680 | dt: 2938.83ms | tok/sec: 22300.04
step  4492 | loss: 3.801970 | lr 3.8711e-04 | norm: 0.4864 | dt: 2944.00ms | tok/sec: 22260.90
step  4493 | loss: 3.817438 | lr 3.8702e-04 | norm: 0.4983 | dt: 2944.63ms | tok/sec: 22256.07
step  4494 | loss: 3.836923 | lr 3.8693e-04 | norm: 0.4769 | dt: 2974.52ms | tok/sec: 22032.43
step  4495 | loss: 3.865430 | lr 3.8685e-04 | norm: 0.4368 | dt: 2941.39ms | tok/sec: 22280.62
step  4496 | loss: 3.795159 | lr 3.8676e-04 | norm: 0.4487 | dt: 2947.11ms | tok/sec: 22237.35
step  4497 | loss: 4.009952 | lr 3.8668e-04 | norm: 0.4667 | dt: 2939.78ms | tok/sec: 22292.80
step  4498 | loss: 3.804528 | lr 3.8659e-04 | norm: 0.4241 | dt: 2938.92ms | tok/sec: 22299.34
step  4499 | loss: 3.730016 | lr 3.8651e-04 | norm: 0.4769 | dt: 2934.58ms | tok/sec: 22332.33
validation loss: 3.7884
HellaSwag accuracy: 2574/10042=0.2563
rank 0 sample 0: Hello, I'm a language model, and I'll be a few hours now where I'm going to use for an extended class. That will change, because
rank 0 sample 1: Hello, I'm a language model, but how do I learn? I say it, with what you need to teach, how does this change my mind?
rank 0 sample 2: Hello, I'm a language model, but I did know by accident that, because most of the other systems that I do use today are far from being programmed
rank 0 sample 3: Hello, I'm a language model, you say, it's a little difficult, particularly if you're working with the real world's computers.
So then
step  4500 | loss: 3.887455 | lr 3.8642e-04 | norm: 0.4155 | dt: 106837.17ms | tok/sec: 613.42
step  4501 | loss: 3.873351 | lr 3.8634e-04 | norm: 0.4906 | dt: 2941.62ms | tok/sec: 22278.87
step  4502 | loss: 3.682542 | lr 3.8625e-04 | norm: 0.7380 | dt: 2949.31ms | tok/sec: 22220.77
step  4503 | loss: 3.981811 | lr 3.8616e-04 | norm: 0.6213 | dt: 2938.01ms | tok/sec: 22306.28
step  4504 | loss: 3.836311 | lr 3.8608e-04 | norm: 0.5230 | dt: 2936.01ms | tok/sec: 22321.45
step  4505 | loss: 3.744357 | lr 3.8599e-04 | norm: 0.5099 | dt: 2949.56ms | tok/sec: 22218.93
step  4506 | loss: 3.736865 | lr 3.8591e-04 | norm: 0.4392 | dt: 2933.48ms | tok/sec: 22340.72
step  4507 | loss: 3.892792 | lr 3.8582e-04 | norm: 0.4883 | dt: 2948.41ms | tok/sec: 22227.58
step  4508 | loss: 3.885319 | lr 3.8574e-04 | norm: 0.5052 | dt: 2944.94ms | tok/sec: 22253.79
step  4509 | loss: 3.931084 | lr 3.8565e-04 | norm: 0.7299 | dt: 2985.85ms | tok/sec: 21948.88
step  4510 | loss: 3.790660 | lr 3.8557e-04 | norm: 0.4393 | dt: 2932.21ms | tok/sec: 22350.38
step  4511 | loss: 3.891734 | lr 3.8548e-04 | norm: 0.6249 | dt: 2947.06ms | tok/sec: 22237.78
step  4512 | loss: 3.891320 | lr 3.8539e-04 | norm: 0.5174 | dt: 2945.44ms | tok/sec: 22250.01
step  4513 | loss: 3.821400 | lr 3.8531e-04 | norm: 0.6135 | dt: 2946.93ms | tok/sec: 22238.76
step  4514 | loss: 3.869640 | lr 3.8522e-04 | norm: 0.5270 | dt: 2949.58ms | tok/sec: 22218.76
step  4515 | loss: 3.824243 | lr 3.8514e-04 | norm: 0.5210 | dt: 2942.78ms | tok/sec: 22270.12
step  4516 | loss: 3.878047 | lr 3.8505e-04 | norm: 0.4934 | dt: 2930.37ms | tok/sec: 22364.43
step  4517 | loss: 3.722725 | lr 3.8497e-04 | norm: 0.4882 | dt: 2934.56ms | tok/sec: 22332.51
step  4518 | loss: 3.872868 | lr 3.8488e-04 | norm: 0.5027 | dt: 2938.85ms | tok/sec: 22299.89
step  4519 | loss: 4.025006 | lr 3.8480e-04 | norm: 0.5291 | dt: 2940.09ms | tok/sec: 22290.48
step  4520 | loss: 3.783612 | lr 3.8471e-04 | norm: 0.5061 | dt: 2965.85ms | tok/sec: 22096.89
step  4521 | loss: 3.816207 | lr 3.8462e-04 | norm: 0.4580 | dt: 2934.39ms | tok/sec: 22333.81
step  4522 | loss: 3.819786 | lr 3.8454e-04 | norm: 0.4714 | dt: 2941.80ms | tok/sec: 22277.48
step  4523 | loss: 3.884998 | lr 3.8445e-04 | norm: 0.5331 | dt: 2939.08ms | tok/sec: 22298.16
step  4524 | loss: 3.721934 | lr 3.8437e-04 | norm: 0.5222 | dt: 2944.73ms | tok/sec: 22255.35
step  4525 | loss: 3.842670 | lr 3.8428e-04 | norm: 0.5043 | dt: 2945.90ms | tok/sec: 22246.47
step  4526 | loss: 4.056118 | lr 3.8420e-04 | norm: 0.5391 | dt: 2944.29ms | tok/sec: 22258.65
step  4527 | loss: 3.802113 | lr 3.8411e-04 | norm: 0.4614 | dt: 2946.05ms | tok/sec: 22245.39
step  4528 | loss: 3.778942 | lr 3.8402e-04 | norm: 0.4526 | dt: 2948.99ms | tok/sec: 22223.18
step  4529 | loss: 3.871703 | lr 3.8394e-04 | norm: 0.4872 | dt: 2965.94ms | tok/sec: 22096.19
step  4530 | loss: 3.817892 | lr 3.8385e-04 | norm: 0.4704 | dt: 2971.60ms | tok/sec: 22054.09
step  4531 | loss: 3.794977 | lr 3.8377e-04 | norm: 0.4686 | dt: 2939.41ms | tok/sec: 22295.63
step  4532 | loss: 3.733505 | lr 3.8368e-04 | norm: 0.4527 | dt: 2942.16ms | tok/sec: 22274.82
step  4533 | loss: 3.704473 | lr 3.8360e-04 | norm: 0.4549 | dt: 2944.23ms | tok/sec: 22259.10
step  4534 | loss: 3.807589 | lr 3.8351e-04 | norm: 0.4559 | dt: 2943.73ms | tok/sec: 22262.89
step  4535 | loss: 3.826820 | lr 3.8342e-04 | norm: 0.4418 | dt: 2941.63ms | tok/sec: 22278.83
step  4536 | loss: 3.939416 | lr 3.8334e-04 | norm: 0.4801 | dt: 2942.95ms | tok/sec: 22268.79
step  4537 | loss: 3.776715 | lr 3.8325e-04 | norm: 0.4465 | dt: 2939.01ms | tok/sec: 22298.69
step  4538 | loss: 3.897730 | lr 3.8317e-04 | norm: 0.4250 | dt: 2942.57ms | tok/sec: 22271.68
step  4539 | loss: 3.884000 | lr 3.8308e-04 | norm: 0.5045 | dt: 2941.48ms | tok/sec: 22279.94
step  4540 | loss: 3.901474 | lr 3.8300e-04 | norm: 0.5117 | dt: 2986.89ms | tok/sec: 21941.20
step  4541 | loss: 3.946532 | lr 3.8291e-04 | norm: 0.5137 | dt: 2939.99ms | tok/sec: 22291.26
step  4542 | loss: 3.729282 | lr 3.8282e-04 | norm: 0.4862 | dt: 2938.61ms | tok/sec: 22301.70
step  4543 | loss: 3.876644 | lr 3.8274e-04 | norm: 0.5099 | dt: 2946.77ms | tok/sec: 22239.94
step  4544 | loss: 3.856653 | lr 3.8265e-04 | norm: 0.4516 | dt: 2944.60ms | tok/sec: 22256.36
step  4545 | loss: 3.702032 | lr 3.8257e-04 | norm: 0.4833 | dt: 2942.26ms | tok/sec: 22274.02
step  4546 | loss: 3.980571 | lr 3.8248e-04 | norm: 0.5144 | dt: 2942.75ms | tok/sec: 22270.34
step  4547 | loss: 3.819654 | lr 3.8240e-04 | norm: 0.4584 | dt: 2935.09ms | tok/sec: 22328.42
step  4548 | loss: 3.747269 | lr 3.8231e-04 | norm: 0.5473 | dt: 2947.85ms | tok/sec: 22231.81
step  4549 | loss: 3.861704 | lr 3.8222e-04 | norm: 0.5730 | dt: 2940.62ms | tok/sec: 22286.44
step  4550 | loss: 3.913010 | lr 3.8214e-04 | norm: 0.4754 | dt: 2979.02ms | tok/sec: 21999.19
step  4551 | loss: 3.766765 | lr 3.8205e-04 | norm: 0.4429 | dt: 2942.33ms | tok/sec: 22273.47
step  4552 | loss: 3.951056 | lr 3.8197e-04 | norm: 0.4550 | dt: 2938.61ms | tok/sec: 22301.71
step  4553 | loss: 3.936455 | lr 3.8188e-04 | norm: 0.5090 | dt: 2940.27ms | tok/sec: 22289.14
step  4554 | loss: 3.746336 | lr 3.8179e-04 | norm: 0.4528 | dt: 2953.49ms | tok/sec: 22189.37
step  4555 | loss: 3.993215 | lr 3.8171e-04 | norm: 0.5100 | dt: 2938.64ms | tok/sec: 22301.48
step  4556 | loss: 3.737857 | lr 3.8162e-04 | norm: 0.5528 | dt: 2942.72ms | tok/sec: 22270.52
step  4557 | loss: 3.893363 | lr 3.8154e-04 | norm: 0.4617 | dt: 2945.20ms | tok/sec: 22251.81
step  4558 | loss: 3.717681 | lr 3.8145e-04 | norm: 0.4843 | dt: 2938.65ms | tok/sec: 22301.39
step  4559 | loss: 3.928901 | lr 3.8137e-04 | norm: 0.4443 | dt: 2946.03ms | tok/sec: 22245.53
step  4560 | loss: 3.773260 | lr 3.8128e-04 | norm: 0.4443 | dt: 2969.31ms | tok/sec: 22071.13
step  4561 | loss: 3.870173 | lr 3.8119e-04 | norm: 0.4240 | dt: 2941.74ms | tok/sec: 22277.97
step  4562 | loss: 3.814847 | lr 3.8111e-04 | norm: 0.5974 | dt: 2943.25ms | tok/sec: 22266.55
step  4563 | loss: 3.697003 | lr 3.8102e-04 | norm: 0.5582 | dt: 2951.86ms | tok/sec: 22201.62
step  4564 | loss: 4.158006 | lr 3.8094e-04 | norm: 0.5506 | dt: 2941.93ms | tok/sec: 22276.57
step  4565 | loss: 3.812957 | lr 3.8085e-04 | norm: 0.4904 | dt: 2951.07ms | tok/sec: 22207.57
step  4566 | loss: 3.811307 | lr 3.8076e-04 | norm: 0.4989 | dt: 2947.96ms | tok/sec: 22230.94
step  4567 | loss: 3.752278 | lr 3.8068e-04 | norm: 0.4326 | dt: 2943.12ms | tok/sec: 22267.56
step  4568 | loss: 3.743469 | lr 3.8059e-04 | norm: 0.6193 | dt: 2937.74ms | tok/sec: 22308.29
step  4569 | loss: 3.787401 | lr 3.8051e-04 | norm: 0.5059 | dt: 2932.91ms | tok/sec: 22345.06
step  4570 | loss: 3.814117 | lr 3.8042e-04 | norm: 0.4703 | dt: 2980.49ms | tok/sec: 21988.30
step  4571 | loss: 3.766023 | lr 3.8034e-04 | norm: 0.4678 | dt: 2941.98ms | tok/sec: 22276.15
step  4572 | loss: 3.843858 | lr 3.8025e-04 | norm: 0.4577 | dt: 2933.82ms | tok/sec: 22338.08
step  4573 | loss: 3.883076 | lr 3.8016e-04 | norm: 0.4823 | dt: 2946.14ms | tok/sec: 22244.68
step  4574 | loss: 3.873999 | lr 3.8008e-04 | norm: 0.4402 | dt: 2936.87ms | tok/sec: 22314.90
step  4575 | loss: 3.943363 | lr 3.7999e-04 | norm: 0.5205 | dt: 2946.19ms | tok/sec: 22244.30
step  4576 | loss: 4.027405 | lr 3.7991e-04 | norm: 0.6836 | dt: 2937.27ms | tok/sec: 22311.85
step  4577 | loss: 3.863594 | lr 3.7982e-04 | norm: 0.4646 | dt: 5147.39ms | tok/sec: 12731.88
step  4578 | loss: 3.876834 | lr 3.7973e-04 | norm: 0.6331 | dt: 2956.49ms | tok/sec: 22166.80
step  4579 | loss: 3.768901 | lr 3.7965e-04 | norm: 0.6013 | dt: 2961.26ms | tok/sec: 22131.15
step  4580 | loss: 3.765047 | lr 3.7956e-04 | norm: 0.4676 | dt: 2975.76ms | tok/sec: 22023.27
step  4581 | loss: 3.680588 | lr 3.7948e-04 | norm: 0.5183 | dt: 2951.61ms | tok/sec: 22203.46
step  4582 | loss: 3.961050 | lr 3.7939e-04 | norm: 0.4871 | dt: 2956.22ms | tok/sec: 22168.83
step  4583 | loss: 3.950049 | lr 3.7930e-04 | norm: 0.4716 | dt: 2947.78ms | tok/sec: 22232.35
step  4584 | loss: 3.794434 | lr 3.7922e-04 | norm: 0.4491 | dt: 2949.96ms | tok/sec: 22215.88
step  4585 | loss: 3.774674 | lr 3.7913e-04 | norm: 0.4882 | dt: 2945.41ms | tok/sec: 22250.20
step  4586 | loss: 3.962490 | lr 3.7905e-04 | norm: 0.4452 | dt: 2941.54ms | tok/sec: 22279.49
step  4587 | loss: 3.822853 | lr 3.7896e-04 | norm: 0.4810 | dt: 2940.78ms | tok/sec: 22285.24
step  4588 | loss: 3.862689 | lr 3.7887e-04 | norm: 0.4209 | dt: 2946.79ms | tok/sec: 22239.81
step  4589 | loss: 3.807035 | lr 3.7879e-04 | norm: 0.4386 | dt: 2941.81ms | tok/sec: 22277.44
step  4590 | loss: 3.914711 | lr 3.7870e-04 | norm: 0.4292 | dt: 2986.36ms | tok/sec: 21945.08
step  4591 | loss: 3.755816 | lr 3.7862e-04 | norm: 0.4207 | dt: 2939.21ms | tok/sec: 22297.17
step  4592 | loss: 3.790690 | lr 3.7853e-04 | norm: 0.4211 | dt: 2943.88ms | tok/sec: 22261.81
step  4593 | loss: 3.825419 | lr 3.7844e-04 | norm: 0.5453 | dt: 2946.67ms | tok/sec: 22240.70
step  4594 | loss: 3.826301 | lr 3.7836e-04 | norm: 0.4392 | dt: 2945.16ms | tok/sec: 22252.13
step  4595 | loss: 3.751586 | lr 3.7827e-04 | norm: 0.4453 | dt: 2954.34ms | tok/sec: 22182.92
step  4596 | loss: 3.893872 | lr 3.7819e-04 | norm: 0.4896 | dt: 2942.51ms | tok/sec: 22272.13
step  4597 | loss: 3.740882 | lr 3.7810e-04 | norm: 0.4431 | dt: 2944.71ms | tok/sec: 22255.51
step  4598 | loss: 3.903528 | lr 3.7801e-04 | norm: 0.4442 | dt: 2950.45ms | tok/sec: 22212.20
step  4599 | loss: 3.712548 | lr 3.7793e-04 | norm: 0.4596 | dt: 2950.77ms | tok/sec: 22209.81
step  4600 | loss: 3.744330 | lr 3.7784e-04 | norm: 0.4234 | dt: 2971.16ms | tok/sec: 22057.39
step  4601 | loss: 3.608148 | lr 3.7776e-04 | norm: 0.4772 | dt: 2938.59ms | tok/sec: 22301.83
step  4602 | loss: 3.757234 | lr 3.7767e-04 | norm: 0.4156 | dt: 2942.22ms | tok/sec: 22274.32
step  4603 | loss: 3.822490 | lr 3.7758e-04 | norm: 0.4361 | dt: 2949.67ms | tok/sec: 22218.11
step  4604 | loss: 3.835356 | lr 3.7750e-04 | norm: 0.4239 | dt: 2951.04ms | tok/sec: 22207.74
step  4605 | loss: 3.789458 | lr 3.7741e-04 | norm: 0.4479 | dt: 2942.70ms | tok/sec: 22270.67
step  4606 | loss: 3.957509 | lr 3.7733e-04 | norm: 0.5030 | dt: 2957.11ms | tok/sec: 22162.21
step  4607 | loss: 3.881966 | lr 3.7724e-04 | norm: 0.5169 | dt: 2940.30ms | tok/sec: 22288.91
step  4608 | loss: 3.783412 | lr 3.7715e-04 | norm: 0.5421 | dt: 2938.32ms | tok/sec: 22303.90
step  4609 | loss: 3.864685 | lr 3.7707e-04 | norm: 0.4532 | dt: 2942.09ms | tok/sec: 22275.33
step  4610 | loss: 3.873435 | lr 3.7698e-04 | norm: 0.4593 | dt: 2958.40ms | tok/sec: 22152.53
step  4611 | loss: 3.670949 | lr 3.7689e-04 | norm: 0.4301 | dt: 2945.54ms | tok/sec: 22249.21
step  4612 | loss: 3.792276 | lr 3.7681e-04 | norm: 0.4631 | dt: 2942.12ms | tok/sec: 22275.12
step  4613 | loss: 3.853484 | lr 3.7672e-04 | norm: 0.4414 | dt: 2953.10ms | tok/sec: 22192.30
step  4614 | loss: 3.962891 | lr 3.7664e-04 | norm: 0.5737 | dt: 2954.24ms | tok/sec: 22183.70
step  4615 | loss: 3.793310 | lr 3.7655e-04 | norm: 0.4563 | dt: 2944.45ms | tok/sec: 22257.46
step  4616 | loss: 3.706302 | lr 3.7646e-04 | norm: 0.4489 | dt: 2946.44ms | tok/sec: 22242.40
step  4617 | loss: 3.920868 | lr 3.7638e-04 | norm: 0.4592 | dt: 2947.19ms | tok/sec: 22236.80
step  4618 | loss: 3.828142 | lr 3.7629e-04 | norm: 0.5773 | dt: 2942.75ms | tok/sec: 22270.31
step  4619 | loss: 3.840119 | lr 3.7621e-04 | norm: 0.4715 | dt: 2936.90ms | tok/sec: 22314.72
step  4620 | loss: 3.844897 | lr 3.7612e-04 | norm: 0.4596 | dt: 2936.91ms | tok/sec: 22314.64
step  4621 | loss: 3.990569 | lr 3.7603e-04 | norm: 0.4931 | dt: 2963.17ms | tok/sec: 22116.84
step  4622 | loss: 3.831378 | lr 3.7595e-04 | norm: 0.4544 | dt: 2947.58ms | tok/sec: 22233.87
step  4623 | loss: 3.857023 | lr 3.7586e-04 | norm: 0.4923 | dt: 2943.56ms | tok/sec: 22264.19
step  4624 | loss: 3.922085 | lr 3.7577e-04 | norm: 0.4561 | dt: 2934.56ms | tok/sec: 22332.47
step  4625 | loss: 3.805314 | lr 3.7569e-04 | norm: 0.5197 | dt: 2940.67ms | tok/sec: 22286.10
step  4626 | loss: 3.984383 | lr 3.7560e-04 | norm: 0.4583 | dt: 2943.15ms | tok/sec: 22267.32
step  4627 | loss: 3.792930 | lr 3.7552e-04 | norm: 0.4573 | dt: 2937.33ms | tok/sec: 22311.43
step  4628 | loss: 3.901059 | lr 3.7543e-04 | norm: 0.4738 | dt: 2947.64ms | tok/sec: 22233.35
step  4629 | loss: 3.835650 | lr 3.7534e-04 | norm: 0.4216 | dt: 2943.15ms | tok/sec: 22267.33
step  4630 | loss: 3.736751 | lr 3.7526e-04 | norm: 0.4425 | dt: 2959.95ms | tok/sec: 22140.92
step  4631 | loss: 3.901611 | lr 3.7517e-04 | norm: 0.4661 | dt: 2959.30ms | tok/sec: 22145.76
step  4632 | loss: 3.887166 | lr 3.7509e-04 | norm: 0.4557 | dt: 2945.64ms | tok/sec: 22248.49
step  4633 | loss: 3.994714 | lr 3.7500e-04 | norm: 0.4841 | dt: 2938.80ms | tok/sec: 22300.24
step  4634 | loss: 3.839694 | lr 3.7491e-04 | norm: 0.5168 | dt: 2938.84ms | tok/sec: 22299.98
step  4635 | loss: 3.769236 | lr 3.7483e-04 | norm: 0.4902 | dt: 2943.38ms | tok/sec: 22265.54
step  4636 | loss: 3.812588 | lr 3.7474e-04 | norm: 0.4640 | dt: 2945.92ms | tok/sec: 22246.34
step  4637 | loss: 3.818311 | lr 3.7465e-04 | norm: 0.4438 | dt: 2950.67ms | tok/sec: 22210.55
step  4638 | loss: 3.715555 | lr 3.7457e-04 | norm: 0.4349 | dt: 2939.51ms | tok/sec: 22294.90
step  4639 | loss: 3.911869 | lr 3.7448e-04 | norm: 0.4927 | dt: 2944.57ms | tok/sec: 22256.56
step  4640 | loss: 3.704895 | lr 3.7440e-04 | norm: 0.4266 | dt: 2951.13ms | tok/sec: 22207.05
step  4641 | loss: 3.843868 | lr 3.7431e-04 | norm: 0.4471 | dt: 2964.88ms | tok/sec: 22104.09
step  4642 | loss: 3.543070 | lr 3.7422e-04 | norm: 0.4996 | dt: 2939.01ms | tok/sec: 22298.69
step  4643 | loss: 3.820031 | lr 3.7414e-04 | norm: 0.7061 | dt: 2934.18ms | tok/sec: 22335.35
step  4644 | loss: 3.827837 | lr 3.7405e-04 | norm: 0.4713 | dt: 2938.71ms | tok/sec: 22300.95
step  4645 | loss: 3.824287 | lr 3.7396e-04 | norm: 0.5179 | dt: 2946.97ms | tok/sec: 22238.47
step  4646 | loss: 3.710353 | lr 3.7388e-04 | norm: 0.4197 | dt: 2944.40ms | tok/sec: 22257.84
step  4647 | loss: 3.669013 | lr 3.7379e-04 | norm: 0.4995 | dt: 2942.21ms | tok/sec: 22274.45
step  4648 | loss: 3.849598 | lr 3.7370e-04 | norm: 0.4926 | dt: 2941.88ms | tok/sec: 22276.92
step  4649 | loss: 3.897609 | lr 3.7362e-04 | norm: 0.4516 | dt: 2938.24ms | tok/sec: 22304.53
step  4650 | loss: 3.910367 | lr 3.7353e-04 | norm: 0.4750 | dt: 2930.03ms | tok/sec: 22366.97
step  4651 | loss: 3.783072 | lr 3.7345e-04 | norm: 0.4546 | dt: 2983.65ms | tok/sec: 21965.02
step  4652 | loss: 3.733512 | lr 3.7336e-04 | norm: 0.4313 | dt: 2945.26ms | tok/sec: 22251.36
step  4653 | loss: 3.808612 | lr 3.7327e-04 | norm: 0.4921 | dt: 2942.20ms | tok/sec: 22274.50
step  4654 | loss: 3.875895 | lr 3.7319e-04 | norm: 0.4553 | dt: 2932.84ms | tok/sec: 22345.58
step  4655 | loss: 3.745147 | lr 3.7310e-04 | norm: 0.4420 | dt: 2938.54ms | tok/sec: 22302.24
step  4656 | loss: 3.898279 | lr 3.7301e-04 | norm: 0.4427 | dt: 2935.51ms | tok/sec: 22325.29
step  4657 | loss: 3.606394 | lr 3.7293e-04 | norm: 0.4362 | dt: 2939.23ms | tok/sec: 22296.99
step  4658 | loss: 3.303883 | lr 3.7284e-04 | norm: 4.7968 | dt: 2940.73ms | tok/sec: 22285.62
step  4659 | loss: 3.846571 | lr 3.7276e-04 | norm: 0.5118 | dt: 2941.90ms | tok/sec: 22276.75
step  4660 | loss: 3.889920 | lr 3.7267e-04 | norm: 0.4823 | dt: 2936.88ms | tok/sec: 22314.80
step  4661 | loss: 3.744390 | lr 3.7258e-04 | norm: 0.4773 | dt: 2943.66ms | tok/sec: 22263.45
step  4662 | loss: 3.605263 | lr 3.7250e-04 | norm: 0.4510 | dt: 2977.97ms | tok/sec: 22006.97
step  4663 | loss: 3.691139 | lr 3.7241e-04 | norm: 0.4757 | dt: 2942.92ms | tok/sec: 22269.02
step  4664 | loss: 3.874009 | lr 3.7232e-04 | norm: 0.6346 | dt: 2941.26ms | tok/sec: 22281.63
step  4665 | loss: 3.720149 | lr 3.7224e-04 | norm: 0.4130 | dt: 2934.69ms | tok/sec: 22331.47
step  4666 | loss: 3.617707 | lr 3.7215e-04 | norm: 1.7176 | dt: 2933.08ms | tok/sec: 22343.78
step  4667 | loss: 3.749414 | lr 3.7206e-04 | norm: 0.4636 | dt: 2934.73ms | tok/sec: 22331.15
step  4668 | loss: 3.675942 | lr 3.7198e-04 | norm: 0.4152 | dt: 2943.91ms | tok/sec: 22261.52
step  4669 | loss: 3.698468 | lr 3.7189e-04 | norm: 0.4216 | dt: 2941.20ms | tok/sec: 22282.06
step  4670 | loss: 3.765370 | lr 3.7181e-04 | norm: 0.4362 | dt: 2942.12ms | tok/sec: 22275.12
step  4671 | loss: 3.840994 | lr 3.7172e-04 | norm: 0.4571 | dt: 2991.30ms | tok/sec: 21908.84
step  4672 | loss: 3.813892 | lr 3.7163e-04 | norm: 0.4566 | dt: 2938.42ms | tok/sec: 22303.13
step  4673 | loss: 3.941090 | lr 3.7155e-04 | norm: 0.5204 | dt: 2940.54ms | tok/sec: 22287.03
step  4674 | loss: 3.749439 | lr 3.7146e-04 | norm: 0.4424 | dt: 2937.79ms | tok/sec: 22307.94
step  4675 | loss: 3.774055 | lr 3.7137e-04 | norm: 0.4732 | dt: 2936.46ms | tok/sec: 22318.04
step  4676 | loss: 3.825957 | lr 3.7129e-04 | norm: 0.4273 | dt: 2945.48ms | tok/sec: 22249.72
step  4677 | loss: 3.763654 | lr 3.7120e-04 | norm: 0.4992 | dt: 2942.69ms | tok/sec: 22270.75
step  4678 | loss: 3.720560 | lr 3.7111e-04 | norm: 0.4653 | dt: 2942.21ms | tok/sec: 22274.43
step  4679 | loss: 3.770263 | lr 3.7103e-04 | norm: 0.4249 | dt: 2941.89ms | tok/sec: 22276.82
step  4680 | loss: 3.850466 | lr 3.7094e-04 | norm: 0.4517 | dt: 2947.01ms | tok/sec: 22238.10
step  4681 | loss: 3.739279 | lr 3.7085e-04 | norm: 0.4573 | dt: 2945.43ms | tok/sec: 22250.07
step  4682 | loss: 3.847412 | lr 3.7077e-04 | norm: 0.4269 | dt: 2965.89ms | tok/sec: 22096.57
step  4683 | loss: 3.706661 | lr 3.7068e-04 | norm: 0.4249 | dt: 2938.17ms | tok/sec: 22305.02
step  4684 | loss: 3.708167 | lr 3.7060e-04 | norm: 0.4530 | dt: 2946.78ms | tok/sec: 22239.85
step  4685 | loss: 3.698487 | lr 3.7051e-04 | norm: 0.4536 | dt: 2938.76ms | tok/sec: 22300.58
step  4686 | loss: 3.791462 | lr 3.7042e-04 | norm: 0.4774 | dt: 2935.06ms | tok/sec: 22328.70
step  4687 | loss: 3.762776 | lr 3.7034e-04 | norm: 0.4251 | dt: 2940.94ms | tok/sec: 22284.01
step  4688 | loss: 3.852025 | lr 3.7025e-04 | norm: 0.4547 | dt: 2929.98ms | tok/sec: 22367.36
step  4689 | loss: 3.801991 | lr 3.7016e-04 | norm: 0.4451 | dt: 2942.07ms | tok/sec: 22275.48
step  4690 | loss: 3.744849 | lr 3.7008e-04 | norm: 0.4517 | dt: 2939.60ms | tok/sec: 22294.22
step  4691 | loss: 3.673139 | lr 3.6999e-04 | norm: 0.4349 | dt: 2945.07ms | tok/sec: 22252.76
step  4692 | loss: 3.791228 | lr 3.6990e-04 | norm: 0.4724 | dt: 2972.70ms | tok/sec: 22045.97
step  4693 | loss: 3.830078 | lr 3.6982e-04 | norm: 0.4801 | dt: 2943.51ms | tok/sec: 22264.61
step  4694 | loss: 3.693181 | lr 3.6973e-04 | norm: 0.4427 | dt: 2946.00ms | tok/sec: 22245.77
step  4695 | loss: 3.759582 | lr 3.6964e-04 | norm: 0.4449 | dt: 2940.98ms | tok/sec: 22283.73
step  4696 | loss: 3.804537 | lr 3.6956e-04 | norm: 0.4277 | dt: 2935.45ms | tok/sec: 22325.72
step  4697 | loss: 3.814813 | lr 3.6947e-04 | norm: 0.4672 | dt: 2941.42ms | tok/sec: 22280.36
step  4698 | loss: 3.854589 | lr 3.6938e-04 | norm: 0.4506 | dt: 2940.47ms | tok/sec: 22287.60
step  4699 | loss: 3.845457 | lr 3.6930e-04 | norm: 0.5267 | dt: 2946.40ms | tok/sec: 22242.74
step  4700 | loss: 3.656573 | lr 3.6921e-04 | norm: 0.4370 | dt: 2938.44ms | tok/sec: 22302.97
step  4701 | loss: 3.833369 | lr 3.6913e-04 | norm: 0.4849 | dt: 2938.74ms | tok/sec: 22300.70
step  4702 | loss: 3.888807 | lr 3.6904e-04 | norm: 0.4458 | dt: 2966.35ms | tok/sec: 22093.12
step  4703 | loss: 3.823315 | lr 3.6895e-04 | norm: 0.5155 | dt: 2942.08ms | tok/sec: 22275.40
step  4704 | loss: 3.801801 | lr 3.6887e-04 | norm: 0.4783 | dt: 2945.31ms | tok/sec: 22250.96
step  4705 | loss: 3.766664 | lr 3.6878e-04 | norm: 0.4803 | dt: 2937.00ms | tok/sec: 22313.93
step  4706 | loss: 3.963032 | lr 3.6869e-04 | norm: 0.5014 | dt: 2943.56ms | tok/sec: 22264.19
step  4707 | loss: 3.582919 | lr 3.6861e-04 | norm: 0.4598 | dt: 2948.00ms | tok/sec: 22230.68
step  4708 | loss: 3.764103 | lr 3.6852e-04 | norm: 0.4738 | dt: 2944.34ms | tok/sec: 22258.33
step  4709 | loss: 3.913835 | lr 3.6843e-04 | norm: 0.5471 | dt: 2943.27ms | tok/sec: 22266.38
step  4710 | loss: 3.775797 | lr 3.6835e-04 | norm: 0.4286 | dt: 2947.78ms | tok/sec: 22232.33
step  4711 | loss: 3.691544 | lr 3.6826e-04 | norm: 0.4482 | dt: 2948.30ms | tok/sec: 22228.37
step  4712 | loss: 4.026790 | lr 3.6817e-04 | norm: 0.4736 | dt: 2979.76ms | tok/sec: 21993.74
step  4713 | loss: 3.817709 | lr 3.6809e-04 | norm: 0.4567 | dt: 2954.72ms | tok/sec: 22180.08
step  4714 | loss: 3.814581 | lr 3.6800e-04 | norm: 0.4427 | dt: 2945.85ms | tok/sec: 22246.89
step  4715 | loss: 3.852748 | lr 3.6791e-04 | norm: 0.5091 | dt: 2956.78ms | tok/sec: 22164.61
step  4716 | loss: 3.826380 | lr 3.6783e-04 | norm: 0.5074 | dt: 2941.01ms | tok/sec: 22283.47
step  4717 | loss: 3.818579 | lr 3.6774e-04 | norm: 0.5041 | dt: 2950.21ms | tok/sec: 22214.03
step  4718 | loss: 3.722812 | lr 3.6765e-04 | norm: 0.4511 | dt: 2941.84ms | tok/sec: 22277.23
step  4719 | loss: 3.824781 | lr 3.6757e-04 | norm: 0.5445 | dt: 2946.45ms | tok/sec: 22242.35
step  4720 | loss: 3.810683 | lr 3.6748e-04 | norm: 0.4509 | dt: 2953.54ms | tok/sec: 22189.00
step  4721 | loss: 3.924605 | lr 3.6739e-04 | norm: 0.4571 | dt: 2944.93ms | tok/sec: 22253.82
step  4722 | loss: 3.760300 | lr 3.6731e-04 | norm: 0.4831 | dt: 2946.22ms | tok/sec: 22244.13
step  4723 | loss: 3.842432 | lr 3.6722e-04 | norm: 0.4428 | dt: 2965.79ms | tok/sec: 22097.33
step  4724 | loss: 3.842950 | lr 3.6713e-04 | norm: 0.4497 | dt: 2953.19ms | tok/sec: 22191.61
step  4725 | loss: 3.748184 | lr 3.6705e-04 | norm: 0.4706 | dt: 2941.34ms | tok/sec: 22280.97
step  4726 | loss: 3.810988 | lr 3.6696e-04 | norm: 0.4335 | dt: 2937.68ms | tok/sec: 22308.73
step  4727 | loss: 3.887972 | lr 3.6687e-04 | norm: 0.4653 | dt: 2945.44ms | tok/sec: 22250.01
step  4728 | loss: 3.781031 | lr 3.6679e-04 | norm: 0.5452 | dt: 2937.25ms | tok/sec: 22311.99
step  4729 | loss: 3.731019 | lr 3.6670e-04 | norm: 0.4596 | dt: 2943.89ms | tok/sec: 22261.68
step  4730 | loss: 3.825849 | lr 3.6661e-04 | norm: 0.4733 | dt: 2937.54ms | tok/sec: 22309.83
step  4731 | loss: 3.732243 | lr 3.6653e-04 | norm: 0.4844 | dt: 2951.32ms | tok/sec: 22205.69
step  4732 | loss: 3.748425 | lr 3.6644e-04 | norm: 0.4566 | dt: 2968.55ms | tok/sec: 22076.73
step  4733 | loss: 3.858284 | lr 3.6635e-04 | norm: 0.4296 | dt: 2965.96ms | tok/sec: 22096.02
step  4734 | loss: 3.778086 | lr 3.6627e-04 | norm: 0.4683 | dt: 2941.29ms | tok/sec: 22281.38
step  4735 | loss: 3.697951 | lr 3.6618e-04 | norm: 0.4384 | dt: 2937.55ms | tok/sec: 22309.73
step  4736 | loss: 3.530351 | lr 3.6609e-04 | norm: 0.4744 | dt: 2944.41ms | tok/sec: 22257.75
step  4737 | loss: 3.649529 | lr 3.6601e-04 | norm: 0.4419 | dt: 2951.54ms | tok/sec: 22203.97
step  4738 | loss: 3.603682 | lr 3.6592e-04 | norm: 0.4677 | dt: 2944.66ms | tok/sec: 22255.88
step  4739 | loss: 3.711351 | lr 3.6583e-04 | norm: 0.4299 | dt: 2939.94ms | tok/sec: 22291.63
step  4740 | loss: 3.715858 | lr 3.6575e-04 | norm: 0.6344 | dt: 2952.24ms | tok/sec: 22198.76
step  4741 | loss: 3.666973 | lr 3.6566e-04 | norm: 0.4913 | dt: 2939.10ms | tok/sec: 22297.98
step  4742 | loss: 3.634963 | lr 3.6557e-04 | norm: 0.4702 | dt: 2939.56ms | tok/sec: 22294.51
step  4743 | loss: 3.492446 | lr 3.6549e-04 | norm: 0.3984 | dt: 2979.17ms | tok/sec: 21998.05
step  4744 | loss: 3.648183 | lr 3.6540e-04 | norm: 0.5181 | dt: 2957.05ms | tok/sec: 22162.65
step  4745 | loss: 3.567072 | lr 3.6531e-04 | norm: 0.4585 | dt: 2940.58ms | tok/sec: 22286.75
step  4746 | loss: 3.630199 | lr 3.6523e-04 | norm: 0.4273 | dt: 2941.12ms | tok/sec: 22282.65
step  4747 | loss: 3.788859 | lr 3.6514e-04 | norm: 0.4854 | dt: 2945.03ms | tok/sec: 22253.08
step  4748 | loss: 3.644276 | lr 3.6505e-04 | norm: 0.4738 | dt: 2946.86ms | tok/sec: 22239.29
step  4749 | loss: 3.641080 | lr 3.6497e-04 | norm: 0.4122 | dt: 2946.42ms | tok/sec: 22242.61
step  4750 | loss: 3.656384 | lr 3.6488e-04 | norm: 0.4687 | dt: 2952.57ms | tok/sec: 22196.23
step  4751 | loss: 3.750186 | lr 3.6479e-04 | norm: 0.4324 | dt: 2943.19ms | tok/sec: 22267.03
step  4752 | loss: 3.732503 | lr 3.6471e-04 | norm: 0.4460 | dt: 2934.44ms | tok/sec: 22333.39
step  4753 | loss: 3.719549 | lr 3.6462e-04 | norm: 0.4843 | dt: 2978.52ms | tok/sec: 22002.89
step  4754 | loss: 3.596676 | lr 3.6453e-04 | norm: 0.4525 | dt: 2956.09ms | tok/sec: 22169.85
step  4755 | loss: 3.677850 | lr 3.6445e-04 | norm: 0.4911 | dt: 2939.43ms | tok/sec: 22295.46
step  4756 | loss: 3.727439 | lr 3.6436e-04 | norm: 0.4612 | dt: 2947.55ms | tok/sec: 22234.07
step  4757 | loss: 3.576311 | lr 3.6427e-04 | norm: 0.4350 | dt: 2952.21ms | tok/sec: 22198.93
step  4758 | loss: 3.638054 | lr 3.6419e-04 | norm: 0.4537 | dt: 2939.94ms | tok/sec: 22291.58
step  4759 | loss: 3.636133 | lr 3.6410e-04 | norm: 0.4463 | dt: 2952.03ms | tok/sec: 22200.34
step  4760 | loss: 3.770254 | lr 3.6401e-04 | norm: 0.4172 | dt: 2936.20ms | tok/sec: 22319.98
step  4761 | loss: 3.672155 | lr 3.6393e-04 | norm: 1.3146 | dt: 2946.85ms | tok/sec: 22239.36
step  4762 | loss: 3.710601 | lr 3.6384e-04 | norm: 0.5240 | dt: 2948.40ms | tok/sec: 22227.68
step  4763 | loss: 3.779502 | lr 3.6375e-04 | norm: 0.5220 | dt: 2985.93ms | tok/sec: 21948.30
step  4764 | loss: 3.709517 | lr 3.6367e-04 | norm: 0.4436 | dt: 2945.21ms | tok/sec: 22251.73
step  4765 | loss: 3.715772 | lr 3.6358e-04 | norm: 0.4893 | dt: 2941.26ms | tok/sec: 22281.61
step  4766 | loss: 3.629619 | lr 3.6349e-04 | norm: 0.4356 | dt: 2935.71ms | tok/sec: 22323.72
step  4767 | loss: 3.668085 | lr 3.6341e-04 | norm: 0.4461 | dt: 2941.31ms | tok/sec: 22281.21
step  4768 | loss: 3.586213 | lr 3.6332e-04 | norm: 0.4759 | dt: 2939.44ms | tok/sec: 22295.42
step  4769 | loss: 3.744245 | lr 3.6323e-04 | norm: 0.4686 | dt: 2941.85ms | tok/sec: 22277.15
step  4770 | loss: 3.570319 | lr 3.6315e-04 | norm: 0.4386 | dt: 2947.77ms | tok/sec: 22232.39
step  4771 | loss: 3.708784 | lr 3.6306e-04 | norm: 0.5195 | dt: 2941.89ms | tok/sec: 22276.84
step  4772 | loss: 3.585728 | lr 3.6297e-04 | norm: 0.4077 | dt: 2946.13ms | tok/sec: 22244.75
step  4773 | loss: 3.642061 | lr 3.6289e-04 | norm: 0.4926 | dt: 2974.59ms | tok/sec: 22031.93
step  4774 | loss: 3.621724 | lr 3.6280e-04 | norm: 0.4397 | dt: 2948.97ms | tok/sec: 22223.33
step  4775 | loss: 3.721375 | lr 3.6271e-04 | norm: 0.4225 | dt: 2950.13ms | tok/sec: 22214.59
step  4776 | loss: 3.572495 | lr 3.6263e-04 | norm: 0.4043 | dt: 2950.45ms | tok/sec: 22212.23
step  4777 | loss: 3.841145 | lr 3.6254e-04 | norm: 0.4617 | dt: 2938.42ms | tok/sec: 22303.14
step  4778 | loss: 3.724310 | lr 3.6245e-04 | norm: 0.4791 | dt: 2945.68ms | tok/sec: 22248.16
step  4779 | loss: 3.584737 | lr 3.6236e-04 | norm: 0.4338 | dt: 2935.83ms | tok/sec: 22322.84
step  4780 | loss: 3.624691 | lr 3.6228e-04 | norm: 0.4410 | dt: 2944.32ms | tok/sec: 22258.43
step  4781 | loss: 3.742439 | lr 3.6219e-04 | norm: 0.5021 | dt: 2939.04ms | tok/sec: 22298.42
step  4782 | loss: 3.768663 | lr 3.6210e-04 | norm: 0.4728 | dt: 2942.76ms | tok/sec: 22270.22
step  4783 | loss: 3.682003 | lr 3.6202e-04 | norm: 0.4736 | dt: 2936.62ms | tok/sec: 22316.80
step  4784 | loss: 3.828184 | lr 3.6193e-04 | norm: 0.4924 | dt: 2981.93ms | tok/sec: 21977.75
step  4785 | loss: 3.704035 | lr 3.6184e-04 | norm: 0.4620 | dt: 2936.44ms | tok/sec: 22318.18
step  4786 | loss: 3.803202 | lr 3.6176e-04 | norm: 0.5696 | dt: 2936.15ms | tok/sec: 22320.40
step  4787 | loss: 3.759546 | lr 3.6167e-04 | norm: 0.5302 | dt: 2942.02ms | tok/sec: 22275.82
step  4788 | loss: 3.637005 | lr 3.6158e-04 | norm: 0.4525 | dt: 2947.23ms | tok/sec: 22236.46
step  4789 | loss: 3.734375 | lr 3.6150e-04 | norm: 0.4430 | dt: 2940.65ms | tok/sec: 22286.26
step  4790 | loss: 3.666771 | lr 3.6141e-04 | norm: 0.5135 | dt: 2945.97ms | tok/sec: 22245.97
step  4791 | loss: 3.610485 | lr 3.6132e-04 | norm: 0.4627 | dt: 2937.73ms | tok/sec: 22308.35
step  4792 | loss: 3.645689 | lr 3.6124e-04 | norm: 0.4357 | dt: 2931.21ms | tok/sec: 22358.00
step  4793 | loss: 3.701652 | lr 3.6115e-04 | norm: 0.4224 | dt: 2965.22ms | tok/sec: 22101.60
step  4794 | loss: 3.670026 | lr 3.6106e-04 | norm: 0.4579 | dt: 2970.02ms | tok/sec: 22065.81
step  4795 | loss: 3.612852 | lr 3.6098e-04 | norm: 0.4150 | dt: 2943.33ms | tok/sec: 22265.94
step  4796 | loss: 3.660955 | lr 3.6089e-04 | norm: 0.4577 | dt: 2950.08ms | tok/sec: 22214.97
step  4797 | loss: 3.721753 | lr 3.6080e-04 | norm: 0.5370 | dt: 2942.92ms | tok/sec: 22269.06
step  4798 | loss: 3.723987 | lr 3.6071e-04 | norm: 0.4606 | dt: 2944.31ms | tok/sec: 22258.50
step  4799 | loss: 3.616876 | lr 3.6063e-04 | norm: 0.4621 | dt: 2942.57ms | tok/sec: 22271.69
step  4800 | loss: 3.707537 | lr 3.6054e-04 | norm: 0.4536 | dt: 2937.60ms | tok/sec: 22309.35
step  4801 | loss: 3.587218 | lr 3.6045e-04 | norm: 0.4344 | dt: 2946.49ms | tok/sec: 22242.09
step  4802 | loss: 3.765822 | lr 3.6037e-04 | norm: 0.4492 | dt: 2934.82ms | tok/sec: 22330.52
step  4803 | loss: 3.716212 | lr 3.6028e-04 | norm: 0.4172 | dt: 2948.52ms | tok/sec: 22226.76
step  4804 | loss: 3.595414 | lr 3.6019e-04 | norm: 0.4294 | dt: 2978.19ms | tok/sec: 22005.29
step  4805 | loss: 3.769788 | lr 3.6011e-04 | norm: 0.4997 | dt: 2938.39ms | tok/sec: 22303.40
step  4806 | loss: 3.528353 | lr 3.6002e-04 | norm: 0.5142 | dt: 2949.20ms | tok/sec: 22221.63
step  4807 | loss: 3.608591 | lr 3.5993e-04 | norm: 0.5911 | dt: 2948.10ms | tok/sec: 22229.93
step  4808 | loss: 3.586699 | lr 3.5985e-04 | norm: 0.4322 | dt: 2940.06ms | tok/sec: 22290.70
step  4809 | loss: 3.612054 | lr 3.5976e-04 | norm: 0.4270 | dt: 2954.49ms | tok/sec: 22181.80
step  4810 | loss: 3.611332 | lr 3.5967e-04 | norm: 0.4545 | dt: 2944.28ms | tok/sec: 22258.73
step  4811 | loss: 3.759279 | lr 3.5958e-04 | norm: 0.4395 | dt: 2970.99ms | tok/sec: 22058.67
step  4812 | loss: 3.730052 | lr 3.5950e-04 | norm: 0.4446 | dt: 2937.15ms | tok/sec: 22312.79
step  4813 | loss: 3.541694 | lr 3.5941e-04 | norm: 0.4708 | dt: 2946.57ms | tok/sec: 22241.42
step  4814 | loss: 3.597767 | lr 3.5932e-04 | norm: 0.4308 | dt: 2965.93ms | tok/sec: 22096.25
step  4815 | loss: 3.631261 | lr 3.5924e-04 | norm: 0.4332 | dt: 2944.97ms | tok/sec: 22253.54
step  4816 | loss: 3.622246 | lr 3.5915e-04 | norm: 0.4907 | dt: 2944.75ms | tok/sec: 22255.17
step  4817 | loss: 3.708349 | lr 3.5906e-04 | norm: 0.4493 | dt: 2947.85ms | tok/sec: 22231.83
step  4818 | loss: 3.710152 | lr 3.5898e-04 | norm: 0.4318 | dt: 2946.65ms | tok/sec: 22240.82
step  4819 | loss: 3.587502 | lr 3.5889e-04 | norm: 0.4252 | dt: 2953.13ms | tok/sec: 22192.06
step  4820 | loss: 3.593099 | lr 3.5880e-04 | norm: 0.4427 | dt: 2941.35ms | tok/sec: 22280.91
step  4821 | loss: 3.599660 | lr 3.5872e-04 | norm: 0.4244 | dt: 2941.64ms | tok/sec: 22278.74
step  4822 | loss: 3.686653 | lr 3.5863e-04 | norm: 0.4331 | dt: 2939.78ms | tok/sec: 22292.83
step  4823 | loss: 3.798195 | lr 3.5854e-04 | norm: 0.6415 | dt: 2937.30ms | tok/sec: 22311.63
step  4824 | loss: 3.670889 | lr 3.5845e-04 | norm: 0.5070 | dt: 2944.68ms | tok/sec: 22255.73
step  4825 | loss: 3.710702 | lr 3.5837e-04 | norm: 0.4999 | dt: 2971.37ms | tok/sec: 22055.84
step  4826 | loss: 3.742973 | lr 3.5828e-04 | norm: 0.4916 | dt: 2935.34ms | tok/sec: 22326.51
step  4827 | loss: 3.753145 | lr 3.5819e-04 | norm: 0.5458 | dt: 2939.81ms | tok/sec: 22292.61
step  4828 | loss: 3.603359 | lr 3.5811e-04 | norm: 0.5296 | dt: 2955.45ms | tok/sec: 22174.60
step  4829 | loss: 3.751630 | lr 3.5802e-04 | norm: 0.4719 | dt: 2947.62ms | tok/sec: 22233.56
step  4830 | loss: 3.802942 | lr 3.5793e-04 | norm: 0.5555 | dt: 2945.57ms | tok/sec: 22248.98
step  4831 | loss: 3.821359 | lr 3.5785e-04 | norm: 0.4472 | dt: 2936.47ms | tok/sec: 22317.95
step  4832 | loss: 3.790410 | lr 3.5776e-04 | norm: 0.5101 | dt: 2938.71ms | tok/sec: 22300.97
step  4833 | loss: 3.739792 | lr 3.5767e-04 | norm: 0.4732 | dt: 2947.48ms | tok/sec: 22234.56
step  4834 | loss: 3.801889 | lr 3.5758e-04 | norm: 0.5602 | dt: 2965.86ms | tok/sec: 22096.78
step  4835 | loss: 3.804337 | lr 3.5750e-04 | norm: 0.4932 | dt: 2953.93ms | tok/sec: 22186.00
step  4836 | loss: 3.952086 | lr 3.5741e-04 | norm: 0.5292 | dt: 2946.20ms | tok/sec: 22244.24
step  4837 | loss: 3.690401 | lr 3.5732e-04 | norm: 0.5181 | dt: 2946.26ms | tok/sec: 22243.81
step  4838 | loss: 3.895411 | lr 3.5724e-04 | norm: 0.5038 | dt: 2946.48ms | tok/sec: 22242.13
step  4839 | loss: 3.699227 | lr 3.5715e-04 | norm: 0.5872 | dt: 2944.37ms | tok/sec: 22258.09
step  4840 | loss: 3.804462 | lr 3.5706e-04 | norm: 0.4939 | dt: 2944.09ms | tok/sec: 22260.21
step  4841 | loss: 3.794563 | lr 3.5698e-04 | norm: 0.5088 | dt: 2943.64ms | tok/sec: 22263.57
step  4842 | loss: 3.724139 | lr 3.5689e-04 | norm: 0.4461 | dt: 2943.18ms | tok/sec: 22267.04
step  4843 | loss: 3.915927 | lr 3.5680e-04 | norm: 0.5089 | dt: 2945.72ms | tok/sec: 22247.88
step  4844 | loss: 3.827730 | lr 3.5671e-04 | norm: 0.4881 | dt: 2948.61ms | tok/sec: 22226.09
step  4845 | loss: 3.819269 | lr 3.5663e-04 | norm: 0.5301 | dt: 2973.47ms | tok/sec: 22040.23
step  4846 | loss: 4.011127 | lr 3.5654e-04 | norm: 0.4926 | dt: 2940.58ms | tok/sec: 22286.74
step  4847 | loss: 3.908262 | lr 3.5645e-04 | norm: 0.5729 | dt: 2932.11ms | tok/sec: 22351.11
step  4848 | loss: 3.780080 | lr 3.5637e-04 | norm: 0.5421 | dt: 2937.26ms | tok/sec: 22311.96
step  4849 | loss: 3.832745 | lr 3.5628e-04 | norm: 0.4719 | dt: 2950.72ms | tok/sec: 22210.20
step  4850 | loss: 3.731406 | lr 3.5619e-04 | norm: 0.5259 | dt: 2938.53ms | tok/sec: 22302.33
step  4851 | loss: 3.778186 | lr 3.5611e-04 | norm: 0.5374 | dt: 2945.20ms | tok/sec: 22251.77
step  4852 | loss: 3.618645 | lr 3.5602e-04 | norm: 0.5942 | dt: 2946.06ms | tok/sec: 22245.33
step  4853 | loss: 3.843908 | lr 3.5593e-04 | norm: 0.4990 | dt: 2941.38ms | tok/sec: 22280.70
step  4854 | loss: 3.943008 | lr 3.5584e-04 | norm: 0.4721 | dt: 2968.47ms | tok/sec: 22077.39
step  4855 | loss: 3.956953 | lr 3.5576e-04 | norm: 0.4637 | dt: 2971.09ms | tok/sec: 22057.92
step  4856 | loss: 3.790535 | lr 3.5567e-04 | norm: 0.4724 | dt: 2942.03ms | tok/sec: 22275.74
step  4857 | loss: 3.880488 | lr 3.5558e-04 | norm: 0.4650 | dt: 2946.81ms | tok/sec: 22239.64
step  4858 | loss: 3.820030 | lr 3.5550e-04 | norm: 0.4922 | dt: 2944.94ms | tok/sec: 22253.78
step  4859 | loss: 3.748070 | lr 3.5541e-04 | norm: 0.4644 | dt: 2951.63ms | tok/sec: 22203.33
step  4860 | loss: 3.741645 | lr 3.5532e-04 | norm: 0.4316 | dt: 2939.00ms | tok/sec: 22298.72
step  4861 | loss: 3.909372 | lr 3.5524e-04 | norm: 0.4898 | dt: 2951.41ms | tok/sec: 22204.98
step  4862 | loss: 3.718514 | lr 3.5515e-04 | norm: 0.4056 | dt: 2939.29ms | tok/sec: 22296.55
step  4863 | loss: 3.950119 | lr 3.5506e-04 | norm: 0.4934 | dt: 2940.65ms | tok/sec: 22286.20
step  4864 | loss: 3.680182 | lr 3.5497e-04 | norm: 0.4832 | dt: 2942.84ms | tok/sec: 22269.68
step  4865 | loss: 3.726247 | lr 3.5489e-04 | norm: 0.4146 | dt: 2984.23ms | tok/sec: 21960.79
step  4866 | loss: 3.794457 | lr 3.5480e-04 | norm: 0.4291 | dt: 2939.26ms | tok/sec: 22296.77
step  4867 | loss: 3.800859 | lr 3.5471e-04 | norm: 0.4450 | dt: 2941.38ms | tok/sec: 22280.70
step  4868 | loss: 3.861176 | lr 3.5463e-04 | norm: 0.4478 | dt: 2934.38ms | tok/sec: 22333.85
step  4869 | loss: 3.818021 | lr 3.5454e-04 | norm: 0.4591 | dt: 2938.16ms | tok/sec: 22305.14
step  4870 | loss: 3.918194 | lr 3.5445e-04 | norm: 0.5325 | dt: 2944.68ms | tok/sec: 22255.71
step  4871 | loss: 3.853271 | lr 3.5436e-04 | norm: 0.4548 | dt: 2954.64ms | tok/sec: 22180.73
step  4872 | loss: 3.725458 | lr 3.5428e-04 | norm: 0.5512 | dt: 2953.55ms | tok/sec: 22188.87
step  4873 | loss: 3.852147 | lr 3.5419e-04 | norm: 0.4591 | dt: 2945.17ms | tok/sec: 22252.02
step  4874 | loss: 3.743954 | lr 3.5410e-04 | norm: 0.4650 | dt: 2941.32ms | tok/sec: 22281.15
step  4875 | loss: 3.683830 | lr 3.5402e-04 | norm: 0.4828 | dt: 2980.47ms | tok/sec: 21988.49
step  4876 | loss: 3.748505 | lr 3.5393e-04 | norm: 0.4391 | dt: 2944.94ms | tok/sec: 22253.74
step  4877 | loss: 3.761443 | lr 3.5384e-04 | norm: 0.4935 | dt: 2939.66ms | tok/sec: 22293.76
step  4878 | loss: 3.953511 | lr 3.5375e-04 | norm: 0.4657 | dt: 2937.78ms | tok/sec: 22308.00
step  4879 | loss: 3.711043 | lr 3.5367e-04 | norm: 0.5173 | dt: 2945.35ms | tok/sec: 22250.70
step  4880 | loss: 3.752512 | lr 3.5358e-04 | norm: 0.6203 | dt: 2947.74ms | tok/sec: 22232.62
step  4881 | loss: 3.793279 | lr 3.5349e-04 | norm: 0.8976 | dt: 2938.30ms | tok/sec: 22304.06
step  4882 | loss: 3.780999 | lr 3.5341e-04 | norm: 0.6676 | dt: 2944.49ms | tok/sec: 22257.17
step  4883 | loss: 3.722992 | lr 3.5332e-04 | norm: 0.6025 | dt: 2938.76ms | tok/sec: 22300.54
step  4884 | loss: 3.762501 | lr 3.5323e-04 | norm: 0.5294 | dt: 2949.30ms | tok/sec: 22220.90
step  4885 | loss: 3.756201 | lr 3.5314e-04 | norm: 0.5422 | dt: 2942.28ms | tok/sec: 22273.88
step  4886 | loss: 3.846756 | lr 3.5306e-04 | norm: 0.5017 | dt: 2969.79ms | tok/sec: 22067.52
step  4887 | loss: 3.909459 | lr 3.5297e-04 | norm: 0.4971 | dt: 2944.93ms | tok/sec: 22253.81
step  4888 | loss: 3.796879 | lr 3.5288e-04 | norm: 0.4540 | dt: 2934.10ms | tok/sec: 22335.99
step  4889 | loss: 3.735816 | lr 3.5280e-04 | norm: 0.5374 | dt: 2940.97ms | tok/sec: 22283.80
step  4890 | loss: 3.719765 | lr 3.5271e-04 | norm: 0.4703 | dt: 2932.32ms | tok/sec: 22349.57
step  4891 | loss: 3.779961 | lr 3.5262e-04 | norm: 0.4994 | dt: 2943.84ms | tok/sec: 22262.09
step  4892 | loss: 3.986772 | lr 3.5253e-04 | norm: 0.5797 | dt: 2950.25ms | tok/sec: 22213.73
step  4893 | loss: 3.983180 | lr 3.5245e-04 | norm: 0.4900 | dt: 2937.27ms | tok/sec: 22311.84
step  4894 | loss: 3.922692 | lr 3.5236e-04 | norm: 0.5719 | dt: 2942.87ms | tok/sec: 22269.44
step  4895 | loss: 3.785269 | lr 3.5227e-04 | norm: 0.4865 | dt: 2963.47ms | tok/sec: 22114.64
step  4896 | loss: 3.874088 | lr 3.5219e-04 | norm: 0.5072 | dt: 2955.18ms | tok/sec: 22176.68
step  4897 | loss: 3.745958 | lr 3.5210e-04 | norm: 0.4393 | dt: 2927.28ms | tok/sec: 22388.02
step  4898 | loss: 3.877734 | lr 3.5201e-04 | norm: 0.4721 | dt: 2936.94ms | tok/sec: 22314.39
step  4899 | loss: 3.702170 | lr 3.5192e-04 | norm: 0.5035 | dt: 2938.95ms | tok/sec: 22299.13
step  4900 | loss: 3.757168 | lr 3.5184e-04 | norm: 0.4708 | dt: 2940.98ms | tok/sec: 22283.70
step  4901 | loss: 3.727580 | lr 3.5175e-04 | norm: 0.4399 | dt: 2939.41ms | tok/sec: 22295.63
step  4902 | loss: 3.860577 | lr 3.5166e-04 | norm: 0.4821 | dt: 2944.70ms | tok/sec: 22255.57
step  4903 | loss: 3.911779 | lr 3.5158e-04 | norm: 0.5397 | dt: 2940.86ms | tok/sec: 22284.62
step  4904 | loss: 3.628106 | lr 3.5149e-04 | norm: 0.5175 | dt: 2948.16ms | tok/sec: 22229.45
step  4905 | loss: 3.720203 | lr 3.5140e-04 | norm: 0.5506 | dt: 2936.76ms | tok/sec: 22315.76
step  4906 | loss: 3.714806 | lr 3.5131e-04 | norm: 0.4574 | dt: 2981.35ms | tok/sec: 21981.97
step  4907 | loss: 3.767248 | lr 3.5123e-04 | norm: 0.4400 | dt: 3162.05ms | tok/sec: 20725.80
step  4908 | loss: 3.753024 | lr 3.5114e-04 | norm: 0.4970 | dt: 2937.86ms | tok/sec: 22307.39
step  4909 | loss: 3.651550 | lr 3.5105e-04 | norm: 0.4648 | dt: 2932.13ms | tok/sec: 22351.01
step  4910 | loss: 3.856010 | lr 3.5097e-04 | norm: 0.5180 | dt: 2942.25ms | tok/sec: 22274.12
step  4911 | loss: 3.755765 | lr 3.5088e-04 | norm: 0.4360 | dt: 2943.15ms | tok/sec: 22267.27
step  4912 | loss: 3.830583 | lr 3.5079e-04 | norm: 0.4824 | dt: 2939.54ms | tok/sec: 22294.64
step  4913 | loss: 3.824762 | lr 3.5070e-04 | norm: 0.4522 | dt: 2934.93ms | tok/sec: 22329.70
step  4914 | loss: 3.975414 | lr 3.5062e-04 | norm: 0.4893 | dt: 2968.01ms | tok/sec: 22080.80
step  4915 | loss: 3.932291 | lr 3.5053e-04 | norm: 0.5342 | dt: 2962.37ms | tok/sec: 22122.85
step  4916 | loss: 3.622077 | lr 3.5044e-04 | norm: 0.4754 | dt: 2944.03ms | tok/sec: 22260.66
step  4917 | loss: 3.703104 | lr 3.5036e-04 | norm: 0.4375 | dt: 2951.58ms | tok/sec: 22203.68
step  4918 | loss: 3.760620 | lr 3.5027e-04 | norm: 0.5174 | dt: 2939.04ms | tok/sec: 22298.45
step  4919 | loss: 3.779856 | lr 3.5018e-04 | norm: 0.4187 | dt: 2927.46ms | tok/sec: 22386.61
step  4920 | loss: 3.873559 | lr 3.5009e-04 | norm: 0.4589 | dt: 2944.32ms | tok/sec: 22258.46
step  4921 | loss: 3.889616 | lr 3.5001e-04 | norm: 0.6821 | dt: 2936.13ms | tok/sec: 22320.51
step  4922 | loss: 3.830396 | lr 3.4992e-04 | norm: 0.4704 | dt: 2935.93ms | tok/sec: 22322.07
step  4923 | loss: 3.741369 | lr 3.4983e-04 | norm: 0.4873 | dt: 2931.95ms | tok/sec: 22352.34
step  4924 | loss: 3.904070 | lr 3.4975e-04 | norm: 0.5208 | dt: 2944.69ms | tok/sec: 22255.64
step  4925 | loss: 3.840747 | lr 3.4966e-04 | norm: 0.5420 | dt: 2966.68ms | tok/sec: 22090.65
step  4926 | loss: 3.789006 | lr 3.4957e-04 | norm: 0.4629 | dt: 2941.81ms | tok/sec: 22277.45
step  4927 | loss: 3.952576 | lr 3.4948e-04 | norm: 0.5017 | dt: 2935.55ms | tok/sec: 22324.95
step  4928 | loss: 3.776843 | lr 3.4940e-04 | norm: 0.4433 | dt: 2945.94ms | tok/sec: 22246.24
step  4929 | loss: 3.834920 | lr 3.4931e-04 | norm: 0.4901 | dt: 2937.50ms | tok/sec: 22310.15
step  4930 | loss: 3.751144 | lr 3.4922e-04 | norm: 0.4550 | dt: 2932.62ms | tok/sec: 22347.23
step  4931 | loss: 3.780246 | lr 3.4913e-04 | norm: 0.4516 | dt: 2952.50ms | tok/sec: 22196.78
step  4932 | loss: 3.961903 | lr 3.4905e-04 | norm: 0.4555 | dt: 2945.73ms | tok/sec: 22247.81
step  4933 | loss: 3.804826 | lr 3.4896e-04 | norm: 0.4669 | dt: 2947.23ms | tok/sec: 22236.49
step  4934 | loss: 3.759505 | lr 3.4887e-04 | norm: 0.4570 | dt: 2950.63ms | tok/sec: 22210.87
step  4935 | loss: 3.778579 | lr 3.4879e-04 | norm: 0.4073 | dt: 2972.83ms | tok/sec: 22045.00
step  4936 | loss: 3.864542 | lr 3.4870e-04 | norm: 0.4702 | dt: 2945.93ms | tok/sec: 22246.31
step  4937 | loss: 3.826748 | lr 3.4861e-04 | norm: 0.4412 | dt: 2951.64ms | tok/sec: 22203.21
step  4938 | loss: 3.864334 | lr 3.4852e-04 | norm: 0.4878 | dt: 2945.27ms | tok/sec: 22251.30
step  4939 | loss: 4.049475 | lr 3.4844e-04 | norm: 0.4841 | dt: 2948.07ms | tok/sec: 22230.11
step  4940 | loss: 3.692934 | lr 3.4835e-04 | norm: 0.4336 | dt: 2942.94ms | tok/sec: 22268.88
step  4941 | loss: 3.757078 | lr 3.4826e-04 | norm: 0.4257 | dt: 2940.01ms | tok/sec: 22291.09
step  4942 | loss: 3.771887 | lr 3.4818e-04 | norm: 0.4626 | dt: 2944.19ms | tok/sec: 22259.47
step  4943 | loss: 3.738504 | lr 3.4809e-04 | norm: 0.4513 | dt: 2946.69ms | tok/sec: 22240.53
step  4944 | loss: 3.858654 | lr 3.4800e-04 | norm: 0.5106 | dt: 2952.49ms | tok/sec: 22196.85
step  4945 | loss: 3.813754 | lr 3.4791e-04 | norm: 0.4586 | dt: 2977.82ms | tok/sec: 22008.02
step  4946 | loss: 3.713912 | lr 3.4783e-04 | norm: 0.4350 | dt: 2941.63ms | tok/sec: 22278.83
step  4947 | loss: 3.764428 | lr 3.4774e-04 | norm: 0.4448 | dt: 2938.76ms | tok/sec: 22300.54
step  4948 | loss: 3.748632 | lr 3.4765e-04 | norm: 0.4367 | dt: 2940.06ms | tok/sec: 22290.68
step  4949 | loss: 3.713061 | lr 3.4756e-04 | norm: 0.4734 | dt: 2951.16ms | tok/sec: 22206.87
step  4950 | loss: 3.859850 | lr 3.4748e-04 | norm: 0.4531 | dt: 2950.56ms | tok/sec: 22211.38
step  4951 | loss: 3.748732 | lr 3.4739e-04 | norm: 0.4466 | dt: 2944.61ms | tok/sec: 22256.22
step  4952 | loss: 3.680632 | lr 3.4730e-04 | norm: 0.5269 | dt: 2951.96ms | tok/sec: 22200.85
step  4953 | loss: 3.808373 | lr 3.4722e-04 | norm: 0.4606 | dt: 2949.94ms | tok/sec: 22216.07
step  4954 | loss: 3.697148 | lr 3.4713e-04 | norm: 0.4853 | dt: 2938.30ms | tok/sec: 22304.08
step  4955 | loss: 3.831481 | lr 3.4704e-04 | norm: 0.4386 | dt: 2966.39ms | tok/sec: 22092.85
step  4956 | loss: 3.733476 | lr 3.4695e-04 | norm: 0.4645 | dt: 2978.07ms | tok/sec: 22006.17
step  4957 | loss: 3.729548 | lr 3.4687e-04 | norm: 0.4819 | dt: 2948.04ms | tok/sec: 22230.38
step  4958 | loss: 3.764798 | lr 3.4678e-04 | norm: 0.4424 | dt: 2948.02ms | tok/sec: 22230.52
step  4959 | loss: 3.706532 | lr 3.4669e-04 | norm: 0.4651 | dt: 2935.86ms | tok/sec: 22322.58
step  4960 | loss: 3.772137 | lr 3.4660e-04 | norm: 0.4777 | dt: 2943.72ms | tok/sec: 22263.01
step  4961 | loss: 3.845444 | lr 3.4652e-04 | norm: 0.5041 | dt: 2939.85ms | tok/sec: 22292.26
step  4962 | loss: 3.709666 | lr 3.4643e-04 | norm: 0.4914 | dt: 2939.76ms | tok/sec: 22292.98
step  4963 | loss: 3.734055 | lr 3.4634e-04 | norm: 0.4887 | dt: 2941.96ms | tok/sec: 22276.33
step  4964 | loss: 3.967878 | lr 3.4626e-04 | norm: 0.5211 | dt: 2938.23ms | tok/sec: 22304.61
step  4965 | loss: 3.862323 | lr 3.4617e-04 | norm: 0.4476 | dt: 2939.48ms | tok/sec: 22295.12
step  4966 | loss: 3.778858 | lr 3.4608e-04 | norm: 0.5074 | dt: 2971.60ms | tok/sec: 22054.11
step  4967 | loss: 3.817285 | lr 3.4599e-04 | norm: 0.5388 | dt: 2950.95ms | tok/sec: 22208.43
step  4968 | loss: 3.823065 | lr 3.4591e-04 | norm: 0.4485 | dt: 2937.13ms | tok/sec: 22312.94
step  4969 | loss: 3.831480 | lr 3.4582e-04 | norm: 0.6018 | dt: 2945.97ms | tok/sec: 22246.00
step  4970 | loss: 3.738979 | lr 3.4573e-04 | norm: 0.4746 | dt: 2942.41ms | tok/sec: 22272.89
step  4971 | loss: 3.706364 | lr 3.4564e-04 | norm: 0.4553 | dt: 2936.46ms | tok/sec: 22318.06
step  4972 | loss: 3.669875 | lr 3.4556e-04 | norm: 0.4544 | dt: 2939.73ms | tok/sec: 22293.22
step  4973 | loss: 3.812783 | lr 3.4547e-04 | norm: 0.4562 | dt: 2943.16ms | tok/sec: 22267.23
step  4974 | loss: 3.763365 | lr 3.4538e-04 | norm: 0.4781 | dt: 2941.72ms | tok/sec: 22278.15
step  4975 | loss: 3.870437 | lr 3.4529e-04 | norm: 0.4583 | dt: 2941.53ms | tok/sec: 22279.56
step  4976 | loss: 3.714723 | lr 3.4521e-04 | norm: 0.4623 | dt: 2962.70ms | tok/sec: 22120.36
step  4977 | loss: 3.851869 | lr 3.4512e-04 | norm: 0.4570 | dt: 2938.44ms | tok/sec: 22303.02
step  4978 | loss: 3.794688 | lr 3.4503e-04 | norm: 0.4293 | dt: 2936.30ms | tok/sec: 22319.28
step  4979 | loss: 3.752935 | lr 3.4495e-04 | norm: 0.4563 | dt: 2952.56ms | tok/sec: 22196.32
step  4980 | loss: 3.746196 | lr 3.4486e-04 | norm: 0.4677 | dt: 2950.59ms | tok/sec: 22211.16
step  4981 | loss: 3.734475 | lr 3.4477e-04 | norm: 0.4803 | dt: 2936.69ms | tok/sec: 22316.25
step  4982 | loss: 3.819497 | lr 3.4468e-04 | norm: 0.4508 | dt: 2951.85ms | tok/sec: 22201.66
step  4983 | loss: 3.986093 | lr 3.4460e-04 | norm: 0.4430 | dt: 2945.47ms | tok/sec: 22249.79
step  4984 | loss: 3.875919 | lr 3.4451e-04 | norm: 0.4712 | dt: 2942.36ms | tok/sec: 22273.30
step  4985 | loss: 3.804460 | lr 3.4442e-04 | norm: 0.4642 | dt: 2941.61ms | tok/sec: 22278.98
step  4986 | loss: 3.754184 | lr 3.4433e-04 | norm: 0.4332 | dt: 2986.17ms | tok/sec: 21946.52
step  4987 | loss: 3.852075 | lr 3.4425e-04 | norm: 0.4499 | dt: 2940.45ms | tok/sec: 22287.75
step  4988 | loss: 3.707197 | lr 3.4416e-04 | norm: 0.4942 | dt: 2939.97ms | tok/sec: 22291.39
step  4989 | loss: 3.870397 | lr 3.4407e-04 | norm: 0.4355 | dt: 2944.49ms | tok/sec: 22257.17
step  4990 | loss: 3.708662 | lr 3.4399e-04 | norm: 0.4784 | dt: 2952.93ms | tok/sec: 22193.56
step  4991 | loss: 3.791660 | lr 3.4390e-04 | norm: 0.4654 | dt: 2944.43ms | tok/sec: 22257.58
step  4992 | loss: 3.775426 | lr 3.4381e-04 | norm: 0.4886 | dt: 2942.89ms | tok/sec: 22269.24
step  4993 | loss: 3.686200 | lr 3.4372e-04 | norm: 0.4754 | dt: 2943.36ms | tok/sec: 22265.69
step  4994 | loss: 3.781884 | lr 3.4364e-04 | norm: 0.4416 | dt: 2949.69ms | tok/sec: 22217.94
step  4995 | loss: 3.827288 | lr 3.4355e-04 | norm: 0.4999 | dt: 2950.62ms | tok/sec: 22210.91
step  4996 | loss: 3.839417 | lr 3.4346e-04 | norm: 0.5060 | dt: 2978.42ms | tok/sec: 22003.60
step  4997 | loss: 3.766787 | lr 3.4337e-04 | norm: 0.4671 | dt: 2944.91ms | tok/sec: 22254.01
step  4998 | loss: 3.738753 | lr 3.4329e-04 | norm: 0.4581 | dt: 2940.73ms | tok/sec: 22285.59
step  4999 | loss: 3.773445 | lr 3.4320e-04 | norm: 0.4808 | dt: 2946.66ms | tok/sec: 22240.78
validation loss: 3.7399
HellaSwag accuracy: 2613/10042=0.2602
rank 0 sample 0: Hello, I'm a language model, and I don't want to go anywhere at the time. I was unable to get to that in a lot of languages
rank 0 sample 1: Hello, I'm a language model, but they are not all well. Even if they all run in this pattern, I would argue with respect to the kind
rank 0 sample 2: Hello, I'm a language model, but I wanted to build in to it. If you want my own language, I'll need to set up my basic
rank 0 sample 3: Hello, I'm a language model, but one of the most basic programming languages, built in the IK software. What if anyone can access the language's
step  5000 | loss: 3.733669 | lr 3.4311e-04 | norm: 0.4350 | dt: 106333.26ms | tok/sec: 616.33
step  5001 | loss: 3.733032 | lr 3.4302e-04 | norm: 0.4835 | dt: 2956.54ms | tok/sec: 22166.43
step  5002 | loss: 3.639531 | lr 3.4294e-04 | norm: 0.4991 | dt: 2964.90ms | tok/sec: 22103.92
step  5003 | loss: 3.717110 | lr 3.4285e-04 | norm: 0.4741 | dt: 2943.65ms | tok/sec: 22263.52
step  5004 | loss: 3.852667 | lr 3.4276e-04 | norm: 0.4708 | dt: 2943.21ms | tok/sec: 22266.87
step  5005 | loss: 3.803267 | lr 3.4268e-04 | norm: 0.5107 | dt: 2932.44ms | tok/sec: 22348.61
step  5006 | loss: 3.766780 | lr 3.4259e-04 | norm: 0.5235 | dt: 2941.71ms | tok/sec: 22278.21
step  5007 | loss: 3.736686 | lr 3.4250e-04 | norm: 0.4617 | dt: 2949.43ms | tok/sec: 22219.86
step  5008 | loss: 3.704955 | lr 3.4241e-04 | norm: 0.4408 | dt: 2942.95ms | tok/sec: 22268.78
step  5009 | loss: 3.846497 | lr 3.4233e-04 | norm: 0.5236 | dt: 2942.68ms | tok/sec: 22270.87
step  5010 | loss: 3.879910 | lr 3.4224e-04 | norm: 0.4948 | dt: 2939.31ms | tok/sec: 22296.36
step  5011 | loss: 3.711618 | lr 3.4215e-04 | norm: 0.6560 | dt: 2944.37ms | tok/sec: 22258.04
step  5012 | loss: 3.805564 | lr 3.4206e-04 | norm: 0.4719 | dt: 2978.88ms | tok/sec: 22000.19
step  5013 | loss: 3.915037 | lr 3.4198e-04 | norm: 0.4539 | dt: 2944.40ms | tok/sec: 22257.86
step  5014 | loss: 3.788907 | lr 3.4189e-04 | norm: 0.5701 | dt: 2949.63ms | tok/sec: 22218.42
step  5015 | loss: 3.701004 | lr 3.4180e-04 | norm: 0.4907 | dt: 2943.92ms | tok/sec: 22261.50
step  5016 | loss: 3.722964 | lr 3.4171e-04 | norm: 0.5144 | dt: 2937.65ms | tok/sec: 22309.02
step  5017 | loss: 3.717797 | lr 3.4163e-04 | norm: 0.4656 | dt: 2943.05ms | tok/sec: 22268.07
step  5018 | loss: 3.675255 | lr 3.4154e-04 | norm: 0.4544 | dt: 2938.79ms | tok/sec: 22300.37
step  5019 | loss: 3.714881 | lr 3.4145e-04 | norm: 0.4600 | dt: 2936.72ms | tok/sec: 22316.05
step  5020 | loss: 3.855239 | lr 3.4136e-04 | norm: 0.4631 | dt: 2944.31ms | tok/sec: 22258.54
step  5021 | loss: 3.732922 | lr 3.4128e-04 | norm: 0.4731 | dt: 2939.99ms | tok/sec: 22291.24
step  5022 | loss: 3.710391 | lr 3.4119e-04 | norm: 0.4342 | dt: 2986.12ms | tok/sec: 21946.87
step  5023 | loss: 3.760980 | lr 3.4110e-04 | norm: 0.4355 | dt: 2947.69ms | tok/sec: 22233.00
step  5024 | loss: 3.756635 | lr 3.4102e-04 | norm: 0.4636 | dt: 2930.85ms | tok/sec: 22360.75
step  5025 | loss: 3.727932 | lr 3.4093e-04 | norm: 0.4278 | dt: 2942.00ms | tok/sec: 22275.98
step  5026 | loss: 3.805497 | lr 3.4084e-04 | norm: 0.4675 | dt: 2934.30ms | tok/sec: 22334.43
step  5027 | loss: 3.784672 | lr 3.4075e-04 | norm: 0.4581 | dt: 2939.88ms | tok/sec: 22292.08
step  5028 | loss: 3.855509 | lr 3.4067e-04 | norm: 0.5058 | dt: 2947.30ms | tok/sec: 22235.97
step  5029 | loss: 3.760658 | lr 3.4058e-04 | norm: 0.4853 | dt: 2950.27ms | tok/sec: 22213.56
step  5030 | loss: 3.745248 | lr 3.4049e-04 | norm: 0.4345 | dt: 2945.07ms | tok/sec: 22252.81
step  5031 | loss: 3.761229 | lr 3.4040e-04 | norm: 0.4965 | dt: 2938.73ms | tok/sec: 22300.83
step  5032 | loss: 3.550029 | lr 3.4032e-04 | norm: 0.5028 | dt: 2934.68ms | tok/sec: 22331.54
step  5033 | loss: 3.740314 | lr 3.4023e-04 | norm: 0.4641 | dt: 2963.34ms | tok/sec: 22115.59
step  5034 | loss: 3.707336 | lr 3.4014e-04 | norm: 0.4491 | dt: 2939.42ms | tok/sec: 22295.56
step  5035 | loss: 3.706740 | lr 3.4005e-04 | norm: 0.4443 | dt: 2946.61ms | tok/sec: 22241.14
step  5036 | loss: 3.689579 | lr 3.3997e-04 | norm: 0.4642 | dt: 2946.85ms | tok/sec: 22239.36
step  5037 | loss: 3.628931 | lr 3.3988e-04 | norm: 0.5368 | dt: 2949.27ms | tok/sec: 22221.06
step  5038 | loss: 3.762122 | lr 3.3979e-04 | norm: 0.4649 | dt: 2942.55ms | tok/sec: 22271.86
step  5039 | loss: 3.838129 | lr 3.3970e-04 | norm: 0.4563 | dt: 2937.67ms | tok/sec: 22308.86
step  5040 | loss: 3.775741 | lr 3.3962e-04 | norm: 0.5144 | dt: 2948.32ms | tok/sec: 22228.27
step  5041 | loss: 3.794058 | lr 3.3953e-04 | norm: 0.4677 | dt: 2947.68ms | tok/sec: 22233.07
step  5042 | loss: 3.708633 | lr 3.3944e-04 | norm: 0.5115 | dt: 2961.91ms | tok/sec: 22126.24
step  5043 | loss: 3.679852 | lr 3.3935e-04 | norm: 0.4898 | dt: 2962.95ms | tok/sec: 22118.48
step  5044 | loss: 3.621518 | lr 3.3927e-04 | norm: 0.4942 | dt: 2955.90ms | tok/sec: 22171.22
step  5045 | loss: 4.030082 | lr 3.3918e-04 | norm: 0.5518 | dt: 2943.89ms | tok/sec: 22261.69
step  5046 | loss: 3.780970 | lr 3.3909e-04 | norm: 0.4740 | dt: 2944.73ms | tok/sec: 22255.33
step  5047 | loss: 3.703506 | lr 3.3901e-04 | norm: 0.5103 | dt: 2937.61ms | tok/sec: 22309.29
step  5048 | loss: 3.713800 | lr 3.3892e-04 | norm: 0.4504 | dt: 2949.27ms | tok/sec: 22221.11
step  5049 | loss: 3.753956 | lr 3.3883e-04 | norm: 0.4507 | dt: 2945.47ms | tok/sec: 22249.76
step  5050 | loss: 3.741415 | lr 3.3874e-04 | norm: 0.4612 | dt: 2949.72ms | tok/sec: 22217.68
step  5051 | loss: 3.682625 | lr 3.3866e-04 | norm: 0.4774 | dt: 2950.48ms | tok/sec: 22212.02
step  5052 | loss: 3.758598 | lr 3.3857e-04 | norm: 0.4742 | dt: 2951.41ms | tok/sec: 22204.97
step  5053 | loss: 3.881924 | lr 3.3848e-04 | norm: 0.4821 | dt: 2980.91ms | tok/sec: 21985.21
step  5054 | loss: 3.701302 | lr 3.3839e-04 | norm: 0.4696 | dt: 2952.09ms | tok/sec: 22199.88
step  5055 | loss: 3.797470 | lr 3.3831e-04 | norm: 0.4562 | dt: 2943.68ms | tok/sec: 22263.28
step  5056 | loss: 3.769909 | lr 3.3822e-04 | norm: 0.4415 | dt: 2946.89ms | tok/sec: 22239.04
step  5057 | loss: 3.783426 | lr 3.3813e-04 | norm: 0.4412 | dt: 2947.92ms | tok/sec: 22231.26
step  5058 | loss: 3.821432 | lr 3.3804e-04 | norm: 0.4273 | dt: 2948.62ms | tok/sec: 22225.97
step  5059 | loss: 3.721934 | lr 3.3796e-04 | norm: 0.4266 | dt: 2941.42ms | tok/sec: 22280.37
step  5060 | loss: 3.702045 | lr 3.3787e-04 | norm: 0.4295 | dt: 2941.26ms | tok/sec: 22281.58
step  5061 | loss: 3.749190 | lr 3.3778e-04 | norm: 0.4279 | dt: 2938.99ms | tok/sec: 22298.81
step  5062 | loss: 3.708111 | lr 3.3769e-04 | norm: 0.4331 | dt: 2957.12ms | tok/sec: 22162.13
step  5063 | loss: 3.663395 | lr 3.3761e-04 | norm: 0.4064 | dt: 2946.45ms | tok/sec: 22242.36
step  5064 | loss: 3.729101 | lr 3.3752e-04 | norm: 0.4456 | dt: 2941.45ms | tok/sec: 22280.20
step  5065 | loss: 3.739698 | lr 3.3743e-04 | norm: 0.4411 | dt: 2950.09ms | tok/sec: 22214.93
step  5066 | loss: 3.846187 | lr 3.3734e-04 | norm: 0.4895 | dt: 2950.36ms | tok/sec: 22212.85
step  5067 | loss: 3.538255 | lr 3.3726e-04 | norm: 0.5653 | dt: 2949.82ms | tok/sec: 22216.94
step  5068 | loss: 3.858732 | lr 3.3717e-04 | norm: 0.4730 | dt: 2946.98ms | tok/sec: 22238.38
step  5069 | loss: 3.831418 | lr 3.3708e-04 | norm: 0.4379 | dt: 2938.38ms | tok/sec: 22303.43
step  5070 | loss: 3.665195 | lr 3.3699e-04 | norm: 0.4343 | dt: 2949.60ms | tok/sec: 22218.58
step  5071 | loss: 3.715190 | lr 3.3691e-04 | norm: 0.4420 | dt: 2944.67ms | tok/sec: 22255.77
step  5072 | loss: 3.742377 | lr 3.3682e-04 | norm: 0.4165 | dt: 2943.18ms | tok/sec: 22267.05
step  5073 | loss: 3.742938 | lr 3.3673e-04 | norm: 0.5035 | dt: 2972.89ms | tok/sec: 22044.51
step  5074 | loss: 3.752830 | lr 3.3665e-04 | norm: 0.4181 | dt: 2944.02ms | tok/sec: 22260.74
step  5075 | loss: 3.740894 | lr 3.3656e-04 | norm: 0.4156 | dt: 2950.51ms | tok/sec: 22211.75
step  5076 | loss: 3.854853 | lr 3.3647e-04 | norm: 0.4461 | dt: 2947.96ms | tok/sec: 22230.95
step  5077 | loss: 3.846961 | lr 3.3638e-04 | norm: 0.4546 | dt: 2938.64ms | tok/sec: 22301.48
step  5078 | loss: 3.709773 | lr 3.3630e-04 | norm: 0.4737 | dt: 2941.72ms | tok/sec: 22278.16
step  5079 | loss: 3.756030 | lr 3.3621e-04 | norm: 0.4518 | dt: 2942.80ms | tok/sec: 22269.94
step  5080 | loss: 3.729017 | lr 3.3612e-04 | norm: 0.4333 | dt: 2967.86ms | tok/sec: 22081.93
step  5081 | loss: 3.853233 | lr 3.3603e-04 | norm: 0.4727 | dt: 2959.82ms | tok/sec: 22141.90
step  5082 | loss: 3.840147 | lr 3.3595e-04 | norm: 0.4523 | dt: 2943.49ms | tok/sec: 22264.70
step  5083 | loss: 3.752944 | lr 3.3586e-04 | norm: 0.5601 | dt: 2944.50ms | tok/sec: 22257.13
step  5084 | loss: 3.766574 | lr 3.3577e-04 | norm: 0.4884 | dt: 2962.62ms | tok/sec: 22120.99
step  5085 | loss: 3.820378 | lr 3.3568e-04 | norm: 1.2053 | dt: 2951.56ms | tok/sec: 22203.85
step  5086 | loss: 3.756406 | lr 3.3560e-04 | norm: 0.5476 | dt: 2946.78ms | tok/sec: 22239.84
step  5087 | loss: 3.741120 | lr 3.3551e-04 | norm: 0.5022 | dt: 2950.26ms | tok/sec: 22213.64
step  5088 | loss: 3.844048 | lr 3.3542e-04 | norm: 0.5121 | dt: 2949.00ms | tok/sec: 22223.11
step  5089 | loss: 3.789357 | lr 3.3533e-04 | norm: 0.6511 | dt: 2942.82ms | tok/sec: 22269.81
step  5090 | loss: 3.771899 | lr 3.3525e-04 | norm: 0.4960 | dt: 2945.00ms | tok/sec: 22253.32
step  5091 | loss: 3.800386 | lr 3.3516e-04 | norm: 0.5119 | dt: 2948.31ms | tok/sec: 22228.29
step  5092 | loss: 3.758459 | lr 3.3507e-04 | norm: 0.4736 | dt: 2943.26ms | tok/sec: 22266.47
step  5093 | loss: 3.762450 | lr 3.3498e-04 | norm: 0.4750 | dt: 2950.25ms | tok/sec: 22213.69
step  5094 | loss: 3.783123 | lr 3.3490e-04 | norm: 0.4760 | dt: 2998.07ms | tok/sec: 21859.38
step  5095 | loss: 3.786799 | lr 3.3481e-04 | norm: 0.5213 | dt: 2945.04ms | tok/sec: 22252.98
step  5096 | loss: 4.270900 | lr 3.3472e-04 | norm: 0.8225 | dt: 2945.58ms | tok/sec: 22248.92
step  5097 | loss: 3.477388 | lr 3.3463e-04 | norm: 0.7014 | dt: 2948.57ms | tok/sec: 22226.37
step  5098 | loss: 3.849437 | lr 3.3455e-04 | norm: 0.5579 | dt: 2936.21ms | tok/sec: 22319.90
step  5099 | loss: 3.909337 | lr 3.3446e-04 | norm: 0.5656 | dt: 2937.71ms | tok/sec: 22308.57
step  5100 | loss: 3.919232 | lr 3.3437e-04 | norm: 0.4881 | dt: 2965.18ms | tok/sec: 22101.89
step  5101 | loss: 3.808885 | lr 3.3428e-04 | norm: 0.4738 | dt: 2942.02ms | tok/sec: 22275.87
step  5102 | loss: 4.127090 | lr 3.3420e-04 | norm: 1.6064 | dt: 2951.12ms | tok/sec: 22207.13
step  5103 | loss: 4.270529 | lr 3.3411e-04 | norm: 0.8418 | dt: 2952.81ms | tok/sec: 22194.46
step  5104 | loss: 3.769825 | lr 3.3402e-04 | norm: 0.5716 | dt: 2970.39ms | tok/sec: 22063.10
step  5105 | loss: 3.807760 | lr 3.3393e-04 | norm: 0.6252 | dt: 2949.12ms | tok/sec: 22222.24
step  5106 | loss: 3.794069 | lr 3.3385e-04 | norm: 0.4810 | dt: 2942.98ms | tok/sec: 22268.58
step  5107 | loss: 3.811986 | lr 3.3376e-04 | norm: 0.4938 | dt: 2944.87ms | tok/sec: 22254.31
step  5108 | loss: 3.825812 | lr 3.3367e-04 | norm: 0.5198 | dt: 2942.26ms | tok/sec: 22274.01
step  5109 | loss: 3.725543 | lr 3.3359e-04 | norm: 0.4799 | dt: 2953.50ms | tok/sec: 22189.28
step  5110 | loss: 3.498560 | lr 3.3350e-04 | norm: 0.4936 | dt: 2946.74ms | tok/sec: 22240.18
step  5111 | loss: 3.646529 | lr 3.3341e-04 | norm: 0.4844 | dt: 2943.10ms | tok/sec: 22267.65
step  5112 | loss: 3.551551 | lr 3.3332e-04 | norm: 0.5036 | dt: 2942.55ms | tok/sec: 22271.82
step  5113 | loss: 3.740710 | lr 3.3324e-04 | norm: 0.6094 | dt: 2947.02ms | tok/sec: 22238.06
step  5114 | loss: 3.704948 | lr 3.3315e-04 | norm: 0.4851 | dt: 2969.97ms | tok/sec: 22066.19
step  5115 | loss: 3.661692 | lr 3.3306e-04 | norm: 0.4618 | dt: 2946.31ms | tok/sec: 22243.43
step  5116 | loss: 3.796608 | lr 3.3297e-04 | norm: 0.4584 | dt: 2948.64ms | tok/sec: 22225.84
step  5117 | loss: 3.661198 | lr 3.3289e-04 | norm: 0.4511 | dt: 2941.26ms | tok/sec: 22281.64
step  5118 | loss: 3.567454 | lr 3.3280e-04 | norm: 0.4708 | dt: 2944.12ms | tok/sec: 22259.97
step  5119 | loss: 3.794297 | lr 3.3271e-04 | norm: 0.4988 | dt: 2940.11ms | tok/sec: 22290.33
step  5120 | loss: 3.670604 | lr 3.3262e-04 | norm: 0.4663 | dt: 2964.69ms | tok/sec: 22105.53
step  5121 | loss: 3.497073 | lr 3.3254e-04 | norm: 0.5375 | dt: 2947.05ms | tok/sec: 22237.85
step  5122 | loss: 3.620866 | lr 3.3245e-04 | norm: 0.4679 | dt: 2938.26ms | tok/sec: 22304.33
step  5123 | loss: 3.754013 | lr 3.3236e-04 | norm: 0.5348 | dt: 2934.83ms | tok/sec: 22330.40
step  5124 | loss: 3.719256 | lr 3.3227e-04 | norm: 0.5403 | dt: 2938.50ms | tok/sec: 22302.53
step  5125 | loss: 3.652239 | lr 3.3219e-04 | norm: 0.7118 | dt: 2962.47ms | tok/sec: 22122.12
step  5126 | loss: 3.598635 | lr 3.3210e-04 | norm: 0.7530 | dt: 2944.82ms | tok/sec: 22254.66
step  5127 | loss: 3.725569 | lr 3.3201e-04 | norm: 0.5611 | dt: 2954.36ms | tok/sec: 22182.80
step  5128 | loss: 3.557505 | lr 3.3192e-04 | norm: 0.6603 | dt: 2944.84ms | tok/sec: 22254.55
step  5129 | loss: 3.569191 | lr 3.3184e-04 | norm: 0.4804 | dt: 2940.12ms | tok/sec: 22290.21
step  5130 | loss: 3.762271 | lr 3.3175e-04 | norm: 0.5401 | dt: 2938.70ms | tok/sec: 22301.02
step  5131 | loss: 3.761549 | lr 3.3166e-04 | norm: 0.5469 | dt: 2938.45ms | tok/sec: 22302.90
step  5132 | loss: 3.598586 | lr 3.3157e-04 | norm: 0.4996 | dt: 2943.91ms | tok/sec: 22261.52
step  5133 | loss: 3.757328 | lr 3.3149e-04 | norm: 0.5411 | dt: 2949.47ms | tok/sec: 22219.60
step  5134 | loss: 3.622365 | lr 3.3140e-04 | norm: 0.5575 | dt: 2974.59ms | tok/sec: 22031.94
step  5135 | loss: 3.692008 | lr 3.3131e-04 | norm: 0.4927 | dt: 2941.65ms | tok/sec: 22278.66
step  5136 | loss: 3.702974 | lr 3.3122e-04 | norm: 0.4750 | dt: 2935.23ms | tok/sec: 22327.35
step  5137 | loss: 3.655595 | lr 3.3114e-04 | norm: 0.4431 | dt: 2939.16ms | tok/sec: 22297.54
step  5138 | loss: 3.714347 | lr 3.3105e-04 | norm: 0.5058 | dt: 2947.78ms | tok/sec: 22232.29
step  5139 | loss: 3.761044 | lr 3.3096e-04 | norm: 0.4955 | dt: 2941.73ms | tok/sec: 22278.07
step  5140 | loss: 3.661281 | lr 3.3087e-04 | norm: 0.4760 | dt: 2941.22ms | tok/sec: 22281.89
step  5141 | loss: 3.635752 | lr 3.3079e-04 | norm: 0.4617 | dt: 2959.09ms | tok/sec: 22147.35
step  5142 | loss: 3.724317 | lr 3.3070e-04 | norm: 0.4539 | dt: 2945.80ms | tok/sec: 22247.28
step  5143 | loss: 3.540683 | lr 3.3061e-04 | norm: 0.4879 | dt: 2945.49ms | tok/sec: 22249.62
step  5144 | loss: 3.713287 | lr 3.3052e-04 | norm: 0.4858 | dt: 2942.85ms | tok/sec: 22269.59
step  5145 | loss: 3.820237 | lr 3.3044e-04 | norm: 0.4700 | dt: 2970.73ms | tok/sec: 22060.60
step  5146 | loss: 3.717553 | lr 3.3035e-04 | norm: 0.5279 | dt: 2941.04ms | tok/sec: 22283.24
step  5147 | loss: 3.631855 | lr 3.3026e-04 | norm: 0.4988 | dt: 2937.38ms | tok/sec: 22311.02
step  5148 | loss: 3.520534 | lr 3.3017e-04 | norm: 0.4090 | dt: 2945.82ms | tok/sec: 22247.14
step  5149 | loss: 3.715281 | lr 3.3009e-04 | norm: 0.5034 | dt: 2933.14ms | tok/sec: 22343.33
step  5150 | loss: 3.732978 | lr 3.3000e-04 | norm: 0.4683 | dt: 2941.41ms | tok/sec: 22280.43
step  5151 | loss: 3.602520 | lr 3.2991e-04 | norm: 0.4218 | dt: 2948.10ms | tok/sec: 22229.91
step  5152 | loss: 3.567060 | lr 3.2983e-04 | norm: 0.4630 | dt: 2946.70ms | tok/sec: 22240.48
step  5153 | loss: 3.730942 | lr 3.2974e-04 | norm: 0.4315 | dt: 2944.33ms | tok/sec: 22258.34
step  5154 | loss: 3.785674 | lr 3.2965e-04 | norm: 0.5021 | dt: 2942.96ms | tok/sec: 22268.77
step  5155 | loss: 3.684996 | lr 3.2956e-04 | norm: 0.4425 | dt: 2978.65ms | tok/sec: 22001.95
step  5156 | loss: 3.462425 | lr 3.2948e-04 | norm: 0.4694 | dt: 2940.88ms | tok/sec: 22284.51
step  5157 | loss: 3.550268 | lr 3.2939e-04 | norm: 0.4539 | dt: 2947.55ms | tok/sec: 22234.08
step  5158 | loss: 3.692866 | lr 3.2930e-04 | norm: 0.4274 | dt: 2940.13ms | tok/sec: 22290.20
step  5159 | loss: 3.751468 | lr 3.2921e-04 | norm: 0.4506 | dt: 2945.41ms | tok/sec: 22250.25
step  5160 | loss: 3.670686 | lr 3.2913e-04 | norm: 0.4512 | dt: 2945.04ms | tok/sec: 22253.04
step  5161 | loss: 3.686275 | lr 3.2904e-04 | norm: 0.4413 | dt: 2966.50ms | tok/sec: 22092.02
step  5162 | loss: 3.592566 | lr 3.2895e-04 | norm: 0.4139 | dt: 2936.18ms | tok/sec: 22320.15
step  5163 | loss: 3.659981 | lr 3.2886e-04 | norm: 0.4961 | dt: 2954.66ms | tok/sec: 22180.58
step  5164 | loss: 3.557107 | lr 3.2878e-04 | norm: 0.4208 | dt: 2950.27ms | tok/sec: 22213.57
step  5165 | loss: 3.671880 | lr 3.2869e-04 | norm: 0.4606 | dt: 2959.27ms | tok/sec: 22145.97
step  5166 | loss: 3.568587 | lr 3.2860e-04 | norm: 0.4399 | dt: 2938.15ms | tok/sec: 22305.16
step  5167 | loss: 3.651793 | lr 3.2851e-04 | norm: 0.4482 | dt: 2938.33ms | tok/sec: 22303.80
step  5168 | loss: 3.596367 | lr 3.2843e-04 | norm: 0.4599 | dt: 2952.24ms | tok/sec: 22198.74
step  5169 | loss: 3.714890 | lr 3.2834e-04 | norm: 0.4237 | dt: 2936.79ms | tok/sec: 22315.52
step  5170 | loss: 3.547262 | lr 3.2825e-04 | norm: 0.4302 | dt: 2942.56ms | tok/sec: 22271.77
step  5171 | loss: 3.779022 | lr 3.2816e-04 | norm: 0.4448 | dt: 2947.02ms | tok/sec: 22238.05
step  5172 | loss: 3.474925 | lr 3.2808e-04 | norm: 0.4567 | dt: 2956.74ms | tok/sec: 22164.98
step  5173 | loss: 3.651588 | lr 3.2799e-04 | norm: 0.4867 | dt: 2935.76ms | tok/sec: 22323.32
step  5174 | loss: 3.674757 | lr 3.2790e-04 | norm: 0.4677 | dt: 2938.33ms | tok/sec: 22303.81
step  5175 | loss: 3.851333 | lr 3.2781e-04 | norm: 0.5519 | dt: 2982.15ms | tok/sec: 21976.09
step  5176 | loss: 3.632942 | lr 3.2773e-04 | norm: 0.4562 | dt: 2941.40ms | tok/sec: 22280.57
step  5177 | loss: 3.573090 | lr 3.2764e-04 | norm: 0.4762 | dt: 2938.32ms | tok/sec: 22303.90
step  5178 | loss: 3.779238 | lr 3.2755e-04 | norm: 0.4684 | dt: 2940.61ms | tok/sec: 22286.52
step  5179 | loss: 3.651077 | lr 3.2746e-04 | norm: 0.4464 | dt: 2933.02ms | tok/sec: 22344.21
step  5180 | loss: 3.709785 | lr 3.2738e-04 | norm: 0.4826 | dt: 2934.16ms | tok/sec: 22335.49
step  5181 | loss: 3.553223 | lr 3.2729e-04 | norm: 0.4597 | dt: 2955.79ms | tok/sec: 22172.07
step  5182 | loss: 3.609760 | lr 3.2720e-04 | norm: 0.4498 | dt: 2950.36ms | tok/sec: 22212.86
step  5183 | loss: 3.786960 | lr 3.2711e-04 | norm: 0.4487 | dt: 2950.28ms | tok/sec: 22213.47
step  5184 | loss: 3.715662 | lr 3.2703e-04 | norm: 0.4926 | dt: 2937.39ms | tok/sec: 22310.95
step  5185 | loss: 3.744208 | lr 3.2694e-04 | norm: 0.4641 | dt: 2947.75ms | tok/sec: 22232.56
step  5186 | loss: 3.634779 | lr 3.2685e-04 | norm: 0.5025 | dt: 2959.95ms | tok/sec: 22140.93
step  5187 | loss: 3.581161 | lr 3.2676e-04 | norm: 0.4668 | dt: 2936.06ms | tok/sec: 22321.08
step  5188 | loss: 3.688555 | lr 3.2668e-04 | norm: 0.4614 | dt: 2940.94ms | tok/sec: 22284.02
step  5189 | loss: 3.634612 | lr 3.2659e-04 | norm: 0.5489 | dt: 2936.03ms | tok/sec: 22321.26
step  5190 | loss: 3.678556 | lr 3.2650e-04 | norm: 0.4854 | dt: 2946.44ms | tok/sec: 22242.40
step  5191 | loss: 3.655515 | lr 3.2641e-04 | norm: 0.4721 | dt: 2958.27ms | tok/sec: 22153.47
step  5192 | loss: 3.657898 | lr 3.2633e-04 | norm: 0.5000 | dt: 2943.79ms | tok/sec: 22262.47
step  5193 | loss: 3.899713 | lr 3.2624e-04 | norm: 0.4849 | dt: 2935.52ms | tok/sec: 22325.16
step  5194 | loss: 3.618562 | lr 3.2615e-04 | norm: 0.4999 | dt: 2947.41ms | tok/sec: 22235.11
step  5195 | loss: 3.585472 | lr 3.2607e-04 | norm: 0.4723 | dt: 2991.22ms | tok/sec: 21909.44
step  5196 | loss: 3.600043 | lr 3.2598e-04 | norm: 0.4288 | dt: 2933.75ms | tok/sec: 22338.62
step  5197 | loss: 3.627135 | lr 3.2589e-04 | norm: 0.4378 | dt: 2938.57ms | tok/sec: 22302.00
step  5198 | loss: 3.496026 | lr 3.2580e-04 | norm: 0.4628 | dt: 2945.70ms | tok/sec: 22247.99
step  5199 | loss: 3.641095 | lr 3.2572e-04 | norm: 0.4658 | dt: 2937.62ms | tok/sec: 22309.19
step  5200 | loss: 3.588725 | lr 3.2563e-04 | norm: 0.4548 | dt: 2953.02ms | tok/sec: 22192.88
step  5201 | loss: 3.542514 | lr 3.2554e-04 | norm: 0.4233 | dt: 2940.67ms | tok/sec: 22286.08
step  5202 | loss: 3.788724 | lr 3.2545e-04 | norm: 0.4702 | dt: 2966.90ms | tok/sec: 22089.08
step  5203 | loss: 3.724813 | lr 3.2537e-04 | norm: 0.4362 | dt: 2952.58ms | tok/sec: 22196.20
step  5204 | loss: 3.663580 | lr 3.2528e-04 | norm: 0.4406 | dt: 2944.64ms | tok/sec: 22256.00
step  5205 | loss: 3.822560 | lr 3.2519e-04 | norm: 0.4727 | dt: 2929.94ms | tok/sec: 22367.72
step  5206 | loss: 3.977855 | lr 3.2510e-04 | norm: 0.4809 | dt: 2960.93ms | tok/sec: 22133.59
step  5207 | loss: 3.729635 | lr 3.2502e-04 | norm: 0.4686 | dt: 2945.13ms | tok/sec: 22252.32
step  5208 | loss: 3.816070 | lr 3.2493e-04 | norm: 0.4490 | dt: 2943.69ms | tok/sec: 22263.20
step  5209 | loss: 3.807602 | lr 3.2484e-04 | norm: 0.4835 | dt: 2948.04ms | tok/sec: 22230.39
step  5210 | loss: 3.833629 | lr 3.2475e-04 | norm: 0.4811 | dt: 2944.11ms | tok/sec: 22260.06
step  5211 | loss: 3.701810 | lr 3.2467e-04 | norm: 0.4868 | dt: 2944.00ms | tok/sec: 22260.84
step  5212 | loss: 3.834688 | lr 3.2458e-04 | norm: 0.4451 | dt: 2945.62ms | tok/sec: 22248.62
step  5213 | loss: 3.843160 | lr 3.2449e-04 | norm: 0.4684 | dt: 2943.29ms | tok/sec: 22266.22
step  5214 | loss: 3.769054 | lr 3.2440e-04 | norm: 0.4894 | dt: 2943.24ms | tok/sec: 22266.59
step  5215 | loss: 3.743562 | lr 3.2432e-04 | norm: 0.4601 | dt: 2937.63ms | tok/sec: 22309.14
step  5216 | loss: 3.841301 | lr 3.2423e-04 | norm: 0.4111 | dt: 2967.26ms | tok/sec: 22086.39
step  5217 | loss: 3.777266 | lr 3.2414e-04 | norm: 0.4581 | dt: 2947.81ms | tok/sec: 22232.13
step  5218 | loss: 4.042181 | lr 3.2405e-04 | norm: 0.5106 | dt: 2942.35ms | tok/sec: 22273.38
step  5219 | loss: 3.971212 | lr 3.2397e-04 | norm: 0.4713 | dt: 2939.36ms | tok/sec: 22295.99
step  5220 | loss: 3.810173 | lr 3.2388e-04 | norm: 0.4632 | dt: 2931.66ms | tok/sec: 22354.60
step  5221 | loss: 4.066981 | lr 3.2379e-04 | norm: 0.6186 | dt: 2945.08ms | tok/sec: 22252.73
step  5222 | loss: 3.918453 | lr 3.2370e-04 | norm: 0.4875 | dt: 2961.07ms | tok/sec: 22132.52
step  5223 | loss: 3.766180 | lr 3.2362e-04 | norm: 0.4895 | dt: 2942.38ms | tok/sec: 22273.13
step  5224 | loss: 3.786263 | lr 3.2353e-04 | norm: 0.4674 | dt: 2944.52ms | tok/sec: 22256.96
step  5225 | loss: 3.862001 | lr 3.2344e-04 | norm: 0.4416 | dt: 2937.71ms | tok/sec: 22308.50
step  5226 | loss: 3.712976 | lr 3.2335e-04 | norm: 0.4203 | dt: 2954.75ms | tok/sec: 22179.87
step  5227 | loss: 3.641209 | lr 3.2327e-04 | norm: 0.4287 | dt: 2946.52ms | tok/sec: 22241.81
step  5228 | loss: 3.877328 | lr 3.2318e-04 | norm: 0.4421 | dt: 2940.32ms | tok/sec: 22288.72
step  5229 | loss: 3.820343 | lr 3.2309e-04 | norm: 0.4650 | dt: 2941.92ms | tok/sec: 22276.60
step  5230 | loss: 3.705749 | lr 3.2301e-04 | norm: 0.4546 | dt: 2946.63ms | tok/sec: 22240.98
step  5231 | loss: 3.935842 | lr 3.2292e-04 | norm: 0.4898 | dt: 2940.37ms | tok/sec: 22288.32
step  5232 | loss: 3.815382 | lr 3.2283e-04 | norm: 0.4927 | dt: 2940.91ms | tok/sec: 22284.22
step  5233 | loss: 3.832249 | lr 3.2274e-04 | norm: 0.4267 | dt: 2939.59ms | tok/sec: 22294.30
step  5234 | loss: 3.766815 | lr 3.2266e-04 | norm: 0.4343 | dt: 2939.23ms | tok/sec: 22296.99
step  5235 | loss: 3.686860 | lr 3.2257e-04 | norm: 0.4144 | dt: 2932.15ms | tok/sec: 22350.87
step  5236 | loss: 3.666934 | lr 3.2248e-04 | norm: 0.4724 | dt: 2976.72ms | tok/sec: 22016.20
step  5237 | loss: 3.677376 | lr 3.2239e-04 | norm: 0.4568 | dt: 2939.97ms | tok/sec: 22291.37
step  5238 | loss: 3.802977 | lr 3.2231e-04 | norm: 0.4612 | dt: 2935.75ms | tok/sec: 22323.45
step  5239 | loss: 3.670595 | lr 3.2222e-04 | norm: 0.4683 | dt: 2945.19ms | tok/sec: 22251.88
step  5240 | loss: 3.798043 | lr 3.2213e-04 | norm: 0.4613 | dt: 2950.16ms | tok/sec: 22214.39
step  5241 | loss: 3.846649 | lr 3.2204e-04 | norm: 0.4651 | dt: 2941.19ms | tok/sec: 22282.14
step  5242 | loss: 3.782415 | lr 3.2196e-04 | norm: 0.4627 | dt: 2944.42ms | tok/sec: 22257.71
step  5243 | loss: 3.758820 | lr 3.2187e-04 | norm: 0.5010 | dt: 2967.08ms | tok/sec: 22087.68
step  5244 | loss: 3.797443 | lr 3.2178e-04 | norm: 0.4667 | dt: 2946.93ms | tok/sec: 22238.76
step  5245 | loss: 3.757977 | lr 3.2169e-04 | norm: 0.4612 | dt: 2942.61ms | tok/sec: 22271.41
step  5246 | loss: 3.888044 | lr 3.2161e-04 | norm: 0.4579 | dt: 2950.10ms | tok/sec: 22214.87
step  5247 | loss: 3.834007 | lr 3.2152e-04 | norm: 0.5119 | dt: 2958.78ms | tok/sec: 22149.64
step  5248 | loss: 3.837813 | lr 3.2143e-04 | norm: 0.4761 | dt: 2944.50ms | tok/sec: 22257.09
step  5249 | loss: 3.884254 | lr 3.2134e-04 | norm: 0.4854 | dt: 2936.82ms | tok/sec: 22315.32
step  5250 | loss: 3.807184 | lr 3.2126e-04 | norm: 0.4563 | dt: 2945.94ms | tok/sec: 22246.21
step  5251 | loss: 3.824966 | lr 3.2117e-04 | norm: 0.4595 | dt: 2943.27ms | tok/sec: 22266.35
step  5252 | loss: 3.750111 | lr 3.2108e-04 | norm: 0.4680 | dt: 2955.86ms | tok/sec: 22171.53
step  5253 | loss: 3.795047 | lr 3.2099e-04 | norm: 0.4814 | dt: 2939.56ms | tok/sec: 22294.48
step  5254 | loss: 3.758858 | lr 3.2091e-04 | norm: 0.4640 | dt: 2943.93ms | tok/sec: 22261.37
step  5255 | loss: 3.859297 | lr 3.2082e-04 | norm: 0.4541 | dt: 2951.00ms | tok/sec: 22208.09
step  5256 | loss: 3.731635 | lr 3.2073e-04 | norm: 0.4817 | dt: 2941.16ms | tok/sec: 22282.34
step  5257 | loss: 3.635495 | lr 3.2065e-04 | norm: 0.4340 | dt: 2975.51ms | tok/sec: 22025.13
step  5258 | loss: 3.698080 | lr 3.2056e-04 | norm: 0.4435 | dt: 2936.29ms | tok/sec: 22319.30
step  5259 | loss: 3.835793 | lr 3.2047e-04 | norm: 0.4495 | dt: 2938.05ms | tok/sec: 22305.97
step  5260 | loss: 3.827762 | lr 3.2038e-04 | norm: 0.4497 | dt: 2945.48ms | tok/sec: 22249.70
step  5261 | loss: 3.854784 | lr 3.2030e-04 | norm: 0.4545 | dt: 2941.73ms | tok/sec: 22278.08
step  5262 | loss: 3.752606 | lr 3.2021e-04 | norm: 0.4171 | dt: 2945.84ms | tok/sec: 22246.94
step  5263 | loss: 3.686340 | lr 3.2012e-04 | norm: 0.4565 | dt: 2940.91ms | tok/sec: 22284.23
step  5264 | loss: 3.710124 | lr 3.2003e-04 | norm: 0.4652 | dt: 2937.98ms | tok/sec: 22306.50
step  5265 | loss: 3.843531 | lr 3.1995e-04 | norm: 0.5063 | dt: 2947.57ms | tok/sec: 22233.90
step  5266 | loss: 3.797378 | lr 3.1986e-04 | norm: 0.4735 | dt: 2935.45ms | tok/sec: 22325.71
step  5267 | loss: 3.757874 | lr 3.1977e-04 | norm: 0.4433 | dt: 2964.29ms | tok/sec: 22108.49
step  5268 | loss: 3.708323 | lr 3.1968e-04 | norm: 0.4415 | dt: 2952.41ms | tok/sec: 22197.44
step  5269 | loss: 3.771962 | lr 3.1960e-04 | norm: 0.4575 | dt: 2942.85ms | tok/sec: 22269.57
step  5270 | loss: 3.681286 | lr 3.1951e-04 | norm: 0.4365 | dt: 2936.81ms | tok/sec: 22315.35
step  5271 | loss: 3.778478 | lr 3.1942e-04 | norm: 0.4695 | dt: 2939.20ms | tok/sec: 22297.25
step  5272 | loss: 3.817426 | lr 3.1933e-04 | norm: 0.4538 | dt: 2941.48ms | tok/sec: 22279.92
step  5273 | loss: 3.798181 | lr 3.1925e-04 | norm: 0.4628 | dt: 2934.12ms | tok/sec: 22335.80
step  5274 | loss: 3.752090 | lr 3.1916e-04 | norm: 0.4609 | dt: 2940.32ms | tok/sec: 22288.70
step  5275 | loss: 3.857812 | lr 3.1907e-04 | norm: 0.4509 | dt: 2940.60ms | tok/sec: 22286.58
step  5276 | loss: 3.923416 | lr 3.1898e-04 | norm: 0.4727 | dt: 2947.54ms | tok/sec: 22234.12
step  5277 | loss: 3.742337 | lr 3.1890e-04 | norm: 0.4785 | dt: 2968.88ms | tok/sec: 22074.33
step  5278 | loss: 3.934430 | lr 3.1881e-04 | norm: 0.5962 | dt: 2941.70ms | tok/sec: 22278.26
step  5279 | loss: 3.790690 | lr 3.1872e-04 | norm: 0.4669 | dt: 2945.49ms | tok/sec: 22249.64
step  5280 | loss: 3.694558 | lr 3.1864e-04 | norm: 0.4946 | dt: 2931.60ms | tok/sec: 22355.05
step  5281 | loss: 3.728540 | lr 3.1855e-04 | norm: 0.4615 | dt: 2941.10ms | tok/sec: 22282.84
step  5282 | loss: 3.818286 | lr 3.1846e-04 | norm: 0.4729 | dt: 2943.19ms | tok/sec: 22266.98
step  5283 | loss: 3.787266 | lr 3.1837e-04 | norm: 0.5079 | dt: 2945.41ms | tok/sec: 22250.20
step  5284 | loss: 3.836155 | lr 3.1829e-04 | norm: 0.4857 | dt: 2936.43ms | tok/sec: 22318.28
step  5285 | loss: 3.757288 | lr 3.1820e-04 | norm: 0.4606 | dt: 2937.91ms | tok/sec: 22307.03
step  5286 | loss: 3.684185 | lr 3.1811e-04 | norm: 0.4648 | dt: 2966.65ms | tok/sec: 22090.90
step  5287 | loss: 3.667105 | lr 3.1802e-04 | norm: 0.4499 | dt: 2948.93ms | tok/sec: 22223.63
step  5288 | loss: 3.728864 | lr 3.1794e-04 | norm: 0.4227 | dt: 2949.01ms | tok/sec: 22223.04
step  5289 | loss: 3.806890 | lr 3.1785e-04 | norm: 0.4227 | dt: 2958.09ms | tok/sec: 22154.86
step  5290 | loss: 3.890811 | lr 3.1776e-04 | norm: 0.5435 | dt: 2939.51ms | tok/sec: 22294.89
step  5291 | loss: 3.719946 | lr 3.1767e-04 | norm: 0.4538 | dt: 2943.81ms | tok/sec: 22262.33
step  5292 | loss: 3.816365 | lr 3.1759e-04 | norm: 0.5090 | dt: 2937.60ms | tok/sec: 22309.39
step  5293 | loss: 3.894744 | lr 3.1750e-04 | norm: 0.5368 | dt: 2941.52ms | tok/sec: 22279.67
step  5294 | loss: 3.880429 | lr 3.1741e-04 | norm: 0.5392 | dt: 2947.13ms | tok/sec: 22237.22
step  5295 | loss: 3.681655 | lr 3.1732e-04 | norm: 0.4888 | dt: 2942.15ms | tok/sec: 22274.86
step  5296 | loss: 3.757945 | lr 3.1724e-04 | norm: 0.4730 | dt: 2943.34ms | tok/sec: 22265.86
step  5297 | loss: 3.699422 | lr 3.1715e-04 | norm: 0.4725 | dt: 2970.78ms | tok/sec: 22060.20
step  5298 | loss: 3.727701 | lr 3.1706e-04 | norm: 0.5080 | dt: 2938.21ms | tok/sec: 22304.72
step  5299 | loss: 3.743279 | lr 3.1698e-04 | norm: 0.4928 | dt: 2941.52ms | tok/sec: 22279.62
step  5300 | loss: 3.699172 | lr 3.1689e-04 | norm: 0.4942 | dt: 2948.43ms | tok/sec: 22227.42
step  5301 | loss: 3.782497 | lr 3.1680e-04 | norm: 0.4564 | dt: 2930.11ms | tok/sec: 22366.43
step  5302 | loss: 3.730044 | lr 3.1671e-04 | norm: 0.4333 | dt: 2938.32ms | tok/sec: 22303.93
step  5303 | loss: 3.750415 | lr 3.1663e-04 | norm: 0.5127 | dt: 2945.03ms | tok/sec: 22253.08
step  5304 | loss: 3.631444 | lr 3.1654e-04 | norm: 0.4561 | dt: 2937.80ms | tok/sec: 22307.82
step  5305 | loss: 3.889086 | lr 3.1645e-04 | norm: 0.6001 | dt: 2943.74ms | tok/sec: 22262.85
step  5306 | loss: 3.753385 | lr 3.1636e-04 | norm: 0.4630 | dt: 2940.02ms | tok/sec: 22291.01
step  5307 | loss: 3.837794 | lr 3.1628e-04 | norm: 0.4900 | dt: 2948.53ms | tok/sec: 22226.66
step  5308 | loss: 3.756401 | lr 3.1619e-04 | norm: 0.4960 | dt: 2955.66ms | tok/sec: 22173.03
step  5309 | loss: 3.709039 | lr 3.1610e-04 | norm: 0.5146 | dt: 2949.85ms | tok/sec: 22216.70
step  5310 | loss: 3.677973 | lr 3.1601e-04 | norm: 0.4752 | dt: 2936.83ms | tok/sec: 22315.22
step  5311 | loss: 3.773492 | lr 3.1593e-04 | norm: 0.5034 | dt: 2939.32ms | tok/sec: 22296.30
step  5312 | loss: 3.929874 | lr 3.1584e-04 | norm: 0.4456 | dt: 2945.11ms | tok/sec: 22252.45
step  5313 | loss: 3.724061 | lr 3.1575e-04 | norm: 0.4704 | dt: 2943.97ms | tok/sec: 22261.11
step  5314 | loss: 3.771565 | lr 3.1567e-04 | norm: 0.4464 | dt: 2941.89ms | tok/sec: 22276.85
step  5315 | loss: 3.721084 | lr 3.1558e-04 | norm: 0.4239 | dt: 2947.74ms | tok/sec: 22232.66
step  5316 | loss: 3.793734 | lr 3.1549e-04 | norm: 0.4487 | dt: 2941.91ms | tok/sec: 22276.72
step  5317 | loss: 3.721644 | lr 3.1540e-04 | norm: 0.4629 | dt: 2939.88ms | tok/sec: 22292.06
step  5318 | loss: 3.691983 | lr 3.1532e-04 | norm: 0.6097 | dt: 2987.25ms | tok/sec: 21938.56
step  5319 | loss: 3.739085 | lr 3.1523e-04 | norm: 0.4329 | dt: 2937.27ms | tok/sec: 22311.84
step  5320 | loss: 3.726219 | lr 3.1514e-04 | norm: 0.4733 | dt: 2938.00ms | tok/sec: 22306.35
step  5321 | loss: 3.641916 | lr 3.1505e-04 | norm: 0.4599 | dt: 2939.62ms | tok/sec: 22294.02
step  5322 | loss: 3.736947 | lr 3.1497e-04 | norm: 0.5077 | dt: 2947.94ms | tok/sec: 22231.13
step  5323 | loss: 3.674947 | lr 3.1488e-04 | norm: 0.4945 | dt: 2938.73ms | tok/sec: 22300.80
step  5324 | loss: 3.548562 | lr 3.1479e-04 | norm: 0.5234 | dt: 2940.99ms | tok/sec: 22283.69
step  5325 | loss: 3.689169 | lr 3.1471e-04 | norm: 0.5046 | dt: 2940.85ms | tok/sec: 22284.74
step  5326 | loss: 3.723631 | lr 3.1462e-04 | norm: 0.4452 | dt: 2942.57ms | tok/sec: 22271.70
step  5327 | loss: 3.796802 | lr 3.1453e-04 | norm: 0.5223 | dt: 2953.04ms | tok/sec: 22192.70
step  5328 | loss: 3.856499 | lr 3.1444e-04 | norm: 0.4835 | dt: 2962.37ms | tok/sec: 22122.80
step  5329 | loss: 3.747081 | lr 3.1436e-04 | norm: 0.4370 | dt: 2940.25ms | tok/sec: 22289.28
step  5330 | loss: 3.702563 | lr 3.1427e-04 | norm: 0.4699 | dt: 2944.07ms | tok/sec: 22260.37
step  5331 | loss: 3.741493 | lr 3.1418e-04 | norm: 0.4260 | dt: 2943.42ms | tok/sec: 22265.25
step  5332 | loss: 3.895081 | lr 3.1409e-04 | norm: 0.4956 | dt: 2934.67ms | tok/sec: 22331.64
step  5333 | loss: 3.756237 | lr 3.1401e-04 | norm: 0.4906 | dt: 2947.27ms | tok/sec: 22236.13
step  5334 | loss: 3.831297 | lr 3.1392e-04 | norm: 0.4453 | dt: 2942.57ms | tok/sec: 22271.69
step  5335 | loss: 3.787625 | lr 3.1383e-04 | norm: 0.4462 | dt: 2943.06ms | tok/sec: 22267.97
step  5336 | loss: 3.789873 | lr 3.1374e-04 | norm: 0.4583 | dt: 2937.70ms | tok/sec: 22308.58
step  5337 | loss: 3.823751 | lr 3.1366e-04 | norm: 0.5056 | dt: 2946.64ms | tok/sec: 22240.89
step  5338 | loss: 3.780251 | lr 3.1357e-04 | norm: 0.4035 | dt: 2981.12ms | tok/sec: 21983.72
step  5339 | loss: 3.687541 | lr 3.1348e-04 | norm: 0.5527 | dt: 2934.49ms | tok/sec: 22333.02
step  5340 | loss: 3.760853 | lr 3.1340e-04 | norm: 0.4710 | dt: 2939.68ms | tok/sec: 22293.56
step  5341 | loss: 3.725162 | lr 3.1331e-04 | norm: 0.4536 | dt: 2934.04ms | tok/sec: 22336.41
step  5342 | loss: 3.728875 | lr 3.1322e-04 | norm: 0.4422 | dt: 2941.99ms | tok/sec: 22276.11
step  5343 | loss: 3.849168 | lr 3.1313e-04 | norm: 0.5162 | dt: 2946.41ms | tok/sec: 22242.67
step  5344 | loss: 3.730538 | lr 3.1305e-04 | norm: 0.4396 | dt: 2951.94ms | tok/sec: 22200.98
step  5345 | loss: 3.711708 | lr 3.1296e-04 | norm: 0.4942 | dt: 2950.79ms | tok/sec: 22209.66
step  5346 | loss: 3.621926 | lr 3.1287e-04 | norm: 0.4918 | dt: 2942.30ms | tok/sec: 22273.71
step  5347 | loss: 3.742177 | lr 3.1278e-04 | norm: 0.4579 | dt: 2963.84ms | tok/sec: 22111.84
step  5348 | loss: 3.761410 | lr 3.1270e-04 | norm: 0.4713 | dt: 2940.88ms | tok/sec: 22284.50
step  5349 | loss: 3.790702 | lr 3.1261e-04 | norm: 0.7165 | dt: 2958.12ms | tok/sec: 22154.63
step  5350 | loss: 3.826512 | lr 3.1252e-04 | norm: 0.4926 | dt: 2942.24ms | tok/sec: 22274.17
step  5351 | loss: 3.737118 | lr 3.1244e-04 | norm: 0.5206 | dt: 2945.86ms | tok/sec: 22246.81
step  5352 | loss: 3.674652 | lr 3.1235e-04 | norm: 0.4761 | dt: 2938.93ms | tok/sec: 22299.31
step  5353 | loss: 3.769610 | lr 3.1226e-04 | norm: 0.4751 | dt: 2950.16ms | tok/sec: 22214.35
step  5354 | loss: 3.664917 | lr 3.1217e-04 | norm: 0.4469 | dt: 2952.34ms | tok/sec: 22197.98
step  5355 | loss: 3.753701 | lr 3.1209e-04 | norm: 0.4633 | dt: 2940.95ms | tok/sec: 22283.93
step  5356 | loss: 3.862589 | lr 3.1200e-04 | norm: 0.5089 | dt: 2946.90ms | tok/sec: 22238.93
step  5357 | loss: 3.797146 | lr 3.1191e-04 | norm: 0.5080 | dt: 2942.76ms | tok/sec: 22270.22
step  5358 | loss: 3.825862 | lr 3.1182e-04 | norm: 0.4467 | dt: 2977.75ms | tok/sec: 22008.55
step  5359 | loss: 3.765455 | lr 3.1174e-04 | norm: 0.4336 | dt: 2948.35ms | tok/sec: 22228.06
step  5360 | loss: 3.681629 | lr 3.1165e-04 | norm: 0.4236 | dt: 2946.32ms | tok/sec: 22243.38
step  5361 | loss: 3.647876 | lr 3.1156e-04 | norm: 0.4238 | dt: 2941.23ms | tok/sec: 22281.80
step  5362 | loss: 3.801275 | lr 3.1148e-04 | norm: 0.5448 | dt: 2947.65ms | tok/sec: 22233.34
step  5363 | loss: 3.746549 | lr 3.1139e-04 | norm: 0.4278 | dt: 2942.07ms | tok/sec: 22275.47
step  5364 | loss: 3.723885 | lr 3.1130e-04 | norm: 0.6913 | dt: 2927.64ms | tok/sec: 22385.30
step  5365 | loss: 3.660749 | lr 3.1121e-04 | norm: 0.4441 | dt: 2939.09ms | tok/sec: 22298.09
step  5366 | loss: 3.649940 | lr 3.1113e-04 | norm: 0.5425 | dt: 2943.15ms | tok/sec: 22267.29
step  5367 | loss: 3.787916 | lr 3.1104e-04 | norm: 0.4910 | dt: 2938.33ms | tok/sec: 22303.84
step  5368 | loss: 3.743323 | lr 3.1095e-04 | norm: 0.4720 | dt: 2967.45ms | tok/sec: 22084.99
step  5369 | loss: 3.786989 | lr 3.1087e-04 | norm: 0.4294 | dt: 2966.49ms | tok/sec: 22092.08
step  5370 | loss: 3.775015 | lr 3.1078e-04 | norm: 0.4393 | dt: 2942.02ms | tok/sec: 22275.88
step  5371 | loss: 3.815389 | lr 3.1069e-04 | norm: 0.4980 | dt: 2941.25ms | tok/sec: 22281.68
step  5372 | loss: 3.845467 | lr 3.1060e-04 | norm: 0.4805 | dt: 2945.45ms | tok/sec: 22249.94
step  5373 | loss: 3.886842 | lr 3.1052e-04 | norm: 0.5159 | dt: 2945.79ms | tok/sec: 22247.31
step  5374 | loss: 3.713057 | lr 3.1043e-04 | norm: 0.4968 | dt: 2935.39ms | tok/sec: 22326.14
step  5375 | loss: 3.729343 | lr 3.1034e-04 | norm: 0.4608 | dt: 2940.86ms | tok/sec: 22284.64
step  5376 | loss: 3.687110 | lr 3.1025e-04 | norm: 0.4619 | dt: 2958.45ms | tok/sec: 22152.16
step  5377 | loss: 3.755246 | lr 3.1017e-04 | norm: 0.4469 | dt: 2936.35ms | tok/sec: 22318.88
step  5378 | loss: 3.732950 | lr 3.1008e-04 | norm: 0.4683 | dt: 2941.95ms | tok/sec: 22276.40
step  5379 | loss: 3.815198 | lr 3.0999e-04 | norm: 0.5564 | dt: 2974.28ms | tok/sec: 22034.27
step  5380 | loss: 3.782579 | lr 3.0991e-04 | norm: 0.4297 | dt: 2949.07ms | tok/sec: 22222.56
step  5381 | loss: 3.694395 | lr 3.0982e-04 | norm: 0.4831 | dt: 2950.20ms | tok/sec: 22214.11
step  5382 | loss: 3.896708 | lr 3.0973e-04 | norm: 0.5497 | dt: 2942.55ms | tok/sec: 22271.87
step  5383 | loss: 3.633907 | lr 3.0964e-04 | norm: 0.5266 | dt: 2945.65ms | tok/sec: 22248.37
step  5384 | loss: 3.530164 | lr 3.0956e-04 | norm: 0.5478 | dt: 2936.01ms | tok/sec: 22321.47
step  5385 | loss: 3.659870 | lr 3.0947e-04 | norm: 0.5527 | dt: 2941.85ms | tok/sec: 22277.15
step  5386 | loss: 3.770939 | lr 3.0938e-04 | norm: 0.5274 | dt: 2932.05ms | tok/sec: 22351.63
step  5387 | loss: 3.784531 | lr 3.0930e-04 | norm: 0.5112 | dt: 2941.54ms | tok/sec: 22279.50
step  5388 | loss: 3.803329 | lr 3.0921e-04 | norm: 0.4519 | dt: 2943.37ms | tok/sec: 22265.63
step  5389 | loss: 3.783426 | lr 3.0912e-04 | norm: 0.5087 | dt: 2961.40ms | tok/sec: 22130.04
step  5390 | loss: 3.669420 | lr 3.0903e-04 | norm: 0.5672 | dt: 2940.33ms | tok/sec: 22288.66
step  5391 | loss: 3.732692 | lr 3.0895e-04 | norm: 0.5043 | dt: 2941.07ms | tok/sec: 22283.07
step  5392 | loss: 3.763488 | lr 3.0886e-04 | norm: 0.4510 | dt: 2952.94ms | tok/sec: 22193.47
step  5393 | loss: 3.667370 | lr 3.0877e-04 | norm: 0.4414 | dt: 2949.06ms | tok/sec: 22222.65
step  5394 | loss: 3.636281 | lr 3.0869e-04 | norm: 0.4412 | dt: 2937.72ms | tok/sec: 22308.48
step  5395 | loss: 3.698526 | lr 3.0860e-04 | norm: 0.4443 | dt: 2940.98ms | tok/sec: 22283.73
step  5396 | loss: 3.642060 | lr 3.0851e-04 | norm: 0.4576 | dt: 2937.20ms | tok/sec: 22312.41
step  5397 | loss: 3.766122 | lr 3.0842e-04 | norm: 0.4595 | dt: 2948.74ms | tok/sec: 22225.09
step  5398 | loss: 3.778746 | lr 3.0834e-04 | norm: 0.4614 | dt: 2930.17ms | tok/sec: 22365.96
step  5399 | loss: 3.808745 | lr 3.0825e-04 | norm: 0.4489 | dt: 2978.68ms | tok/sec: 22001.71
step  5400 | loss: 3.647985 | lr 3.0816e-04 | norm: 0.4786 | dt: 2939.86ms | tok/sec: 22292.23
step  5401 | loss: 3.653192 | lr 3.0808e-04 | norm: 0.4759 | dt: 2953.28ms | tok/sec: 22190.95
step  5402 | loss: 3.678421 | lr 3.0799e-04 | norm: 0.4172 | dt: 2939.96ms | tok/sec: 22291.46
step  5403 | loss: 3.643320 | lr 3.0790e-04 | norm: 0.4312 | dt: 2933.62ms | tok/sec: 22339.63
step  5404 | loss: 3.753944 | lr 3.0781e-04 | norm: 0.4690 | dt: 2945.99ms | tok/sec: 22245.80
step  5405 | loss: 3.735400 | lr 3.0773e-04 | norm: 0.4141 | dt: 2948.68ms | tok/sec: 22225.55
step  5406 | loss: 3.762812 | lr 3.0764e-04 | norm: 0.4208 | dt: 2942.14ms | tok/sec: 22274.93
step  5407 | loss: 3.785359 | lr 3.0755e-04 | norm: 0.4510 | dt: 2939.23ms | tok/sec: 22296.97
step  5408 | loss: 3.817318 | lr 3.0747e-04 | norm: 0.4675 | dt: 2967.25ms | tok/sec: 22086.42
step  5409 | loss: 3.865748 | lr 3.0738e-04 | norm: 0.5053 | dt: 2938.98ms | tok/sec: 22298.88
step  5410 | loss: 3.687262 | lr 3.0729e-04 | norm: 0.4524 | dt: 2953.81ms | tok/sec: 22186.95
step  5411 | loss: 3.720528 | lr 3.0720e-04 | norm: 0.4541 | dt: 2937.98ms | tok/sec: 22306.48
step  5412 | loss: 3.627029 | lr 3.0712e-04 | norm: 0.4398 | dt: 2937.81ms | tok/sec: 22307.79
step  5413 | loss: 3.711526 | lr 3.0703e-04 | norm: 0.4384 | dt: 2943.39ms | tok/sec: 22265.49
step  5414 | loss: 3.668421 | lr 3.0694e-04 | norm: 0.4200 | dt: 2941.35ms | tok/sec: 22280.95
step  5415 | loss: 3.837543 | lr 3.0686e-04 | norm: 0.4321 | dt: 2935.82ms | tok/sec: 22322.91
step  5416 | loss: 3.698682 | lr 3.0677e-04 | norm: 0.4257 | dt: 2942.20ms | tok/sec: 22274.50
step  5417 | loss: 3.662208 | lr 3.0668e-04 | norm: 0.4438 | dt: 2934.50ms | tok/sec: 22332.90
step  5418 | loss: 3.665324 | lr 3.0659e-04 | norm: 0.5420 | dt: 2947.43ms | tok/sec: 22234.98
step  5419 | loss: 3.604511 | lr 3.0651e-04 | norm: 0.4161 | dt: 2935.94ms | tok/sec: 22322.00
step  5420 | loss: 3.750561 | lr 3.0642e-04 | norm: 0.4548 | dt: 2986.74ms | tok/sec: 21942.30
step  5421 | loss: 3.869469 | lr 3.0633e-04 | norm: 0.5327 | dt: 2938.51ms | tok/sec: 22302.43
step  5422 | loss: 3.816331 | lr 3.0625e-04 | norm: 0.4241 | dt: 2944.11ms | tok/sec: 22260.06
step  5423 | loss: 3.964859 | lr 3.0616e-04 | norm: 0.6019 | dt: 2947.27ms | tok/sec: 22236.16
step  5424 | loss: 3.724649 | lr 3.0607e-04 | norm: 0.4862 | dt: 2940.97ms | tok/sec: 22283.81
step  5425 | loss: 3.821111 | lr 3.0598e-04 | norm: 0.5263 | dt: 2951.82ms | tok/sec: 22201.91
step  5426 | loss: 3.694802 | lr 3.0590e-04 | norm: 0.5238 | dt: 2941.62ms | tok/sec: 22278.85
step  5427 | loss: 3.709475 | lr 3.0581e-04 | norm: 0.4780 | dt: 2938.72ms | tok/sec: 22300.87
step  5428 | loss: 3.745673 | lr 3.0572e-04 | norm: 0.4922 | dt: 2946.16ms | tok/sec: 22244.55
step  5429 | loss: 3.742718 | lr 3.0564e-04 | norm: 0.4648 | dt: 2959.82ms | tok/sec: 22141.85
step  5430 | loss: 3.706506 | lr 3.0555e-04 | norm: 0.4935 | dt: 2964.89ms | tok/sec: 22104.05
step  5431 | loss: 3.700577 | lr 3.0546e-04 | norm: 0.4782 | dt: 2939.03ms | tok/sec: 22298.49
step  5432 | loss: 3.652484 | lr 3.0537e-04 | norm: 0.4424 | dt: 2948.87ms | tok/sec: 22224.11
step  5433 | loss: 3.705668 | lr 3.0529e-04 | norm: 0.4786 | dt: 2940.94ms | tok/sec: 22284.02
step  5434 | loss: 3.758096 | lr 3.0520e-04 | norm: 0.5157 | dt: 2949.65ms | tok/sec: 22218.20
step  5435 | loss: 3.713109 | lr 3.0511e-04 | norm: 0.4421 | dt: 2940.52ms | tok/sec: 22287.18
step  5436 | loss: 3.638847 | lr 3.0503e-04 | norm: 0.4195 | dt: 2950.86ms | tok/sec: 22209.09
step  5437 | loss: 3.720718 | lr 3.0494e-04 | norm: 0.4285 | dt: 2948.70ms | tok/sec: 22225.42
step  5438 | loss: 3.751763 | lr 3.0485e-04 | norm: 0.4617 | dt: 2951.85ms | tok/sec: 22201.67
step  5439 | loss: 3.763355 | lr 3.0476e-04 | norm: 0.4286 | dt: 2942.69ms | tok/sec: 22270.77
step  5440 | loss: 3.755342 | lr 3.0468e-04 | norm: 0.4403 | dt: 2968.42ms | tok/sec: 22077.74
step  5441 | loss: 3.761437 | lr 3.0459e-04 | norm: 0.4268 | dt: 2940.52ms | tok/sec: 22287.20
step  5442 | loss: 3.625453 | lr 3.0450e-04 | norm: 0.4779 | dt: 2945.25ms | tok/sec: 22251.43
step  5443 | loss: 3.679755 | lr 3.0442e-04 | norm: 0.4291 | dt: 2945.26ms | tok/sec: 22251.34
step  5444 | loss: 3.737306 | lr 3.0433e-04 | norm: 0.4363 | dt: 2946.48ms | tok/sec: 22242.11
step  5445 | loss: 3.730092 | lr 3.0424e-04 | norm: 0.4224 | dt: 2933.46ms | tok/sec: 22340.87
step  5446 | loss: 3.760702 | lr 3.0416e-04 | norm: 0.4351 | dt: 2939.88ms | tok/sec: 22292.10
step  5447 | loss: 3.824548 | lr 3.0407e-04 | norm: 0.5008 | dt: 2943.77ms | tok/sec: 22262.61
step  5448 | loss: 3.661916 | lr 3.0398e-04 | norm: 0.4304 | dt: 2943.17ms | tok/sec: 22267.15
step  5449 | loss: 3.679222 | lr 3.0389e-04 | norm: 0.4530 | dt: 2979.97ms | tok/sec: 21992.20
step  5450 | loss: 3.793587 | lr 3.0381e-04 | norm: 0.4468 | dt: 2973.83ms | tok/sec: 22037.55
step  5451 | loss: 3.649231 | lr 3.0372e-04 | norm: 0.4245 | dt: 2944.79ms | tok/sec: 22254.93
step  5452 | loss: 3.710042 | lr 3.0363e-04 | norm: 0.4496 | dt: 2937.34ms | tok/sec: 22311.36
step  5453 | loss: 3.650887 | lr 3.0355e-04 | norm: 0.4139 | dt: 2958.37ms | tok/sec: 22152.76
step  5454 | loss: 3.727442 | lr 3.0346e-04 | norm: 0.4435 | dt: 2949.21ms | tok/sec: 22221.52
step  5455 | loss: 3.785240 | lr 3.0337e-04 | norm: 0.4329 | dt: 2953.21ms | tok/sec: 22191.44
step  5456 | loss: 3.813251 | lr 3.0329e-04 | norm: 0.4123 | dt: 2944.64ms | tok/sec: 22256.05
step  5457 | loss: 3.738775 | lr 3.0320e-04 | norm: 0.4129 | dt: 2944.13ms | tok/sec: 22259.86
step  5458 | loss: 3.687449 | lr 3.0311e-04 | norm: 0.4417 | dt: 2940.37ms | tok/sec: 22288.35
step  5459 | loss: 3.797990 | lr 3.0302e-04 | norm: 0.4509 | dt: 2937.38ms | tok/sec: 22311.04
step  5460 | loss: 3.741073 | lr 3.0294e-04 | norm: 0.4617 | dt: 2988.59ms | tok/sec: 21928.71
step  5461 | loss: 3.743459 | lr 3.0285e-04 | norm: 0.4213 | dt: 2944.31ms | tok/sec: 22258.50
step  5462 | loss: 3.646444 | lr 3.0276e-04 | norm: 0.4211 | dt: 2940.92ms | tok/sec: 22284.21
step  5463 | loss: 3.728261 | lr 3.0268e-04 | norm: 0.4334 | dt: 2942.58ms | tok/sec: 22271.58
step  5464 | loss: 3.721782 | lr 3.0259e-04 | norm: 0.4388 | dt: 2949.85ms | tok/sec: 22216.72
step  5465 | loss: 3.682109 | lr 3.0250e-04 | norm: 0.6442 | dt: 2955.92ms | tok/sec: 22171.13
step  5466 | loss: 3.898477 | lr 3.0242e-04 | norm: 0.4549 | dt: 2948.00ms | tok/sec: 22230.64
step  5467 | loss: 3.665598 | lr 3.0233e-04 | norm: 0.4409 | dt: 2942.78ms | tok/sec: 22270.09
step  5468 | loss: 3.638545 | lr 3.0224e-04 | norm: 0.4102 | dt: 2940.97ms | tok/sec: 22283.79
step  5469 | loss: 3.627274 | lr 3.0215e-04 | norm: 0.4432 | dt: 2949.60ms | tok/sec: 22218.63
step  5470 | loss: 3.792380 | lr 3.0207e-04 | norm: 0.4471 | dt: 2939.40ms | tok/sec: 22295.68
step  5471 | loss: 3.737867 | lr 3.0198e-04 | norm: 0.4642 | dt: 2958.53ms | tok/sec: 22151.54
step  5472 | loss: 3.815065 | lr 3.0189e-04 | norm: 0.4646 | dt: 2940.89ms | tok/sec: 22284.42
step  5473 | loss: 3.681406 | lr 3.0181e-04 | norm: 0.4698 | dt: 2936.59ms | tok/sec: 22317.01
step  5474 | loss: 3.842349 | lr 3.0172e-04 | norm: 0.4820 | dt: 2947.95ms | tok/sec: 22231.04
step  5475 | loss: 3.722542 | lr 3.0163e-04 | norm: 0.4488 | dt: 2944.52ms | tok/sec: 22256.91
step  5476 | loss: 3.643360 | lr 3.0155e-04 | norm: 0.4131 | dt: 2951.54ms | tok/sec: 22203.97
step  5477 | loss: 3.568976 | lr 3.0146e-04 | norm: 1.0982 | dt: 2936.35ms | tok/sec: 22318.89
step  5478 | loss: 3.678535 | lr 3.0137e-04 | norm: 0.5227 | dt: 2939.30ms | tok/sec: 22296.45
step  5479 | loss: 3.698888 | lr 3.0128e-04 | norm: 0.4832 | dt: 2945.84ms | tok/sec: 22246.96
step  5480 | loss: 3.528811 | lr 3.0120e-04 | norm: 0.4633 | dt: 2941.19ms | tok/sec: 22282.13
step  5481 | loss: 3.570664 | lr 3.0111e-04 | norm: 0.4635 | dt: 2988.54ms | tok/sec: 21929.07
step  5482 | loss: 3.688392 | lr 3.0102e-04 | norm: 0.4506 | dt: 2928.72ms | tok/sec: 22377.02
step  5483 | loss: 3.614794 | lr 3.0094e-04 | norm: 0.4597 | dt: 2943.36ms | tok/sec: 22265.69
step  5484 | loss: 3.550037 | lr 3.0085e-04 | norm: 0.4915 | dt: 2935.00ms | tok/sec: 22329.14
step  5485 | loss: 3.677707 | lr 3.0076e-04 | norm: 0.4404 | dt: 2950.10ms | tok/sec: 22214.82
step  5486 | loss: 3.612664 | lr 3.0068e-04 | norm: 0.4830 | dt: 2942.48ms | tok/sec: 22272.35
step  5487 | loss: 3.603754 | lr 3.0059e-04 | norm: 0.4860 | dt: 2944.62ms | tok/sec: 22256.21
step  5488 | loss: 3.625453 | lr 3.0050e-04 | norm: 0.5191 | dt: 2942.16ms | tok/sec: 22274.79
step  5489 | loss: 3.585088 | lr 3.0042e-04 | norm: 0.4497 | dt: 2946.07ms | tok/sec: 22245.20
step  5490 | loss: 3.590979 | lr 3.0033e-04 | norm: 0.4506 | dt: 2959.12ms | tok/sec: 22147.11
step  5491 | loss: 3.532916 | lr 3.0024e-04 | norm: 0.5340 | dt: 2962.84ms | tok/sec: 22119.35
step  5492 | loss: 3.483811 | lr 3.0015e-04 | norm: 0.4463 | dt: 2936.57ms | tok/sec: 22317.16
step  5493 | loss: 3.658218 | lr 3.0007e-04 | norm: 0.4761 | dt: 2951.81ms | tok/sec: 22201.95
step  5494 | loss: 3.624083 | lr 2.9998e-04 | norm: 0.4889 | dt: 2946.58ms | tok/sec: 22241.35
step  5495 | loss: 3.598559 | lr 2.9989e-04 | norm: 0.4656 | dt: 2939.80ms | tok/sec: 22292.69
step  5496 | loss: 3.635973 | lr 2.9981e-04 | norm: 0.4293 | dt: 2947.22ms | tok/sec: 22236.58
step  5497 | loss: 3.800445 | lr 2.9972e-04 | norm: 0.5350 | dt: 2938.39ms | tok/sec: 22303.35
step  5498 | loss: 3.585557 | lr 2.9963e-04 | norm: 0.4416 | dt: 2941.56ms | tok/sec: 22279.35
step  5499 | loss: 3.686070 | lr 2.9955e-04 | norm: 0.4862 | dt: 2941.16ms | tok/sec: 22282.36
validation loss: 3.7102
HellaSwag accuracy: 2571/10042=0.2560
rank 0 sample 0: Hello, I'm a language model, and I like to do it right now by myself. I have created what's called "gaster." You can find
rank 0 sample 1: Hello, I'm a language model, but, since I've been writing (and writing -of course -it's a language learning process has been the norm
rank 0 sample 2: Hello, I'm a language model, I'm afraid that I might never do anything because I'm doing the best thing I ever wanted to do. I always
rank 0 sample 3: Hello, I'm a language model, but as a result, I have created the algorithm to be applied to any class and it should be free to implement (
step  5500 | loss: 3.588265 | lr 2.9946e-04 | norm: 0.4649 | dt: 106410.37ms | tok/sec: 615.88
step  5501 | loss: 3.568147 | lr 2.9937e-04 | norm: 0.5351 | dt: 2947.50ms | tok/sec: 22234.42
step  5502 | loss: 3.610008 | lr 2.9929e-04 | norm: 0.4393 | dt: 2942.92ms | tok/sec: 22269.05
step  5503 | loss: 3.739769 | lr 2.9920e-04 | norm: 0.4689 | dt: 2945.95ms | tok/sec: 22246.11
step  5504 | loss: 3.526058 | lr 2.9911e-04 | norm: 0.4434 | dt: 2940.43ms | tok/sec: 22287.88
step  5505 | loss: 3.747745 | lr 2.9902e-04 | norm: 0.4932 | dt: 2937.18ms | tok/sec: 22312.59
step  5506 | loss: 3.693310 | lr 2.9894e-04 | norm: 0.4782 | dt: 2946.60ms | tok/sec: 22241.20
step  5507 | loss: 3.572494 | lr 2.9885e-04 | norm: 0.5066 | dt: 2980.19ms | tok/sec: 21990.55
step  5508 | loss: 3.578023 | lr 2.9876e-04 | norm: 0.4894 | dt: 2934.11ms | tok/sec: 22335.92
step  5509 | loss: 3.622707 | lr 2.9868e-04 | norm: 0.4066 | dt: 2935.55ms | tok/sec: 22324.97
step  5510 | loss: 3.658160 | lr 2.9859e-04 | norm: 0.4635 | dt: 2940.33ms | tok/sec: 22288.62
step  5511 | loss: 3.580755 | lr 2.9850e-04 | norm: 0.4565 | dt: 2935.18ms | tok/sec: 22327.74
step  5512 | loss: 3.536566 | lr 2.9842e-04 | norm: 0.4594 | dt: 2942.12ms | tok/sec: 22275.07
step  5513 | loss: 3.596569 | lr 2.9833e-04 | norm: 0.4425 | dt: 2933.94ms | tok/sec: 22337.23
step  5514 | loss: 3.707680 | lr 2.9824e-04 | norm: 0.4353 | dt: 2945.64ms | tok/sec: 22248.47
step  5515 | loss: 3.606687 | lr 2.9816e-04 | norm: 0.4555 | dt: 2947.42ms | tok/sec: 22235.01
step  5516 | loss: 3.689935 | lr 2.9807e-04 | norm: 0.4248 | dt: 2966.64ms | tok/sec: 22091.01
step  5517 | loss: 3.612043 | lr 2.9798e-04 | norm: 0.4227 | dt: 2955.44ms | tok/sec: 22174.70
step  5518 | loss: 3.571502 | lr 2.9790e-04 | norm: 0.4900 | dt: 2942.59ms | tok/sec: 22271.55
step  5519 | loss: 3.653411 | lr 2.9781e-04 | norm: 0.4360 | dt: 2942.96ms | tok/sec: 22268.76
step  5520 | loss: 3.569669 | lr 2.9772e-04 | norm: 0.4221 | dt: 2940.73ms | tok/sec: 22285.64
step  5521 | loss: 3.546911 | lr 2.9764e-04 | norm: 0.4162 | dt: 2946.91ms | tok/sec: 22238.87
step  5522 | loss: 3.647597 | lr 2.9755e-04 | norm: 0.4331 | dt: 2944.40ms | tok/sec: 22257.86
step  5523 | loss: 3.790510 | lr 2.9746e-04 | norm: 0.4977 | dt: 2944.78ms | tok/sec: 22254.98
step  5524 | loss: 3.706626 | lr 2.9737e-04 | norm: 0.4408 | dt: 2943.89ms | tok/sec: 22261.69
step  5525 | loss: 3.635482 | lr 2.9729e-04 | norm: 0.4363 | dt: 2945.34ms | tok/sec: 22250.77
step  5526 | loss: 3.539383 | lr 2.9720e-04 | norm: 0.4586 | dt: 2938.92ms | tok/sec: 22299.34
step  5527 | loss: 3.631608 | lr 2.9711e-04 | norm: 0.4814 | dt: 2991.82ms | tok/sec: 21905.09
step  5528 | loss: 3.657333 | lr 2.9703e-04 | norm: 0.4627 | dt: 2946.59ms | tok/sec: 22241.33
step  5529 | loss: 3.580806 | lr 2.9694e-04 | norm: 0.4369 | dt: 2923.62ms | tok/sec: 22416.03
step  5530 | loss: 3.482255 | lr 2.9685e-04 | norm: 0.4122 | dt: 2946.24ms | tok/sec: 22243.96
step  5531 | loss: 3.791189 | lr 2.9677e-04 | norm: 0.5415 | dt: 2946.51ms | tok/sec: 22241.93
step  5532 | loss: 3.728922 | lr 2.9668e-04 | norm: 0.4431 | dt: 2937.90ms | tok/sec: 22307.08
step  5533 | loss: 3.553710 | lr 2.9659e-04 | norm: 0.4370 | dt: 2942.82ms | tok/sec: 22269.78
step  5534 | loss: 3.589847 | lr 2.9651e-04 | norm: 0.4507 | dt: 2944.77ms | tok/sec: 22255.06
step  5535 | loss: 3.701263 | lr 2.9642e-04 | norm: 0.4348 | dt: 2942.41ms | tok/sec: 22272.91
step  5536 | loss: 3.638456 | lr 2.9633e-04 | norm: 0.4355 | dt: 2966.89ms | tok/sec: 22089.12
step  5537 | loss: 3.629040 | lr 2.9625e-04 | norm: 0.4644 | dt: 2948.19ms | tok/sec: 22229.27
step  5538 | loss: 3.687513 | lr 2.9616e-04 | norm: 0.4656 | dt: 2959.10ms | tok/sec: 22147.28
step  5539 | loss: 3.586895 | lr 2.9607e-04 | norm: 0.4388 | dt: 2940.93ms | tok/sec: 22284.12
step  5540 | loss: 3.628436 | lr 2.9599e-04 | norm: 0.4987 | dt: 2949.05ms | tok/sec: 22222.78
step  5541 | loss: 3.657547 | lr 2.9590e-04 | norm: 0.4645 | dt: 2941.74ms | tok/sec: 22278.01
step  5542 | loss: 3.725924 | lr 2.9581e-04 | norm: 0.4629 | dt: 2951.56ms | tok/sec: 22203.89
step  5543 | loss: 3.760270 | lr 2.9573e-04 | norm: 0.4790 | dt: 2941.51ms | tok/sec: 22279.74
step  5544 | loss: 3.699422 | lr 2.9564e-04 | norm: 0.4733 | dt: 2940.92ms | tok/sec: 22284.22
step  5545 | loss: 3.492941 | lr 2.9555e-04 | norm: 0.4661 | dt: 2934.87ms | tok/sec: 22330.12
step  5546 | loss: 3.639741 | lr 2.9547e-04 | norm: 0.4350 | dt: 2935.55ms | tok/sec: 22324.95
step  5547 | loss: 3.505466 | lr 2.9538e-04 | norm: 0.4439 | dt: 2975.30ms | tok/sec: 22026.71
step  5548 | loss: 3.521902 | lr 2.9529e-04 | norm: 0.4462 | dt: 2943.60ms | tok/sec: 22263.90
step  5549 | loss: 3.575664 | lr 2.9521e-04 | norm: 0.4869 | dt: 2937.96ms | tok/sec: 22306.62
step  5550 | loss: 3.699177 | lr 2.9512e-04 | norm: 0.4630 | dt: 2939.62ms | tok/sec: 22294.04
step  5551 | loss: 3.618637 | lr 2.9503e-04 | norm: 0.4031 | dt: 2931.73ms | tok/sec: 22354.00
step  5552 | loss: 3.772820 | lr 2.9495e-04 | norm: 0.4910 | dt: 2947.04ms | tok/sec: 22237.90
step  5553 | loss: 3.792109 | lr 2.9486e-04 | norm: 0.5592 | dt: 2945.47ms | tok/sec: 22249.73
step  5554 | loss: 3.680618 | lr 2.9477e-04 | norm: 0.4593 | dt: 2939.09ms | tok/sec: 22298.08
step  5555 | loss: 3.521283 | lr 2.9469e-04 | norm: 0.5242 | dt: 2940.52ms | tok/sec: 22287.25
step  5556 | loss: 3.720788 | lr 2.9460e-04 | norm: 0.5010 | dt: 2943.78ms | tok/sec: 22262.54
step  5557 | loss: 3.760297 | lr 2.9451e-04 | norm: 0.5142 | dt: 2972.70ms | tok/sec: 22045.93
step  5558 | loss: 3.619621 | lr 2.9443e-04 | norm: 0.4807 | dt: 2958.80ms | tok/sec: 22149.49
step  5559 | loss: 3.564792 | lr 2.9434e-04 | norm: 0.4406 | dt: 2943.24ms | tok/sec: 22266.60
step  5560 | loss: 3.469979 | lr 2.9425e-04 | norm: 0.4935 | dt: 2946.41ms | tok/sec: 22242.66
step  5561 | loss: 3.514072 | lr 2.9417e-04 | norm: 0.4701 | dt: 2943.37ms | tok/sec: 22265.64
step  5562 | loss: 3.523206 | lr 2.9408e-04 | norm: 0.4514 | dt: 2933.26ms | tok/sec: 22342.36
step  5563 | loss: 3.484502 | lr 2.9399e-04 | norm: 0.4420 | dt: 2940.09ms | tok/sec: 22290.46
step  5564 | loss: 3.615225 | lr 2.9391e-04 | norm: 0.5044 | dt: 2940.32ms | tok/sec: 22288.70
step  5565 | loss: 3.576333 | lr 2.9382e-04 | norm: 0.4392 | dt: 2929.61ms | tok/sec: 22370.22
step  5566 | loss: 3.862788 | lr 2.9373e-04 | norm: 0.5456 | dt: 2942.18ms | tok/sec: 22274.67
step  5567 | loss: 3.487443 | lr 2.9365e-04 | norm: 0.4218 | dt: 2946.89ms | tok/sec: 22239.05
step  5568 | loss: 3.655959 | lr 2.9356e-04 | norm: 0.4804 | dt: 2968.74ms | tok/sec: 22075.34
step  5569 | loss: 3.678591 | lr 2.9347e-04 | norm: 0.4683 | dt: 2948.95ms | tok/sec: 22223.54
step  5570 | loss: 3.589296 | lr 2.9339e-04 | norm: 0.4809 | dt: 2934.37ms | tok/sec: 22333.89
step  5571 | loss: 3.971775 | lr 2.9330e-04 | norm: 0.5291 | dt: 2941.87ms | tok/sec: 22277.01
step  5572 | loss: 3.721513 | lr 2.9321e-04 | norm: 0.4269 | dt: 2936.44ms | tok/sec: 22318.15
step  5573 | loss: 3.656147 | lr 2.9313e-04 | norm: 0.5269 | dt: 2946.99ms | tok/sec: 22238.25
step  5574 | loss: 3.737381 | lr 2.9304e-04 | norm: 0.4881 | dt: 2943.53ms | tok/sec: 22264.46
step  5575 | loss: 3.754028 | lr 2.9295e-04 | norm: 0.4446 | dt: 2946.30ms | tok/sec: 22243.52
step  5576 | loss: 3.719430 | lr 2.9287e-04 | norm: 0.4639 | dt: 2944.71ms | tok/sec: 22255.53
step  5577 | loss: 3.822435 | lr 2.9278e-04 | norm: 0.5095 | dt: 2966.75ms | tok/sec: 22090.18
step  5578 | loss: 3.794708 | lr 2.9269e-04 | norm: 0.4538 | dt: 2965.41ms | tok/sec: 22100.16
step  5579 | loss: 3.746186 | lr 2.9261e-04 | norm: 0.4868 | dt: 2945.53ms | tok/sec: 22249.33
step  5580 | loss: 3.729917 | lr 2.9252e-04 | norm: 0.4746 | dt: 2944.37ms | tok/sec: 22258.08
step  5581 | loss: 3.839834 | lr 2.9243e-04 | norm: 0.4905 | dt: 2939.13ms | tok/sec: 22297.74
step  5582 | loss: 3.746779 | lr 2.9235e-04 | norm: 0.4335 | dt: 2946.19ms | tok/sec: 22244.33
step  5583 | loss: 3.704312 | lr 2.9226e-04 | norm: 0.4236 | dt: 2944.80ms | tok/sec: 22254.83
step  5584 | loss: 4.692446 | lr 2.9217e-04 | norm: 0.9011 | dt: 2942.03ms | tok/sec: 22275.81
step  5585 | loss: 4.139980 | lr 2.9209e-04 | norm: 0.4967 | dt: 2951.03ms | tok/sec: 22207.83
step  5586 | loss: 3.794179 | lr 2.9200e-04 | norm: 0.6479 | dt: 2943.11ms | tok/sec: 22267.61
step  5587 | loss: 3.815763 | lr 2.9191e-04 | norm: 0.5239 | dt: 2944.52ms | tok/sec: 22256.93
step  5588 | loss: 3.657020 | lr 2.9183e-04 | norm: 0.5202 | dt: 2973.81ms | tok/sec: 22037.72
step  5589 | loss: 3.804953 | lr 2.9174e-04 | norm: 0.4967 | dt: 2944.90ms | tok/sec: 22254.06
step  5590 | loss: 3.749705 | lr 2.9165e-04 | norm: 0.5503 | dt: 2943.74ms | tok/sec: 22262.82
step  5591 | loss: 3.722821 | lr 2.9157e-04 | norm: 0.4739 | dt: 2944.32ms | tok/sec: 22258.41
step  5592 | loss: 3.841292 | lr 2.9148e-04 | norm: 0.5273 | dt: 2943.24ms | tok/sec: 22266.61
step  5593 | loss: 3.867167 | lr 2.9139e-04 | norm: 0.4826 | dt: 2948.28ms | tok/sec: 22228.54
step  5594 | loss: 3.730559 | lr 2.9131e-04 | norm: 0.4577 | dt: 2935.78ms | tok/sec: 22323.20
step  5595 | loss: 3.704091 | lr 2.9122e-04 | norm: 0.5023 | dt: 2943.76ms | tok/sec: 22262.71
step  5596 | loss: 3.758810 | lr 2.9113e-04 | norm: 0.4549 | dt: 2949.32ms | tok/sec: 22220.71
step  5597 | loss: 3.750818 | lr 2.9105e-04 | norm: 0.4259 | dt: 2967.88ms | tok/sec: 22081.75
step  5598 | loss: 3.763072 | lr 2.9096e-04 | norm: 0.5101 | dt: 2940.51ms | tok/sec: 22287.33
step  5599 | loss: 3.666515 | lr 2.9087e-04 | norm: 0.4789 | dt: 2969.44ms | tok/sec: 22070.17
step  5600 | loss: 4.049622 | lr 2.9079e-04 | norm: 0.6550 | dt: 2938.91ms | tok/sec: 22299.46
step  5601 | loss: 3.800315 | lr 2.9070e-04 | norm: 0.7709 | dt: 2949.99ms | tok/sec: 22215.71
step  5602 | loss: 3.726247 | lr 2.9062e-04 | norm: 0.5755 | dt: 2944.64ms | tok/sec: 22256.02
step  5603 | loss: 3.763245 | lr 2.9053e-04 | norm: 0.8135 | dt: 2943.00ms | tok/sec: 22268.44
step  5604 | loss: 3.681326 | lr 2.9044e-04 | norm: 0.4915 | dt: 2951.78ms | tok/sec: 22202.23
step  5605 | loss: 3.865691 | lr 2.9036e-04 | norm: 0.5444 | dt: 2945.27ms | tok/sec: 22251.26
step  5606 | loss: 3.827097 | lr 2.9027e-04 | norm: 0.5211 | dt: 2938.06ms | tok/sec: 22305.87
step  5607 | loss: 3.628449 | lr 2.9018e-04 | norm: 0.4560 | dt: 2944.05ms | tok/sec: 22260.49
step  5608 | loss: 3.730170 | lr 2.9010e-04 | norm: 0.6505 | dt: 2970.38ms | tok/sec: 22063.17
step  5609 | loss: 3.789502 | lr 2.9001e-04 | norm: 0.4970 | dt: 2944.54ms | tok/sec: 22256.78
step  5610 | loss: 3.661438 | lr 2.8992e-04 | norm: 0.5026 | dt: 2938.97ms | tok/sec: 22298.98
step  5611 | loss: 3.528051 | lr 2.8984e-04 | norm: 0.7067 | dt: 2936.52ms | tok/sec: 22317.60
step  5612 | loss: 3.505669 | lr 2.8975e-04 | norm: 0.4938 | dt: 2944.16ms | tok/sec: 22259.65
step  5613 | loss: 3.783688 | lr 2.8966e-04 | norm: 0.4688 | dt: 2944.97ms | tok/sec: 22253.56
step  5614 | loss: 3.918160 | lr 2.8958e-04 | norm: 0.4968 | dt: 2941.35ms | tok/sec: 22280.95
step  5615 | loss: 4.012826 | lr 2.8949e-04 | norm: 0.5584 | dt: 2942.37ms | tok/sec: 22273.17
step  5616 | loss: 3.753036 | lr 2.8940e-04 | norm: 0.5204 | dt: 2939.77ms | tok/sec: 22292.87
step  5617 | loss: 3.682868 | lr 2.8932e-04 | norm: 0.4609 | dt: 2942.83ms | tok/sec: 22269.75
step  5618 | loss: 3.647923 | lr 2.8923e-04 | norm: 0.4533 | dt: 2962.65ms | tok/sec: 22120.77
step  5619 | loss: 3.724349 | lr 2.8915e-04 | norm: 0.4777 | dt: 2965.09ms | tok/sec: 22102.55
step  5620 | loss: 3.681257 | lr 2.8906e-04 | norm: 0.4737 | dt: 2954.57ms | tok/sec: 22181.26
step  5621 | loss: 3.723497 | lr 2.8897e-04 | norm: 0.4758 | dt: 2936.43ms | tok/sec: 22318.25
step  5622 | loss: 3.708278 | lr 2.8889e-04 | norm: 0.4896 | dt: 2945.81ms | tok/sec: 22247.19
step  5623 | loss: 3.823751 | lr 2.8880e-04 | norm: 0.4695 | dt: 2939.79ms | tok/sec: 22292.75
step  5624 | loss: 3.864972 | lr 2.8871e-04 | norm: 0.4814 | dt: 2954.41ms | tok/sec: 22182.41
step  5625 | loss: 3.661570 | lr 2.8863e-04 | norm: 0.4992 | dt: 2941.46ms | tok/sec: 22280.10
step  5626 | loss: 3.766811 | lr 2.8854e-04 | norm: 0.4710 | dt: 2954.25ms | tok/sec: 22183.62
step  5627 | loss: 3.790202 | lr 2.8845e-04 | norm: 0.4635 | dt: 2948.99ms | tok/sec: 22223.24
step  5628 | loss: 3.731127 | lr 2.8837e-04 | norm: 0.4470 | dt: 2942.62ms | tok/sec: 22271.34
step  5629 | loss: 3.746174 | lr 2.8828e-04 | norm: 0.5074 | dt: 2975.96ms | tok/sec: 22021.82
step  5630 | loss: 3.788990 | lr 2.8819e-04 | norm: 0.5541 | dt: 2933.59ms | tok/sec: 22339.84
step  5631 | loss: 3.779395 | lr 2.8811e-04 | norm: 0.7115 | dt: 2939.45ms | tok/sec: 22295.34
step  5632 | loss: 3.688371 | lr 2.8802e-04 | norm: 0.5188 | dt: 2949.30ms | tok/sec: 22220.84
step  5633 | loss: 3.707967 | lr 2.8794e-04 | norm: 0.5380 | dt: 2943.09ms | tok/sec: 22267.76
step  5634 | loss: 3.848568 | lr 2.8785e-04 | norm: 0.5100 | dt: 2947.22ms | tok/sec: 22236.57
step  5635 | loss: 3.765575 | lr 2.8776e-04 | norm: 0.4684 | dt: 2947.39ms | tok/sec: 22235.27
step  5636 | loss: 3.675829 | lr 2.8768e-04 | norm: 0.5109 | dt: 2947.52ms | tok/sec: 22234.25
step  5637 | loss: 3.823647 | lr 2.8759e-04 | norm: 0.4735 | dt: 2950.95ms | tok/sec: 22208.44
step  5638 | loss: 3.796950 | lr 2.8750e-04 | norm: 0.4401 | dt: 2945.72ms | tok/sec: 22247.86
step  5639 | loss: 3.693182 | lr 2.8742e-04 | norm: 0.4810 | dt: 2962.43ms | tok/sec: 22122.41
step  5640 | loss: 3.884340 | lr 2.8733e-04 | norm: 0.5398 | dt: 2945.93ms | tok/sec: 22246.32
step  5641 | loss: 3.612567 | lr 2.8724e-04 | norm: 0.5048 | dt: 2943.55ms | tok/sec: 22264.27
step  5642 | loss: 3.741712 | lr 2.8716e-04 | norm: 0.4561 | dt: 2950.90ms | tok/sec: 22208.84
step  5643 | loss: 3.615997 | lr 2.8707e-04 | norm: 0.4627 | dt: 2939.68ms | tok/sec: 22293.62
step  5644 | loss: 3.717620 | lr 2.8699e-04 | norm: 0.4870 | dt: 2947.89ms | tok/sec: 22231.52
step  5645 | loss: 3.687863 | lr 2.8690e-04 | norm: 0.4680 | dt: 2940.18ms | tok/sec: 22289.79
step  5646 | loss: 3.735122 | lr 2.8681e-04 | norm: 0.4753 | dt: 2945.96ms | tok/sec: 22246.04
step  5647 | loss: 3.779285 | lr 2.8673e-04 | norm: 0.4533 | dt: 2954.42ms | tok/sec: 22182.39
step  5648 | loss: 3.729883 | lr 2.8664e-04 | norm: 0.4395 | dt: 2941.82ms | tok/sec: 22277.33
step  5649 | loss: 3.611491 | lr 2.8655e-04 | norm: 0.4814 | dt: 2989.83ms | tok/sec: 21919.62
step  5650 | loss: 3.765659 | lr 2.8647e-04 | norm: 0.4741 | dt: 2947.07ms | tok/sec: 22237.70
step  5651 | loss: 3.696726 | lr 2.8638e-04 | norm: 0.4411 | dt: 2949.67ms | tok/sec: 22218.05
step  5652 | loss: 3.764384 | lr 2.8630e-04 | norm: 0.4374 | dt: 2944.31ms | tok/sec: 22258.49
step  5653 | loss: 3.781304 | lr 2.8621e-04 | norm: 0.5117 | dt: 2951.05ms | tok/sec: 22207.70
step  5654 | loss: 3.762951 | lr 2.8612e-04 | norm: 0.4777 | dt: 2949.29ms | tok/sec: 22220.92
step  5655 | loss: 3.835875 | lr 2.8604e-04 | norm: 0.4389 | dt: 2943.77ms | tok/sec: 22262.65
step  5656 | loss: 3.704228 | lr 2.8595e-04 | norm: 0.4767 | dt: 2948.19ms | tok/sec: 22229.22
step  5657 | loss: 3.791933 | lr 2.8586e-04 | norm: 0.5349 | dt: 2940.50ms | tok/sec: 22287.37
step  5658 | loss: 3.814642 | lr 2.8578e-04 | norm: 0.4491 | dt: 2965.70ms | tok/sec: 22097.97
step  5659 | loss: 3.676513 | lr 2.8569e-04 | norm: 0.4247 | dt: 2942.06ms | tok/sec: 22275.58
step  5660 | loss: 3.702753 | lr 2.8560e-04 | norm: 0.6099 | dt: 2962.73ms | tok/sec: 22120.15
step  5661 | loss: 3.808477 | lr 2.8552e-04 | norm: 0.5066 | dt: 2947.12ms | tok/sec: 22237.27
step  5662 | loss: 3.850943 | lr 2.8543e-04 | norm: 0.4689 | dt: 2950.89ms | tok/sec: 22208.92
step  5663 | loss: 3.718630 | lr 2.8535e-04 | norm: 0.4391 | dt: 2937.90ms | tok/sec: 22307.05
step  5664 | loss: 3.691582 | lr 2.8526e-04 | norm: 0.4768 | dt: 2941.40ms | tok/sec: 22280.58
step  5665 | loss: 3.727933 | lr 2.8517e-04 | norm: 0.4316 | dt: 2935.82ms | tok/sec: 22322.90
step  5666 | loss: 3.798277 | lr 2.8509e-04 | norm: 0.4522 | dt: 2946.69ms | tok/sec: 22240.58
step  5667 | loss: 3.754610 | lr 2.8500e-04 | norm: 0.4818 | dt: 2943.03ms | tok/sec: 22268.22
step  5668 | loss: 3.783653 | lr 2.8491e-04 | norm: 0.4856 | dt: 2951.37ms | tok/sec: 22205.26
step  5669 | loss: 3.831262 | lr 2.8483e-04 | norm: 0.5479 | dt: 2943.35ms | tok/sec: 22265.80
step  5670 | loss: 3.729724 | lr 2.8474e-04 | norm: 0.5825 | dt: 2967.01ms | tok/sec: 22088.20
step  5671 | loss: 3.820413 | lr 2.8466e-04 | norm: 0.5413 | dt: 2934.18ms | tok/sec: 22335.41
step  5672 | loss: 3.721960 | lr 2.8457e-04 | norm: 0.6735 | dt: 2938.86ms | tok/sec: 22299.80
step  5673 | loss: 3.774034 | lr 2.8448e-04 | norm: 0.4899 | dt: 2942.16ms | tok/sec: 22274.77
step  5674 | loss: 3.813334 | lr 2.8440e-04 | norm: 0.5100 | dt: 2941.12ms | tok/sec: 22282.67
step  5675 | loss: 3.874799 | lr 2.8431e-04 | norm: 0.6544 | dt: 2939.56ms | tok/sec: 22294.52
step  5676 | loss: 3.739929 | lr 2.8423e-04 | norm: 0.4862 | dt: 2936.44ms | tok/sec: 22318.20
step  5677 | loss: 4.187124 | lr 2.8414e-04 | norm: 0.5581 | dt: 2946.17ms | tok/sec: 22244.48
step  5678 | loss: 3.713895 | lr 2.8405e-04 | norm: 0.4978 | dt: 2936.98ms | tok/sec: 22314.08
step  5679 | loss: 3.671482 | lr 2.8397e-04 | norm: 0.5239 | dt: 2966.82ms | tok/sec: 22089.64
step  5680 | loss: 3.728473 | lr 2.8388e-04 | norm: 0.5102 | dt: 2952.07ms | tok/sec: 22200.00
step  5681 | loss: 3.776788 | lr 2.8379e-04 | norm: 0.4862 | dt: 2947.15ms | tok/sec: 22237.09
step  5682 | loss: 3.806230 | lr 2.8371e-04 | norm: 0.5151 | dt: 2948.79ms | tok/sec: 22224.68
step  5683 | loss: 3.695201 | lr 2.8362e-04 | norm: 0.4482 | dt: 2948.45ms | tok/sec: 22227.29
step  5684 | loss: 3.765747 | lr 2.8354e-04 | norm: 0.4950 | dt: 2936.47ms | tok/sec: 22317.95
step  5685 | loss: 3.795511 | lr 2.8345e-04 | norm: 0.4405 | dt: 2941.04ms | tok/sec: 22283.30
step  5686 | loss: 3.803732 | lr 2.8336e-04 | norm: 0.4728 | dt: 2945.37ms | tok/sec: 22250.53
step  5687 | loss: 3.623680 | lr 2.8328e-04 | norm: 0.4144 | dt: 2942.92ms | tok/sec: 22269.01
step  5688 | loss: 3.612457 | lr 2.8319e-04 | norm: 0.4300 | dt: 2952.18ms | tok/sec: 22199.16
step  5689 | loss: 3.746138 | lr 2.8311e-04 | norm: 0.4480 | dt: 2940.84ms | tok/sec: 22284.78
step  5690 | loss: 3.670326 | lr 2.8302e-04 | norm: 0.4649 | dt: 2977.32ms | tok/sec: 22011.71
step  5691 | loss: 3.755651 | lr 2.8293e-04 | norm: 0.4375 | dt: 2937.11ms | tok/sec: 22313.08
step  5692 | loss: 3.862579 | lr 2.8285e-04 | norm: 0.4539 | dt: 2941.49ms | tok/sec: 22279.89
step  5693 | loss: 3.669836 | lr 2.8276e-04 | norm: 0.5101 | dt: 2942.34ms | tok/sec: 22273.45
step  5694 | loss: 3.856116 | lr 2.8267e-04 | norm: 0.4565 | dt: 2930.58ms | tok/sec: 22362.78
step  5695 | loss: 3.646430 | lr 2.8259e-04 | norm: 0.5278 | dt: 2938.88ms | tok/sec: 22299.68
step  5696 | loss: 3.812697 | lr 2.8250e-04 | norm: 0.4368 | dt: 2941.32ms | tok/sec: 22281.14
step  5697 | loss: 3.784027 | lr 2.8242e-04 | norm: 0.4182 | dt: 2946.01ms | tok/sec: 22245.70
step  5698 | loss: 3.741116 | lr 2.8233e-04 | norm: 0.4845 | dt: 2939.81ms | tok/sec: 22292.62
step  5699 | loss: 3.770761 | lr 2.8224e-04 | norm: 0.4250 | dt: 2966.67ms | tok/sec: 22090.77
step  5700 | loss: 3.668882 | lr 2.8216e-04 | norm: 0.4597 | dt: 2957.82ms | tok/sec: 22156.89
step  5701 | loss: 3.689307 | lr 2.8207e-04 | norm: 0.5217 | dt: 2941.07ms | tok/sec: 22283.07
step  5702 | loss: 3.626030 | lr 2.8199e-04 | norm: 0.4722 | dt: 2950.46ms | tok/sec: 22212.13
step  5703 | loss: 3.749004 | lr 2.8190e-04 | norm: 0.4841 | dt: 2953.54ms | tok/sec: 22188.93
step  5704 | loss: 3.668310 | lr 2.8181e-04 | norm: 0.4946 | dt: 2939.48ms | tok/sec: 22295.11
step  5705 | loss: 3.720675 | lr 2.8173e-04 | norm: 0.4228 | dt: 2943.14ms | tok/sec: 22267.34
step  5706 | loss: 3.739300 | lr 2.8164e-04 | norm: 0.4749 | dt: 2941.42ms | tok/sec: 22280.43
step  5707 | loss: 3.677917 | lr 2.8156e-04 | norm: 0.4750 | dt: 2942.36ms | tok/sec: 22273.26
step  5708 | loss: 3.718596 | lr 2.8147e-04 | norm: 0.5190 | dt: 2943.43ms | tok/sec: 22265.19
step  5709 | loss: 3.742564 | lr 2.8138e-04 | norm: 0.6615 | dt: 2947.39ms | tok/sec: 22235.27
step  5710 | loss: 3.708030 | lr 2.8130e-04 | norm: 0.5022 | dt: 2973.86ms | tok/sec: 22037.36
step  5711 | loss: 3.714828 | lr 2.8121e-04 | norm: 0.4841 | dt: 2942.14ms | tok/sec: 22274.95
step  5712 | loss: 3.764151 | lr 2.8113e-04 | norm: 0.4785 | dt: 2948.11ms | tok/sec: 22229.82
step  5713 | loss: 3.700029 | lr 2.8104e-04 | norm: 0.5197 | dt: 2953.32ms | tok/sec: 22190.61
step  5714 | loss: 3.704055 | lr 2.8095e-04 | norm: 0.4380 | dt: 2928.65ms | tok/sec: 22377.51
step  5715 | loss: 3.642770 | lr 2.8087e-04 | norm: 0.4386 | dt: 2945.58ms | tok/sec: 22248.96
step  5716 | loss: 3.689485 | lr 2.8078e-04 | norm: 0.4506 | dt: 2938.50ms | tok/sec: 22302.56
step  5717 | loss: 3.628253 | lr 2.8070e-04 | norm: 0.4101 | dt: 2941.92ms | tok/sec: 22276.64
step  5718 | loss: 3.679178 | lr 2.8061e-04 | norm: 0.5389 | dt: 2940.84ms | tok/sec: 22284.80
step  5719 | loss: 3.546593 | lr 2.8052e-04 | norm: 1.0040 | dt: 2970.88ms | tok/sec: 22059.46
step  5720 | loss: 3.848050 | lr 2.8044e-04 | norm: 0.5846 | dt: 2941.37ms | tok/sec: 22280.78
step  5721 | loss: 3.710219 | lr 2.8035e-04 | norm: 0.5588 | dt: 2957.25ms | tok/sec: 22161.16
step  5722 | loss: 3.777792 | lr 2.8027e-04 | norm: 0.5223 | dt: 2934.62ms | tok/sec: 22332.03
step  5723 | loss: 4.147759 | lr 2.8018e-04 | norm: 0.7564 | dt: 2943.12ms | tok/sec: 22267.53
step  5724 | loss: 3.777439 | lr 2.8009e-04 | norm: 0.5585 | dt: 2938.63ms | tok/sec: 22301.56
step  5725 | loss: 3.809624 | lr 2.8001e-04 | norm: 0.5270 | dt: 2943.00ms | tok/sec: 22268.41
step  5726 | loss: 3.894634 | lr 2.7992e-04 | norm: 0.5447 | dt: 2945.61ms | tok/sec: 22248.72
step  5727 | loss: 3.732475 | lr 2.7984e-04 | norm: 0.5357 | dt: 2942.65ms | tok/sec: 22271.09
step  5728 | loss: 3.680306 | lr 2.7975e-04 | norm: 0.4643 | dt: 2946.17ms | tok/sec: 22244.45
step  5729 | loss: 3.570713 | lr 2.7966e-04 | norm: 0.4667 | dt: 2953.43ms | tok/sec: 22189.79
step  5730 | loss: 3.695075 | lr 2.7958e-04 | norm: 0.4814 | dt: 2949.25ms | tok/sec: 22221.22
step  5731 | loss: 3.779629 | lr 2.7949e-04 | norm: 0.4738 | dt: 2977.01ms | tok/sec: 22014.02
step  5732 | loss: 3.793495 | lr 2.7941e-04 | norm: 0.4400 | dt: 2936.73ms | tok/sec: 22316.01
step  5733 | loss: 3.828286 | lr 2.7932e-04 | norm: 0.4646 | dt: 2931.00ms | tok/sec: 22359.60
step  5734 | loss: 3.703037 | lr 2.7924e-04 | norm: 0.4773 | dt: 2937.27ms | tok/sec: 22311.87
step  5735 | loss: 3.858136 | lr 2.7915e-04 | norm: 0.4567 | dt: 2944.70ms | tok/sec: 22255.60
step  5736 | loss: 3.865529 | lr 2.7906e-04 | norm: 0.4983 | dt: 2938.40ms | tok/sec: 22303.28
step  5737 | loss: 3.812634 | lr 2.7898e-04 | norm: 0.4609 | dt: 2942.28ms | tok/sec: 22273.86
step  5738 | loss: 3.713819 | lr 2.7889e-04 | norm: 0.4468 | dt: 2953.26ms | tok/sec: 22191.10
step  5739 | loss: 3.645991 | lr 2.7881e-04 | norm: 0.5529 | dt: 2939.60ms | tok/sec: 22294.16
step  5740 | loss: 3.853406 | lr 2.7872e-04 | norm: 0.5168 | dt: 2956.36ms | tok/sec: 22167.83
step  5741 | loss: 3.783494 | lr 2.7863e-04 | norm: 0.4908 | dt: 2955.77ms | tok/sec: 22172.25
step  5742 | loss: 3.728986 | lr 2.7855e-04 | norm: 0.5070 | dt: 2937.92ms | tok/sec: 22306.91
step  5743 | loss: 3.619147 | lr 2.7846e-04 | norm: 0.5059 | dt: 2947.59ms | tok/sec: 22233.75
step  5744 | loss: 3.672237 | lr 2.7838e-04 | norm: 0.4379 | dt: 2935.79ms | tok/sec: 22323.15
step  5745 | loss: 3.872309 | lr 2.7829e-04 | norm: 0.5631 | dt: 2943.97ms | tok/sec: 22261.13
step  5746 | loss: 3.767098 | lr 2.7821e-04 | norm: 0.6868 | dt: 2950.92ms | tok/sec: 22208.69
step  5747 | loss: 3.788229 | lr 2.7812e-04 | norm: 0.5179 | dt: 2943.79ms | tok/sec: 22262.49
step  5748 | loss: 3.672299 | lr 2.7803e-04 | norm: 0.4853 | dt: 2942.33ms | tok/sec: 22273.52
step  5749 | loss: 3.743316 | lr 2.7795e-04 | norm: 0.4712 | dt: 2945.33ms | tok/sec: 22250.79
step  5750 | loss: 3.926152 | lr 2.7786e-04 | norm: 0.4759 | dt: 2935.29ms | tok/sec: 22326.95
step  5751 | loss: 3.848602 | lr 2.7778e-04 | norm: 0.5077 | dt: 2984.33ms | tok/sec: 21960.06
step  5752 | loss: 3.638376 | lr 2.7769e-04 | norm: 0.5043 | dt: 2945.70ms | tok/sec: 22248.02
step  5753 | loss: 3.828510 | lr 2.7760e-04 | norm: 0.5236 | dt: 2939.51ms | tok/sec: 22294.84
step  5754 | loss: 3.743551 | lr 2.7752e-04 | norm: 0.4723 | dt: 2942.87ms | tok/sec: 22269.39
step  5755 | loss: 3.872519 | lr 2.7743e-04 | norm: 0.5434 | dt: 2948.23ms | tok/sec: 22228.96
step  5756 | loss: 3.697369 | lr 2.7735e-04 | norm: 0.4576 | dt: 2937.67ms | tok/sec: 22308.80
step  5757 | loss: 3.791020 | lr 2.7726e-04 | norm: 0.4782 | dt: 2939.02ms | tok/sec: 22298.58
step  5758 | loss: 3.700199 | lr 2.7718e-04 | norm: 0.4909 | dt: 2939.09ms | tok/sec: 22298.06
step  5759 | loss: 3.714308 | lr 2.7709e-04 | norm: 0.4613 | dt: 2943.91ms | tok/sec: 22261.57
step  5760 | loss: 3.766647 | lr 2.7700e-04 | norm: 0.4497 | dt: 2959.70ms | tok/sec: 22142.76
step  5761 | loss: 3.722566 | lr 2.7692e-04 | norm: 0.4461 | dt: 2977.55ms | tok/sec: 22010.02
step  5762 | loss: 3.741051 | lr 2.7683e-04 | norm: 0.4957 | dt: 2955.22ms | tok/sec: 22176.39
step  5763 | loss: 3.738222 | lr 2.7675e-04 | norm: 0.4321 | dt: 2952.07ms | tok/sec: 22200.05
step  5764 | loss: 3.735023 | lr 2.7666e-04 | norm: 0.4510 | dt: 2948.42ms | tok/sec: 22227.49
step  5765 | loss: 3.717092 | lr 2.7658e-04 | norm: 0.4424 | dt: 2950.07ms | tok/sec: 22215.10
step  5766 | loss: 3.860348 | lr 2.7649e-04 | norm: 0.4550 | dt: 2944.48ms | tok/sec: 22257.27
step  5767 | loss: 3.663794 | lr 2.7640e-04 | norm: 0.4277 | dt: 2950.20ms | tok/sec: 22214.10
step  5768 | loss: 3.614088 | lr 2.7632e-04 | norm: 0.4265 | dt: 2939.40ms | tok/sec: 22295.70
step  5769 | loss: 3.637825 | lr 2.7623e-04 | norm: 0.4234 | dt: 2946.56ms | tok/sec: 22241.55
step  5770 | loss: 3.658117 | lr 2.7615e-04 | norm: 0.4268 | dt: 2944.00ms | tok/sec: 22260.84
step  5771 | loss: 3.621414 | lr 2.7606e-04 | norm: 0.4346 | dt: 2977.82ms | tok/sec: 22008.05
step  5772 | loss: 3.677040 | lr 2.7598e-04 | norm: 0.4374 | dt: 2945.90ms | tok/sec: 22246.55
step  5773 | loss: 3.643731 | lr 2.7589e-04 | norm: 0.4271 | dt: 2941.31ms | tok/sec: 22281.23
step  5774 | loss: 3.676424 | lr 2.7580e-04 | norm: 0.4628 | dt: 2943.85ms | tok/sec: 22262.01
step  5775 | loss: 3.602890 | lr 2.7572e-04 | norm: 0.4777 | dt: 2940.37ms | tok/sec: 22288.37
step  5776 | loss: 3.693574 | lr 2.7563e-04 | norm: 0.4654 | dt: 2944.13ms | tok/sec: 22259.89
step  5777 | loss: 3.659701 | lr 2.7555e-04 | norm: 0.5124 | dt: 2948.36ms | tok/sec: 22227.96
step  5778 | loss: 3.788502 | lr 2.7546e-04 | norm: 0.4444 | dt: 2946.96ms | tok/sec: 22238.54
step  5779 | loss: 3.592905 | lr 2.7538e-04 | norm: 0.4873 | dt: 2949.79ms | tok/sec: 22217.20
step  5780 | loss: 3.672317 | lr 2.7529e-04 | norm: 0.4438 | dt: 2963.36ms | tok/sec: 22115.40
step  5781 | loss: 3.759528 | lr 2.7520e-04 | norm: 0.4796 | dt: 2948.86ms | tok/sec: 22224.19
step  5782 | loss: 3.764741 | lr 2.7512e-04 | norm: 0.4528 | dt: 2957.42ms | tok/sec: 22159.85
step  5783 | loss: 3.665962 | lr 2.7503e-04 | norm: 0.4634 | dt: 2942.58ms | tok/sec: 22271.62
step  5784 | loss: 3.727219 | lr 2.7495e-04 | norm: 0.5058 | dt: 2947.64ms | tok/sec: 22233.34
step  5785 | loss: 3.626510 | lr 2.7486e-04 | norm: 0.4743 | dt: 2951.10ms | tok/sec: 22207.31
step  5786 | loss: 3.646474 | lr 2.7478e-04 | norm: 0.4414 | dt: 2942.31ms | tok/sec: 22273.67
step  5787 | loss: 3.607357 | lr 2.7469e-04 | norm: 0.4347 | dt: 2945.44ms | tok/sec: 22250.00
step  5788 | loss: 3.613180 | lr 2.7461e-04 | norm: 0.5443 | dt: 2945.08ms | tok/sec: 22252.69
step  5789 | loss: 3.721048 | lr 2.7452e-04 | norm: 0.4549 | dt: 2951.48ms | tok/sec: 22204.47
step  5790 | loss: 3.817864 | lr 2.7443e-04 | norm: 0.5187 | dt: 2944.89ms | tok/sec: 22254.14
step  5791 | loss: 3.732685 | lr 2.7435e-04 | norm: 0.4697 | dt: 2945.88ms | tok/sec: 22246.70
step  5792 | loss: 3.752312 | lr 2.7426e-04 | norm: 0.5301 | dt: 2986.16ms | tok/sec: 21946.57
step  5793 | loss: 3.749394 | lr 2.7418e-04 | norm: 0.4712 | dt: 2954.52ms | tok/sec: 22181.63
step  5794 | loss: 3.676442 | lr 2.7409e-04 | norm: 0.4749 | dt: 2940.58ms | tok/sec: 22286.74
step  5795 | loss: 3.675498 | lr 2.7401e-04 | norm: 0.4602 | dt: 2932.91ms | tok/sec: 22345.03
step  5796 | loss: 3.681406 | lr 2.7392e-04 | norm: 0.4850 | dt: 2940.79ms | tok/sec: 22285.18
step  5797 | loss: 3.742759 | lr 2.7384e-04 | norm: 0.4764 | dt: 2932.79ms | tok/sec: 22345.98
step  5798 | loss: 3.735525 | lr 2.7375e-04 | norm: 0.4587 | dt: 2943.70ms | tok/sec: 22263.13
step  5799 | loss: 3.696293 | lr 2.7366e-04 | norm: 0.4526 | dt: 2936.33ms | tok/sec: 22319.04
step  5800 | loss: 3.681174 | lr 2.7358e-04 | norm: 0.4392 | dt: 2946.43ms | tok/sec: 22242.48
step  5801 | loss: 3.790847 | lr 2.7349e-04 | norm: 0.4677 | dt: 2958.81ms | tok/sec: 22149.46
step  5802 | loss: 3.706098 | lr 2.7341e-04 | norm: 0.4574 | dt: 2977.42ms | tok/sec: 22011.03
step  5803 | loss: 3.650178 | lr 2.7332e-04 | norm: 0.4072 | dt: 2939.32ms | tok/sec: 22296.31
step  5804 | loss: 3.808399 | lr 2.7324e-04 | norm: 0.4432 | dt: 2948.52ms | tok/sec: 22226.71
step  5805 | loss: 3.646256 | lr 2.7315e-04 | norm: 0.4246 | dt: 2947.10ms | tok/sec: 22237.42
step  5806 | loss: 3.692494 | lr 2.7307e-04 | norm: 0.4288 | dt: 2936.38ms | tok/sec: 22318.65
step  5807 | loss: 3.924672 | lr 2.7298e-04 | norm: 0.5987 | dt: 2945.61ms | tok/sec: 22248.70
step  5808 | loss: 3.642307 | lr 2.7289e-04 | norm: 0.5058 | dt: 2947.80ms | tok/sec: 22232.15
step  5809 | loss: 3.803104 | lr 2.7281e-04 | norm: 0.6669 | dt: 2935.89ms | tok/sec: 22322.38
step  5810 | loss: 3.744934 | lr 2.7272e-04 | norm: 0.4406 | dt: 2948.03ms | tok/sec: 22230.46
step  5811 | loss: 3.986531 | lr 2.7264e-04 | norm: 0.7968 | dt: 2939.75ms | tok/sec: 22293.05
step  5812 | loss: 3.650356 | lr 2.7255e-04 | norm: 0.4672 | dt: 2981.21ms | tok/sec: 21983.04
step  5813 | loss: 3.697941 | lr 2.7247e-04 | norm: 0.4959 | dt: 2939.26ms | tok/sec: 22296.73
step  5814 | loss: 3.733741 | lr 2.7238e-04 | norm: 0.4900 | dt: 2948.30ms | tok/sec: 22228.41
step  5815 | loss: 3.762593 | lr 2.7230e-04 | norm: 0.5084 | dt: 2946.69ms | tok/sec: 22240.57
step  5816 | loss: 3.761848 | lr 2.7221e-04 | norm: 0.4589 | dt: 2942.04ms | tok/sec: 22275.73
step  5817 | loss: 3.603973 | lr 2.7213e-04 | norm: 0.4373 | dt: 2941.85ms | tok/sec: 22277.13
step  5818 | loss: 3.611817 | lr 2.7204e-04 | norm: 0.4511 | dt: 2949.34ms | tok/sec: 22220.57
step  5819 | loss: 3.679567 | lr 2.7196e-04 | norm: 0.5390 | dt: 2936.28ms | tok/sec: 22319.39
step  5820 | loss: 3.612494 | lr 2.7187e-04 | norm: 0.4991 | dt: 2942.01ms | tok/sec: 22275.96
step  5821 | loss: 3.692011 | lr 2.7178e-04 | norm: 0.5151 | dt: 2969.12ms | tok/sec: 22072.51
step  5822 | loss: 3.688006 | lr 2.7170e-04 | norm: 0.4328 | dt: 2940.32ms | tok/sec: 22288.69
step  5823 | loss: 3.821555 | lr 2.7161e-04 | norm: 0.4825 | dt: 2963.11ms | tok/sec: 22117.33
step  5824 | loss: 3.655266 | lr 2.7153e-04 | norm: 0.6880 | dt: 2945.18ms | tok/sec: 22251.96
step  5825 | loss: 3.822401 | lr 2.7144e-04 | norm: 0.4467 | dt: 2937.46ms | tok/sec: 22310.43
step  5826 | loss: 3.763501 | lr 2.7136e-04 | norm: 0.4419 | dt: 2940.61ms | tok/sec: 22286.55
step  5827 | loss: 3.644643 | lr 2.7127e-04 | norm: 0.4411 | dt: 2938.53ms | tok/sec: 22302.27
step  5828 | loss: 3.581555 | lr 2.7119e-04 | norm: 0.4878 | dt: 2937.88ms | tok/sec: 22307.23
step  5829 | loss: 3.667195 | lr 2.7110e-04 | norm: 0.4585 | dt: 2943.94ms | tok/sec: 22261.35
step  5830 | loss: 3.663524 | lr 2.7102e-04 | norm: 0.4316 | dt: 2939.03ms | tok/sec: 22298.53
step  5831 | loss: 3.604473 | lr 2.7093e-04 | norm: 0.4292 | dt: 2937.71ms | tok/sec: 22308.50
step  5832 | loss: 3.487710 | lr 2.7085e-04 | norm: 0.5268 | dt: 2982.14ms | tok/sec: 21976.17
step  5833 | loss: 3.697108 | lr 2.7076e-04 | norm: 0.4514 | dt: 2933.51ms | tok/sec: 22340.46
step  5834 | loss: 3.701981 | lr 2.7067e-04 | norm: 0.4649 | dt: 2944.56ms | tok/sec: 22256.61
step  5835 | loss: 3.606524 | lr 2.7059e-04 | norm: 0.4744 | dt: 2935.76ms | tok/sec: 22323.34
step  5836 | loss: 3.809484 | lr 2.7050e-04 | norm: 0.4717 | dt: 2938.76ms | tok/sec: 22300.53
step  5837 | loss: 3.692949 | lr 2.7042e-04 | norm: 0.4897 | dt: 2939.61ms | tok/sec: 22294.14
step  5838 | loss: 3.734166 | lr 2.7033e-04 | norm: 0.4435 | dt: 2937.67ms | tok/sec: 22308.80
step  5839 | loss: 3.541112 | lr 2.7025e-04 | norm: 0.4351 | dt: 2949.73ms | tok/sec: 22217.64
step  5840 | loss: 3.772725 | lr 2.7016e-04 | norm: 0.4639 | dt: 2940.28ms | tok/sec: 22289.07
step  5841 | loss: 3.759681 | lr 2.7008e-04 | norm: 0.4599 | dt: 2944.08ms | tok/sec: 22260.25
step  5842 | loss: 3.644498 | lr 2.6999e-04 | norm: 0.4302 | dt: 2940.50ms | tok/sec: 22287.35
step  5843 | loss: 3.751375 | lr 2.6991e-04 | norm: 0.4172 | dt: 2966.01ms | tok/sec: 22095.71
step  5844 | loss: 3.707505 | lr 2.6982e-04 | norm: 0.4792 | dt: 2934.05ms | tok/sec: 22336.37
step  5845 | loss: 3.607136 | lr 2.6974e-04 | norm: 0.4077 | dt: 2942.85ms | tok/sec: 22269.55
step  5846 | loss: 3.698772 | lr 2.6965e-04 | norm: 0.4672 | dt: 2945.68ms | tok/sec: 22248.17
step  5847 | loss: 3.540897 | lr 2.6957e-04 | norm: 0.4716 | dt: 2933.32ms | tok/sec: 22341.91
step  5848 | loss: 3.698133 | lr 2.6948e-04 | norm: 0.4422 | dt: 2945.88ms | tok/sec: 22246.68
step  5849 | loss: 3.781211 | lr 2.6940e-04 | norm: 0.4919 | dt: 2944.52ms | tok/sec: 22256.96
step  5850 | loss: 3.930376 | lr 2.6931e-04 | norm: 0.6827 | dt: 2946.65ms | tok/sec: 22240.88
step  5851 | loss: 3.735353 | lr 2.6923e-04 | norm: 0.4677 | dt: 2938.66ms | tok/sec: 22301.33
step  5852 | loss: 3.659928 | lr 2.6914e-04 | norm: 0.4819 | dt: 2931.27ms | tok/sec: 22357.57
step  5853 | loss: 3.727862 | lr 2.6905e-04 | norm: 0.4272 | dt: 2979.51ms | tok/sec: 21995.56
step  5854 | loss: 3.600943 | lr 2.6897e-04 | norm: 0.4279 | dt: 2947.31ms | tok/sec: 22235.87
step  5855 | loss: 3.590435 | lr 2.6888e-04 | norm: 0.4850 | dt: 2942.12ms | tok/sec: 22275.10
step  5856 | loss: 3.706579 | lr 2.6880e-04 | norm: 0.4706 | dt: 2941.15ms | tok/sec: 22282.41
step  5857 | loss: 3.669528 | lr 2.6871e-04 | norm: 0.4566 | dt: 2946.94ms | tok/sec: 22238.64
step  5858 | loss: 3.659166 | lr 2.6863e-04 | norm: 0.4184 | dt: 2973.50ms | tok/sec: 22040.03
step  5859 | loss: 3.668360 | lr 2.6854e-04 | norm: 0.4999 | dt: 2939.23ms | tok/sec: 22296.98
step  5860 | loss: 3.599121 | lr 2.6846e-04 | norm: 0.4761 | dt: 2935.02ms | tok/sec: 22329.00
step  5861 | loss: 3.585075 | lr 2.6837e-04 | norm: 0.4168 | dt: 2936.93ms | tok/sec: 22314.45
step  5862 | loss: 3.603409 | lr 2.6829e-04 | norm: 0.4632 | dt: 2964.51ms | tok/sec: 22106.85
step  5863 | loss: 3.507126 | lr 2.6820e-04 | norm: 0.5213 | dt: 2936.90ms | tok/sec: 22314.65
step  5864 | loss: 3.467598 | lr 2.6812e-04 | norm: 0.4542 | dt: 2930.25ms | tok/sec: 22365.29
step  5865 | loss: 3.505666 | lr 2.6803e-04 | norm: 0.5053 | dt: 2950.05ms | tok/sec: 22215.23
step  5866 | loss: 3.647806 | lr 2.6795e-04 | norm: 0.4794 | dt: 2942.93ms | tok/sec: 22268.95
step  5867 | loss: 3.640642 | lr 2.6786e-04 | norm: 0.5459 | dt: 2950.58ms | tok/sec: 22211.22
step  5868 | loss: 3.776008 | lr 2.6778e-04 | norm: 0.5158 | dt: 2939.98ms | tok/sec: 22291.33
step  5869 | loss: 3.555140 | lr 2.6769e-04 | norm: 0.4583 | dt: 2941.31ms | tok/sec: 22281.22
step  5870 | loss: 3.665540 | lr 2.6761e-04 | norm: 0.4883 | dt: 2945.74ms | tok/sec: 22247.70
step  5871 | loss: 3.536286 | lr 2.6752e-04 | norm: 0.4782 | dt: 2949.70ms | tok/sec: 22217.86
step  5872 | loss: 3.508101 | lr 2.6744e-04 | norm: 0.4606 | dt: 2951.64ms | tok/sec: 22203.25
step  5873 | loss: 3.507332 | lr 2.6735e-04 | norm: 0.4479 | dt: 2977.25ms | tok/sec: 22012.28
step  5874 | loss: 3.620828 | lr 2.6727e-04 | norm: 0.4684 | dt: 2933.47ms | tok/sec: 22340.80
step  5875 | loss: 3.495615 | lr 2.6718e-04 | norm: 0.4425 | dt: 2936.03ms | tok/sec: 22321.28
step  5876 | loss: 3.530358 | lr 2.6710e-04 | norm: 0.4592 | dt: 2929.85ms | tok/sec: 22368.37
step  5877 | loss: 3.638248 | lr 2.6701e-04 | norm: 0.4806 | dt: 2937.98ms | tok/sec: 22306.48
step  5878 | loss: 3.615598 | lr 2.6693e-04 | norm: 0.4382 | dt: 2935.15ms | tok/sec: 22327.95
step  5879 | loss: 3.689080 | lr 2.6684e-04 | norm: 0.4602 | dt: 2941.56ms | tok/sec: 22279.31
step  5880 | loss: 3.574039 | lr 2.6676e-04 | norm: 0.4248 | dt: 2942.33ms | tok/sec: 22273.51
step  5881 | loss: 3.633600 | lr 2.6667e-04 | norm: 0.4455 | dt: 2941.89ms | tok/sec: 22276.84
step  5882 | loss: 3.441958 | lr 2.6659e-04 | norm: 0.4517 | dt: 2956.55ms | tok/sec: 22166.38
step  5883 | loss: 3.505015 | lr 2.6650e-04 | norm: 0.5302 | dt: 2949.97ms | tok/sec: 22215.79
step  5884 | loss: 3.494137 | lr 2.6642e-04 | norm: 0.4731 | dt: 2968.75ms | tok/sec: 22075.27
step  5885 | loss: 3.763749 | lr 2.6633e-04 | norm: 0.5074 | dt: 2945.33ms | tok/sec: 22250.85
step  5886 | loss: 3.575138 | lr 2.6625e-04 | norm: 0.4981 | dt: 2946.31ms | tok/sec: 22243.40
step  5887 | loss: 3.558080 | lr 2.6616e-04 | norm: 0.4452 | dt: 2939.98ms | tok/sec: 22291.28
step  5888 | loss: 3.661882 | lr 2.6608e-04 | norm: 0.4395 | dt: 2950.24ms | tok/sec: 22213.76
step  5889 | loss: 3.650622 | lr 2.6599e-04 | norm: 0.4576 | dt: 2938.51ms | tok/sec: 22302.47
step  5890 | loss: 3.647987 | lr 2.6591e-04 | norm: 0.4442 | dt: 2946.03ms | tok/sec: 22245.51
step  5891 | loss: 3.664258 | lr 2.6582e-04 | norm: 0.4914 | dt: 2944.81ms | tok/sec: 22254.75
step  5892 | loss: 3.516856 | lr 2.6574e-04 | norm: 0.4720 | dt: 2944.98ms | tok/sec: 22253.48
step  5893 | loss: 3.639183 | lr 2.6565e-04 | norm: 0.4723 | dt: 2934.01ms | tok/sec: 22336.65
step  5894 | loss: 3.540149 | lr 2.6557e-04 | norm: 0.4319 | dt: 2974.01ms | tok/sec: 22036.25
step  5895 | loss: 3.642777 | lr 2.6548e-04 | norm: 0.4715 | dt: 2948.43ms | tok/sec: 22227.43
step  5896 | loss: 3.472365 | lr 2.6540e-04 | norm: 0.4612 | dt: 2940.89ms | tok/sec: 22284.40
step  5897 | loss: 3.515364 | lr 2.6531e-04 | norm: 0.5017 | dt: 2932.95ms | tok/sec: 22344.73
step  5898 | loss: 3.662170 | lr 2.6523e-04 | norm: 0.4553 | dt: 2942.66ms | tok/sec: 22270.99
step  5899 | loss: 3.499329 | lr 2.6514e-04 | norm: 0.4581 | dt: 2943.91ms | tok/sec: 22261.57
step  5900 | loss: 3.682611 | lr 2.6506e-04 | norm: 0.4183 | dt: 2946.29ms | tok/sec: 22243.57
step  5901 | loss: 3.575892 | lr 2.6497e-04 | norm: 0.5309 | dt: 2942.51ms | tok/sec: 22272.17
step  5902 | loss: 3.492549 | lr 2.6489e-04 | norm: 0.4826 | dt: 2953.27ms | tok/sec: 22191.01
step  5903 | loss: 3.640082 | lr 2.6480e-04 | norm: 0.4830 | dt: 2958.10ms | tok/sec: 22154.79
step  5904 | loss: 3.663356 | lr 2.6472e-04 | norm: 0.4530 | dt: 2964.14ms | tok/sec: 22109.65
step  5905 | loss: 3.605061 | lr 2.6463e-04 | norm: 0.6983 | dt: 2944.83ms | tok/sec: 22254.57
step  5906 | loss: 3.734624 | lr 2.6455e-04 | norm: 0.4976 | dt: 2947.46ms | tok/sec: 22234.72
step  5907 | loss: 3.514557 | lr 2.6446e-04 | norm: 0.4967 | dt: 2947.43ms | tok/sec: 22235.00
step  5908 | loss: 3.591695 | lr 2.6438e-04 | norm: 0.5192 | dt: 2947.64ms | tok/sec: 22233.41
step  5909 | loss: 3.538089 | lr 2.6429e-04 | norm: 0.4440 | dt: 2939.84ms | tok/sec: 22292.39
step  5910 | loss: 3.692481 | lr 2.6421e-04 | norm: 0.4598 | dt: 2939.26ms | tok/sec: 22296.77
step  5911 | loss: 3.540055 | lr 2.6413e-04 | norm: 0.4671 | dt: 2943.79ms | tok/sec: 22262.42
step  5912 | loss: 3.608593 | lr 2.6404e-04 | norm: 0.4367 | dt: 2949.21ms | tok/sec: 22221.54
step  5913 | loss: 3.525140 | lr 2.6396e-04 | norm: 0.4179 | dt: 2947.59ms | tok/sec: 22233.78
step  5914 | loss: 3.667188 | lr 2.6387e-04 | norm: 0.4336 | dt: 2969.63ms | tok/sec: 22068.73
step  5915 | loss: 3.669573 | lr 2.6379e-04 | norm: 0.4044 | dt: 2942.76ms | tok/sec: 22270.25
step  5916 | loss: 3.593765 | lr 2.6370e-04 | norm: 0.4229 | dt: 2937.40ms | tok/sec: 22310.91
step  5917 | loss: 3.634495 | lr 2.6362e-04 | norm: 0.4358 | dt: 2938.26ms | tok/sec: 22304.38
step  5918 | loss: 3.597859 | lr 2.6353e-04 | norm: 0.4160 | dt: 2942.66ms | tok/sec: 22270.98
step  5919 | loss: 3.689794 | lr 2.6345e-04 | norm: 0.4421 | dt: 2939.30ms | tok/sec: 22296.45
step  5920 | loss: 3.611642 | lr 2.6336e-04 | norm: 0.4211 | dt: 2947.53ms | tok/sec: 22234.25
step  5921 | loss: 3.598494 | lr 2.6328e-04 | norm: 0.4259 | dt: 2941.20ms | tok/sec: 22282.04
step  5922 | loss: 3.535455 | lr 2.6319e-04 | norm: 0.4311 | dt: 2945.16ms | tok/sec: 22252.12
step  5923 | loss: 3.474839 | lr 2.6311e-04 | norm: 0.4514 | dt: 2957.48ms | tok/sec: 22159.42
step  5924 | loss: 3.566672 | lr 2.6302e-04 | norm: 0.4097 | dt: 2956.23ms | tok/sec: 22168.74
step  5925 | loss: 3.573218 | lr 2.6294e-04 | norm: 0.4282 | dt: 2944.96ms | tok/sec: 22253.58
step  5926 | loss: 3.640935 | lr 2.6285e-04 | norm: 0.5292 | dt: 2946.49ms | tok/sec: 22242.04
step  5927 | loss: 3.540248 | lr 2.6277e-04 | norm: 0.4233 | dt: 2933.06ms | tok/sec: 22343.93
step  5928 | loss: 3.577275 | lr 2.6268e-04 | norm: 0.4947 | dt: 2942.92ms | tok/sec: 22269.02
step  5929 | loss: 3.705878 | lr 2.6260e-04 | norm: 0.4528 | dt: 2945.52ms | tok/sec: 22249.40
step  5930 | loss: 3.659938 | lr 2.6251e-04 | norm: 0.4856 | dt: 2940.52ms | tok/sec: 22287.24
step  5931 | loss: 3.485242 | lr 2.6243e-04 | norm: 0.5056 | dt: 2943.10ms | tok/sec: 22267.65
step  5932 | loss: 3.511531 | lr 2.6235e-04 | norm: 0.4882 | dt: 2943.50ms | tok/sec: 22264.64
step  5933 | loss: 3.486017 | lr 2.6226e-04 | norm: 0.4312 | dt: 2942.19ms | tok/sec: 22274.56
step  5934 | loss: 3.650748 | lr 2.6218e-04 | norm: 0.4401 | dt: 2985.06ms | tok/sec: 21954.64
step  5935 | loss: 3.561682 | lr 2.6209e-04 | norm: 0.4734 | dt: 2940.88ms | tok/sec: 22284.48
step  5936 | loss: 3.582301 | lr 2.6201e-04 | norm: 0.4762 | dt: 2943.85ms | tok/sec: 22262.04
step  5937 | loss: 3.655933 | lr 2.6192e-04 | norm: 0.4747 | dt: 2942.69ms | tok/sec: 22270.78
step  5938 | loss: 3.460841 | lr 2.6184e-04 | norm: 0.4607 | dt: 2945.77ms | tok/sec: 22247.50
step  5939 | loss: 3.563689 | lr 2.6175e-04 | norm: 0.4497 | dt: 2943.11ms | tok/sec: 22267.60
step  5940 | loss: 3.551768 | lr 2.6167e-04 | norm: 0.4276 | dt: 2956.99ms | tok/sec: 22163.07
step  5941 | loss: 3.533539 | lr 2.6158e-04 | norm: 0.4339 | dt: 2949.79ms | tok/sec: 22217.19
step  5942 | loss: 3.605173 | lr 2.6150e-04 | norm: 0.4404 | dt: 2943.90ms | tok/sec: 22261.59
step  5943 | loss: 3.546593 | lr 2.6141e-04 | norm: 0.4493 | dt: 2971.39ms | tok/sec: 22055.70
step  5944 | loss: 3.380150 | lr 2.6133e-04 | norm: 0.4301 | dt: 2941.50ms | tok/sec: 22279.76
step  5945 | loss: 3.546010 | lr 2.6125e-04 | norm: 0.4325 | dt: 2959.24ms | tok/sec: 22146.19
step  5946 | loss: 3.635243 | lr 2.6116e-04 | norm: 0.4677 | dt: 2932.03ms | tok/sec: 22351.75
step  5947 | loss: 3.557864 | lr 2.6108e-04 | norm: 0.4643 | dt: 2946.23ms | tok/sec: 22243.99
step  5948 | loss: 3.409139 | lr 2.6099e-04 | norm: 0.4518 | dt: 2955.43ms | tok/sec: 22174.81
step  5949 | loss: 3.571656 | lr 2.6091e-04 | norm: 0.4433 | dt: 2950.28ms | tok/sec: 22213.45
step  5950 | loss: 3.715084 | lr 2.6082e-04 | norm: 0.4214 | dt: 2943.59ms | tok/sec: 22263.96
step  5951 | loss: 3.649200 | lr 2.6074e-04 | norm: 0.4446 | dt: 2955.36ms | tok/sec: 22175.28
step  5952 | loss: 3.725567 | lr 2.6065e-04 | norm: 0.4433 | dt: 2943.87ms | tok/sec: 22261.88
step  5953 | loss: 3.696698 | lr 2.6057e-04 | norm: 0.4404 | dt: 2946.68ms | tok/sec: 22240.63
step  5954 | loss: 3.740391 | lr 2.6048e-04 | norm: 0.4548 | dt: 2946.36ms | tok/sec: 22243.02
step  5955 | loss: 3.731470 | lr 2.6040e-04 | norm: 0.4441 | dt: 2982.20ms | tok/sec: 21975.69
step  5956 | loss: 3.651537 | lr 2.6032e-04 | norm: 0.4907 | dt: 2939.69ms | tok/sec: 22293.54
step  5957 | loss: 3.817533 | lr 2.6023e-04 | norm: 0.5302 | dt: 2934.27ms | tok/sec: 22334.72
step  5958 | loss: 3.780421 | lr 2.6015e-04 | norm: 0.5277 | dt: 2941.02ms | tok/sec: 22283.40
step  5959 | loss: 3.779556 | lr 2.6006e-04 | norm: 0.6074 | dt: 2951.08ms | tok/sec: 22207.48
step  5960 | loss: 3.665331 | lr 2.5998e-04 | norm: 0.4643 | dt: 2948.69ms | tok/sec: 22225.48
step  5961 | loss: 3.574084 | lr 2.5989e-04 | norm: 0.5302 | dt: 2945.19ms | tok/sec: 22251.87
step  5962 | loss: 3.614257 | lr 2.5981e-04 | norm: 0.4743 | dt: 2943.03ms | tok/sec: 22268.23
step  5963 | loss: 3.787954 | lr 2.5972e-04 | norm: 0.8675 | dt: 2933.60ms | tok/sec: 22339.78
step  5964 | loss: 3.756594 | lr 2.5964e-04 | norm: 0.4759 | dt: 2960.15ms | tok/sec: 22139.40
step  5965 | loss: 3.819142 | lr 2.5956e-04 | norm: 0.5216 | dt: 2961.58ms | tok/sec: 22128.72
step  5966 | loss: 3.625696 | lr 2.5947e-04 | norm: 0.4826 | dt: 2948.46ms | tok/sec: 22227.22
step  5967 | loss: 3.724432 | lr 2.5939e-04 | norm: 0.4488 | dt: 2940.85ms | tok/sec: 22284.72
step  5968 | loss: 3.801970 | lr 2.5930e-04 | norm: 0.4854 | dt: 2953.23ms | tok/sec: 22191.27
step  5969 | loss: 3.693070 | lr 2.5922e-04 | norm: 0.4747 | dt: 2946.20ms | tok/sec: 22244.24
step  5970 | loss: 3.761991 | lr 2.5913e-04 | norm: 0.4680 | dt: 2946.57ms | tok/sec: 22241.47
step  5971 | loss: 3.797385 | lr 2.5905e-04 | norm: 0.5053 | dt: 2939.75ms | tok/sec: 22293.07
step  5972 | loss: 3.696824 | lr 2.5897e-04 | norm: 0.4501 | dt: 2939.90ms | tok/sec: 22291.94
step  5973 | loss: 3.669243 | lr 2.5888e-04 | norm: 0.4453 | dt: 2951.11ms | tok/sec: 22207.25
step  5974 | loss: 3.750552 | lr 2.5880e-04 | norm: 0.4465 | dt: 2938.75ms | tok/sec: 22300.61
step  5975 | loss: 3.773163 | lr 2.5871e-04 | norm: 0.4783 | dt: 2984.20ms | tok/sec: 21960.96
step  5976 | loss: 3.812447 | lr 2.5863e-04 | norm: 0.4795 | dt: 2952.81ms | tok/sec: 22194.43
step  5977 | loss: 3.839984 | lr 2.5854e-04 | norm: 0.4913 | dt: 2944.91ms | tok/sec: 22254.01
step  5978 | loss: 3.818335 | lr 2.5846e-04 | norm: 0.4778 | dt: 2941.02ms | tok/sec: 22283.45
step  5979 | loss: 3.707904 | lr 2.5837e-04 | norm: 0.4874 | dt: 2942.08ms | tok/sec: 22275.40
step  5980 | loss: 3.848493 | lr 2.5829e-04 | norm: 0.4924 | dt: 2947.85ms | tok/sec: 22231.79
step  5981 | loss: 3.759037 | lr 2.5821e-04 | norm: 0.4534 | dt: 2945.75ms | tok/sec: 22247.65
step  5982 | loss: 3.672234 | lr 2.5812e-04 | norm: 0.4607 | dt: 2948.86ms | tok/sec: 22224.21
step  5983 | loss: 3.718144 | lr 2.5804e-04 | norm: 0.4696 | dt: 2942.21ms | tok/sec: 22274.42
step  5984 | loss: 3.674977 | lr 2.5795e-04 | norm: 0.4297 | dt: 2959.66ms | tok/sec: 22143.10
step  5985 | loss: 3.799337 | lr 2.5787e-04 | norm: 0.4729 | dt: 2971.62ms | tok/sec: 22054.00
step  5986 | loss: 3.765569 | lr 2.5778e-04 | norm: 0.4974 | dt: 2947.79ms | tok/sec: 22232.24
step  5987 | loss: 3.683779 | lr 2.5770e-04 | norm: 0.4890 | dt: 2940.97ms | tok/sec: 22283.83
step  5988 | loss: 3.823336 | lr 2.5762e-04 | norm: 0.4952 | dt: 2946.69ms | tok/sec: 22240.56
step  5989 | loss: 3.706122 | lr 2.5753e-04 | norm: 0.4652 | dt: 2941.15ms | tok/sec: 22282.46
step  5990 | loss: 3.697612 | lr 2.5745e-04 | norm: 0.4444 | dt: 2948.11ms | tok/sec: 22229.84
step  5991 | loss: 3.579484 | lr 2.5736e-04 | norm: 0.4394 | dt: 2948.52ms | tok/sec: 22226.77
step  5992 | loss: 3.740747 | lr 2.5728e-04 | norm: 0.5090 | dt: 2942.03ms | tok/sec: 22275.80
step  5993 | loss: 3.624925 | lr 2.5720e-04 | norm: 0.4827 | dt: 2948.58ms | tok/sec: 22226.26
step  5994 | loss: 3.802163 | lr 2.5711e-04 | norm: 0.4726 | dt: 2948.79ms | tok/sec: 22224.69
step  5995 | loss: 3.659407 | lr 2.5703e-04 | norm: 0.4486 | dt: 2983.57ms | tok/sec: 21965.61
step  5996 | loss: 3.739579 | lr 2.5694e-04 | norm: 0.5097 | dt: 2940.82ms | tok/sec: 22284.96
step  5997 | loss: 3.797926 | lr 2.5686e-04 | norm: 0.4589 | dt: 2948.27ms | tok/sec: 22228.64
step  5998 | loss: 3.582277 | lr 2.5677e-04 | norm: 0.4611 | dt: 2941.39ms | tok/sec: 22280.59
step  5999 | loss: 3.702152 | lr 2.5669e-04 | norm: 0.4593 | dt: 2941.91ms | tok/sec: 22276.71
validation loss: 3.6608
HellaSwag accuracy: 2598/10042=0.2587
rank 0 sample 0: Hello, I'm a language model, and I don't want to get that bit confusing.
The second stage in the tutorial is: The path is to
rank 0 sample 1: Hello, I'm a language model, but here's a little more on this topic, not least because we talked about it in detail, you might want to
rank 0 sample 2: Hello, I'm a language model, but I will assume that all of this is actually a very different model.
It is not a very simple concept.
rank 0 sample 3: Hello, I'm a language model, but with a different language model.<|endoftext|>In 2005, the Global Biodiversity Monitor released a new report, the study
step  6000 | loss: 3.723714 | lr 2.5661e-04 | norm: 0.4660 | dt: 107746.07ms | tok/sec: 608.24
step  6001 | loss: 3.777381 | lr 2.5652e-04 | norm: 0.5133 | dt: 2966.15ms | tok/sec: 22094.65
step  6002 | loss: 3.854210 | lr 2.5644e-04 | norm: 0.4894 | dt: 2947.35ms | tok/sec: 22235.53
step  6003 | loss: 3.790992 | lr 2.5635e-04 | norm: 0.5109 | dt: 2949.30ms | tok/sec: 22220.90
step  6004 | loss: 3.573442 | lr 2.5627e-04 | norm: 0.4715 | dt: 2928.59ms | tok/sec: 22377.98
step  6005 | loss: 3.787374 | lr 2.5619e-04 | norm: 0.5345 | dt: 2933.17ms | tok/sec: 22343.04
step  6006 | loss: 3.739340 | lr 2.5610e-04 | norm: 0.4831 | dt: 2931.91ms | tok/sec: 22352.68
step  6007 | loss: 3.690557 | lr 2.5602e-04 | norm: 0.4610 | dt: 2946.12ms | tok/sec: 22244.83
step  6008 | loss: 3.769703 | lr 2.5593e-04 | norm: 0.6032 | dt: 2942.96ms | tok/sec: 22268.70
step  6009 | loss: 3.787534 | lr 2.5585e-04 | norm: 0.4937 | dt: 2946.33ms | tok/sec: 22243.26
step  6010 | loss: 3.757713 | lr 2.5576e-04 | norm: 0.5215 | dt: 2942.50ms | tok/sec: 22272.25
step  6011 | loss: 4.225193 | lr 2.5568e-04 | norm: 0.6775 | dt: 2965.85ms | tok/sec: 22096.87
step  6012 | loss: 3.670016 | lr 2.5560e-04 | norm: 0.5214 | dt: 2940.29ms | tok/sec: 22288.93
step  6013 | loss: 3.744818 | lr 2.5551e-04 | norm: 0.4918 | dt: 2946.26ms | tok/sec: 22243.81
step  6014 | loss: 3.816591 | lr 2.5543e-04 | norm: 0.4523 | dt: 2941.63ms | tok/sec: 22278.81
step  6015 | loss: 3.794269 | lr 2.5534e-04 | norm: 0.4535 | dt: 2947.18ms | tok/sec: 22236.84
step  6016 | loss: 3.776293 | lr 2.5526e-04 | norm: 0.5327 | dt: 2942.92ms | tok/sec: 22269.02
step  6017 | loss: 3.756592 | lr 2.5518e-04 | norm: 0.4542 | dt: 2943.23ms | tok/sec: 22266.66
step  6018 | loss: 3.719409 | lr 2.5509e-04 | norm: 0.4948 | dt: 2933.35ms | tok/sec: 22341.67
step  6019 | loss: 3.589384 | lr 2.5501e-04 | norm: 0.4541 | dt: 2952.90ms | tok/sec: 22193.75
step  6020 | loss: 3.757105 | lr 2.5492e-04 | norm: 0.4783 | dt: 2940.06ms | tok/sec: 22290.73
step  6021 | loss: 3.644373 | lr 2.5484e-04 | norm: 0.4563 | dt: 2974.12ms | tok/sec: 22035.45
step  6022 | loss: 3.741156 | lr 2.5476e-04 | norm: 0.4399 | dt: 2933.68ms | tok/sec: 22339.17
step  6023 | loss: 3.773051 | lr 2.5467e-04 | norm: 0.4924 | dt: 2951.02ms | tok/sec: 22207.88
step  6024 | loss: 3.935956 | lr 2.5459e-04 | norm: 0.7108 | dt: 2942.02ms | tok/sec: 22275.85
step  6025 | loss: 3.769867 | lr 2.5450e-04 | norm: 0.5702 | dt: 2944.20ms | tok/sec: 22259.38
step  6026 | loss: 3.929913 | lr 2.5442e-04 | norm: 0.4776 | dt: 2947.38ms | tok/sec: 22235.34
step  6027 | loss: 3.896880 | lr 2.5434e-04 | norm: 0.5285 | dt: 2947.23ms | tok/sec: 22236.51
step  6028 | loss: 3.779027 | lr 2.5425e-04 | norm: 0.4822 | dt: 2935.00ms | tok/sec: 22329.13
step  6029 | loss: 3.670846 | lr 2.5417e-04 | norm: 0.4720 | dt: 2942.47ms | tok/sec: 22272.42
step  6030 | loss: 3.729731 | lr 2.5408e-04 | norm: 0.4656 | dt: 2965.34ms | tok/sec: 22100.68
step  6031 | loss: 3.658453 | lr 2.5400e-04 | norm: 0.4571 | dt: 2964.92ms | tok/sec: 22103.80
step  6032 | loss: 3.723929 | lr 2.5392e-04 | norm: 0.4718 | dt: 2939.21ms | tok/sec: 22297.13
step  6033 | loss: 3.607872 | lr 2.5383e-04 | norm: 0.4314 | dt: 2944.73ms | tok/sec: 22255.37
step  6034 | loss: 3.620876 | lr 2.5375e-04 | norm: 0.5580 | dt: 2945.23ms | tok/sec: 22251.56
step  6035 | loss: 3.670465 | lr 2.5367e-04 | norm: 0.4759 | dt: 2928.16ms | tok/sec: 22381.28
step  6036 | loss: 3.769923 | lr 2.5358e-04 | norm: 0.4472 | dt: 2949.13ms | tok/sec: 22222.11
step  6037 | loss: 3.708063 | lr 2.5350e-04 | norm: 0.4411 | dt: 2944.42ms | tok/sec: 22257.68
step  6038 | loss: 3.909442 | lr 2.5341e-04 | norm: 0.5981 | dt: 2948.82ms | tok/sec: 22224.49
step  6039 | loss: 3.900206 | lr 2.5333e-04 | norm: 0.5263 | dt: 2943.16ms | tok/sec: 22267.25
step  6040 | loss: 3.587729 | lr 2.5325e-04 | norm: 0.4746 | dt: 2952.27ms | tok/sec: 22198.54
step  6041 | loss: 3.723450 | lr 2.5316e-04 | norm: 0.4702 | dt: 2964.87ms | tok/sec: 22104.15
step  6042 | loss: 3.622975 | lr 2.5308e-04 | norm: 0.4915 | dt: 2937.03ms | tok/sec: 22313.68
step  6043 | loss: 3.758499 | lr 2.5299e-04 | norm: 0.4514 | dt: 2935.25ms | tok/sec: 22327.24
step  6044 | loss: 3.804667 | lr 2.5291e-04 | norm: 0.5121 | dt: 2947.99ms | tok/sec: 22230.71
step  6045 | loss: 3.692559 | lr 2.5283e-04 | norm: 0.5270 | dt: 2942.35ms | tok/sec: 22273.32
step  6046 | loss: 3.781214 | lr 2.5274e-04 | norm: 0.4954 | dt: 2949.46ms | tok/sec: 22219.66
step  6047 | loss: 3.836777 | lr 2.5266e-04 | norm: 0.6161 | dt: 2943.37ms | tok/sec: 22265.64
step  6048 | loss: 3.660201 | lr 2.5258e-04 | norm: 0.4943 | dt: 2937.30ms | tok/sec: 22311.65
step  6049 | loss: 3.770507 | lr 2.5249e-04 | norm: 0.4813 | dt: 2944.56ms | tok/sec: 22256.64
step  6050 | loss: 3.678637 | lr 2.5241e-04 | norm: 0.4825 | dt: 2970.19ms | tok/sec: 22064.57
step  6051 | loss: 3.769370 | lr 2.5232e-04 | norm: 0.4562 | dt: 2942.25ms | tok/sec: 22274.09
step  6052 | loss: 3.765343 | lr 2.5224e-04 | norm: 0.5055 | dt: 2966.65ms | tok/sec: 22090.91
step  6053 | loss: 3.748283 | lr 2.5216e-04 | norm: 0.4793 | dt: 2936.64ms | tok/sec: 22316.64
step  6054 | loss: 3.809483 | lr 2.5207e-04 | norm: 0.5199 | dt: 2945.74ms | tok/sec: 22247.72
step  6055 | loss: 3.717788 | lr 2.5199e-04 | norm: 0.4686 | dt: 2934.37ms | tok/sec: 22333.91
step  6056 | loss: 3.730394 | lr 2.5191e-04 | norm: 0.4488 | dt: 2934.67ms | tok/sec: 22331.60
step  6057 | loss: 3.791552 | lr 2.5182e-04 | norm: 0.4503 | dt: 2951.21ms | tok/sec: 22206.48
step  6058 | loss: 3.620715 | lr 2.5174e-04 | norm: 0.4765 | dt: 2942.03ms | tok/sec: 22275.81
step  6059 | loss: 3.635088 | lr 2.5165e-04 | norm: 0.4508 | dt: 2940.13ms | tok/sec: 22290.15
step  6060 | loss: 3.762649 | lr 2.5157e-04 | norm: 0.4507 | dt: 2939.29ms | tok/sec: 22296.54
step  6061 | loss: 3.642237 | lr 2.5149e-04 | norm: 0.4367 | dt: 2945.81ms | tok/sec: 22247.22
step  6062 | loss: 3.749019 | lr 2.5140e-04 | norm: 0.4630 | dt: 2971.85ms | tok/sec: 22052.29
step  6063 | loss: 3.679651 | lr 2.5132e-04 | norm: 0.5107 | dt: 2939.11ms | tok/sec: 22297.89
step  6064 | loss: 3.767746 | lr 2.5124e-04 | norm: 0.4373 | dt: 2932.44ms | tok/sec: 22348.61
step  6065 | loss: 3.675540 | lr 2.5115e-04 | norm: 0.4187 | dt: 2947.51ms | tok/sec: 22234.33
step  6066 | loss: 3.645509 | lr 2.5107e-04 | norm: 0.4981 | dt: 2940.85ms | tok/sec: 22284.70
step  6067 | loss: 3.670070 | lr 2.5099e-04 | norm: 0.4276 | dt: 2941.92ms | tok/sec: 22276.60
step  6068 | loss: 3.763922 | lr 2.5090e-04 | norm: 0.4280 | dt: 2942.97ms | tok/sec: 22268.64
step  6069 | loss: 3.754616 | lr 2.5082e-04 | norm: 0.4403 | dt: 2940.86ms | tok/sec: 22284.64
step  6070 | loss: 3.820853 | lr 2.5073e-04 | norm: 0.4639 | dt: 2932.96ms | tok/sec: 22344.64
step  6071 | loss: 3.721175 | lr 2.5065e-04 | norm: 0.4402 | dt: 2955.33ms | tok/sec: 22175.51
step  6072 | loss: 3.626318 | lr 2.5057e-04 | norm: 0.4439 | dt: 2967.14ms | tok/sec: 22087.25
step  6073 | loss: 3.781182 | lr 2.5048e-04 | norm: 0.4507 | dt: 2944.43ms | tok/sec: 22257.62
step  6074 | loss: 3.814957 | lr 2.5040e-04 | norm: 0.4555 | dt: 2942.48ms | tok/sec: 22272.35
step  6075 | loss: 3.762694 | lr 2.5032e-04 | norm: 0.4801 | dt: 2955.91ms | tok/sec: 22171.18
step  6076 | loss: 3.814372 | lr 2.5023e-04 | norm: 0.5296 | dt: 2942.41ms | tok/sec: 22272.90
step  6077 | loss: 3.668151 | lr 2.5015e-04 | norm: 0.4696 | dt: 2939.78ms | tok/sec: 22292.85
step  6078 | loss: 3.873497 | lr 2.5007e-04 | norm: 0.5232 | dt: 2940.04ms | tok/sec: 22290.86
step  6079 | loss: 4.145810 | lr 2.4998e-04 | norm: 0.8067 | dt: 2947.45ms | tok/sec: 22234.80
step  6080 | loss: 3.678364 | lr 2.4990e-04 | norm: 0.5531 | dt: 2946.31ms | tok/sec: 22243.41
step  6081 | loss: 3.666330 | lr 2.4982e-04 | norm: 0.6264 | dt: 2947.94ms | tok/sec: 22231.11
step  6082 | loss: 3.739946 | lr 2.4973e-04 | norm: 0.5804 | dt: 2979.00ms | tok/sec: 21999.35
step  6083 | loss: 3.745038 | lr 2.4965e-04 | norm: 0.5469 | dt: 2932.16ms | tok/sec: 22350.75
step  6084 | loss: 3.588136 | lr 2.4957e-04 | norm: 0.5499 | dt: 2952.15ms | tok/sec: 22199.42
step  6085 | loss: 3.722812 | lr 2.4948e-04 | norm: 0.5307 | dt: 2940.09ms | tok/sec: 22290.47
step  6086 | loss: 3.770137 | lr 2.4940e-04 | norm: 0.5570 | dt: 2939.64ms | tok/sec: 22293.89
step  6087 | loss: 3.651837 | lr 2.4931e-04 | norm: 0.4930 | dt: 2950.21ms | tok/sec: 22214.02
step  6088 | loss: 3.778377 | lr 2.4923e-04 | norm: 0.5362 | dt: 2945.75ms | tok/sec: 22247.67
step  6089 | loss: 3.715082 | lr 2.4915e-04 | norm: 0.5293 | dt: 2939.89ms | tok/sec: 22291.97
step  6090 | loss: 3.779128 | lr 2.4906e-04 | norm: 0.4595 | dt: 2941.82ms | tok/sec: 22277.38
step  6091 | loss: 4.134592 | lr 2.4898e-04 | norm: 0.6728 | dt: 2969.24ms | tok/sec: 22071.66
step  6092 | loss: 3.750198 | lr 2.4890e-04 | norm: 0.5083 | dt: 2964.75ms | tok/sec: 22105.09
step  6093 | loss: 3.741368 | lr 2.4881e-04 | norm: 0.4712 | dt: 2945.28ms | tok/sec: 22251.19
step  6094 | loss: 3.886970 | lr 2.4873e-04 | norm: 0.7208 | dt: 2941.97ms | tok/sec: 22276.25
step  6095 | loss: 3.580825 | lr 2.4865e-04 | norm: 0.5531 | dt: 2947.24ms | tok/sec: 22236.40
step  6096 | loss: 3.581690 | lr 2.4856e-04 | norm: 0.5231 | dt: 2942.77ms | tok/sec: 22270.18
step  6097 | loss: 3.711695 | lr 2.4848e-04 | norm: 0.4653 | dt: 2942.07ms | tok/sec: 22275.50
step  6098 | loss: 3.939507 | lr 2.4840e-04 | norm: 0.5241 | dt: 2946.16ms | tok/sec: 22244.52
step  6099 | loss: 3.814915 | lr 2.4831e-04 | norm: 0.5091 | dt: 2952.97ms | tok/sec: 22193.27
step  6100 | loss: 3.829725 | lr 2.4823e-04 | norm: 0.5964 | dt: 2940.65ms | tok/sec: 22286.20
step  6101 | loss: 3.789703 | lr 2.4815e-04 | norm: 0.4716 | dt: 2940.35ms | tok/sec: 22288.47
step  6102 | loss: 3.758705 | lr 2.4806e-04 | norm: 0.4913 | dt: 2974.65ms | tok/sec: 22031.48
step  6103 | loss: 3.796370 | lr 2.4798e-04 | norm: 0.4841 | dt: 4511.24ms | tok/sec: 14527.27
step  6104 | loss: 3.734803 | lr 2.4790e-04 | norm: 0.4623 | dt: 2942.46ms | tok/sec: 22272.53
step  6105 | loss: 3.699805 | lr 2.4781e-04 | norm: 0.4902 | dt: 2945.61ms | tok/sec: 22248.73
step  6106 | loss: 3.817911 | lr 2.4773e-04 | norm: 0.4932 | dt: 2945.23ms | tok/sec: 22251.59
step  6107 | loss: 3.573828 | lr 2.4765e-04 | norm: 0.5028 | dt: 2944.05ms | tok/sec: 22260.46
step  6108 | loss: 3.799150 | lr 2.4756e-04 | norm: 0.4921 | dt: 2951.84ms | tok/sec: 22201.78
step  6109 | loss: 3.703715 | lr 2.4748e-04 | norm: 0.4524 | dt: 2952.71ms | tok/sec: 22195.21
step  6110 | loss: 3.679702 | lr 2.4740e-04 | norm: 0.4650 | dt: 2947.98ms | tok/sec: 22230.84
step  6111 | loss: 3.669151 | lr 2.4731e-04 | norm: 0.4787 | dt: 2972.34ms | tok/sec: 22048.64
step  6112 | loss: 3.853780 | lr 2.4723e-04 | norm: 0.5501 | dt: 2966.60ms | tok/sec: 22091.31
step  6113 | loss: 3.685189 | lr 2.4715e-04 | norm: 0.4993 | dt: 2948.76ms | tok/sec: 22224.90
step  6114 | loss: 3.728074 | lr 2.4706e-04 | norm: 0.4599 | dt: 2944.14ms | tok/sec: 22259.79
step  6115 | loss: 3.677269 | lr 2.4698e-04 | norm: 0.4920 | dt: 2947.20ms | tok/sec: 22236.69
step  6116 | loss: 3.718180 | lr 2.4690e-04 | norm: 0.4434 | dt: 2938.95ms | tok/sec: 22299.10
step  6117 | loss: 3.744674 | lr 2.4681e-04 | norm: 0.4507 | dt: 2948.68ms | tok/sec: 22225.57
step  6118 | loss: 3.674445 | lr 2.4673e-04 | norm: 0.4257 | dt: 2952.53ms | tok/sec: 22196.56
step  6119 | loss: 3.734204 | lr 2.4665e-04 | norm: 0.4305 | dt: 2947.82ms | tok/sec: 22231.99
step  6120 | loss: 3.861613 | lr 2.4657e-04 | norm: 0.4552 | dt: 2943.77ms | tok/sec: 22262.60
step  6121 | loss: 3.917723 | lr 2.4648e-04 | norm: 0.5237 | dt: 2948.82ms | tok/sec: 22224.45
step  6122 | loss: 3.805734 | lr 2.4640e-04 | norm: 0.4451 | dt: 2983.45ms | tok/sec: 21966.55
step  6123 | loss: 3.417801 | lr 2.4632e-04 | norm: 0.9559 | dt: 2948.86ms | tok/sec: 22224.18
step  6124 | loss: 3.619267 | lr 2.4623e-04 | norm: 0.4753 | dt: 2936.82ms | tok/sec: 22315.32
step  6125 | loss: 3.680740 | lr 2.4615e-04 | norm: 0.5048 | dt: 2951.81ms | tok/sec: 22201.97
step  6126 | loss: 3.702075 | lr 2.4607e-04 | norm: 0.5048 | dt: 2941.13ms | tok/sec: 22282.56
step  6127 | loss: 3.684488 | lr 2.4598e-04 | norm: 0.5386 | dt: 2945.83ms | tok/sec: 22247.03
step  6128 | loss: 3.687663 | lr 2.4590e-04 | norm: 0.4672 | dt: 2943.24ms | tok/sec: 22266.59
step  6129 | loss: 3.557607 | lr 2.4582e-04 | norm: 0.4754 | dt: 2939.46ms | tok/sec: 22295.29
step  6130 | loss: 3.677014 | lr 2.4573e-04 | norm: 0.4689 | dt: 2950.37ms | tok/sec: 22212.82
step  6131 | loss: 3.865672 | lr 2.4565e-04 | norm: 0.5006 | dt: 2966.57ms | tok/sec: 22091.49
step  6132 | loss: 3.922010 | lr 2.4557e-04 | norm: 0.5298 | dt: 2961.73ms | tok/sec: 22127.63
step  6133 | loss: 3.632198 | lr 2.4548e-04 | norm: 0.4668 | dt: 2941.30ms | tok/sec: 22281.29
step  6134 | loss: 3.681059 | lr 2.4540e-04 | norm: 0.4804 | dt: 2950.47ms | tok/sec: 22212.05
step  6135 | loss: 3.948619 | lr 2.4532e-04 | norm: 0.4993 | dt: 2951.72ms | tok/sec: 22202.66
step  6136 | loss: 3.746523 | lr 2.4524e-04 | norm: 0.4260 | dt: 2947.39ms | tok/sec: 22235.24
step  6137 | loss: 3.618912 | lr 2.4515e-04 | norm: 0.4886 | dt: 2941.30ms | tok/sec: 22281.30
step  6138 | loss: 3.783175 | lr 2.4507e-04 | norm: 0.5618 | dt: 2948.34ms | tok/sec: 22228.10
step  6139 | loss: 3.666440 | lr 2.4499e-04 | norm: 0.4836 | dt: 2954.40ms | tok/sec: 22182.49
step  6140 | loss: 3.567696 | lr 2.4490e-04 | norm: 0.4564 | dt: 2936.27ms | tok/sec: 22319.47
step  6141 | loss: 3.786246 | lr 2.4482e-04 | norm: 0.4928 | dt: 2938.52ms | tok/sec: 22302.35
step  6142 | loss: 3.658517 | lr 2.4474e-04 | norm: 0.4945 | dt: 2940.51ms | tok/sec: 22287.31
step  6143 | loss: 3.716681 | lr 2.4465e-04 | norm: 0.4748 | dt: 2972.71ms | tok/sec: 22045.86
step  6144 | loss: 3.763941 | lr 2.4457e-04 | norm: 0.5053 | dt: 2929.39ms | tok/sec: 22371.92
step  6145 | loss: 3.644924 | lr 2.4449e-04 | norm: 0.4992 | dt: 2941.81ms | tok/sec: 22277.44
step  6146 | loss: 3.643174 | lr 2.4441e-04 | norm: 0.4269 | dt: 2945.42ms | tok/sec: 22250.10
step  6147 | loss: 3.650262 | lr 2.4432e-04 | norm: 0.5013 | dt: 2945.23ms | tok/sec: 22251.55
step  6148 | loss: 3.599341 | lr 2.4424e-04 | norm: 0.4745 | dt: 2940.47ms | tok/sec: 22287.56
step  6149 | loss: 3.673496 | lr 2.4416e-04 | norm: 0.4622 | dt: 2945.34ms | tok/sec: 22250.75
step  6150 | loss: 3.644076 | lr 2.4407e-04 | norm: 0.4570 | dt: 2945.62ms | tok/sec: 22248.63
step  6151 | loss: 3.776052 | lr 2.4399e-04 | norm: 0.5318 | dt: 2962.58ms | tok/sec: 22121.25
step  6152 | loss: 3.718923 | lr 2.4391e-04 | norm: 0.4656 | dt: 2944.23ms | tok/sec: 22259.17
step  6153 | loss: 3.574160 | lr 2.4383e-04 | norm: 0.7591 | dt: 2966.69ms | tok/sec: 22090.63
step  6154 | loss: 3.663529 | lr 2.4374e-04 | norm: 0.4428 | dt: 2939.02ms | tok/sec: 22298.57
step  6155 | loss: 3.698589 | lr 2.4366e-04 | norm: 0.4604 | dt: 2941.28ms | tok/sec: 22281.44
step  6156 | loss: 3.689093 | lr 2.4358e-04 | norm: 0.4712 | dt: 2945.36ms | tok/sec: 22250.59
step  6157 | loss: 3.661749 | lr 2.4349e-04 | norm: 0.4934 | dt: 2943.66ms | tok/sec: 22263.45
step  6158 | loss: 3.636997 | lr 2.4341e-04 | norm: 0.4737 | dt: 2950.90ms | tok/sec: 22208.80
step  6159 | loss: 3.656451 | lr 2.4333e-04 | norm: 0.4286 | dt: 2940.46ms | tok/sec: 22287.67
step  6160 | loss: 3.757563 | lr 2.4325e-04 | norm: 0.4442 | dt: 2937.17ms | tok/sec: 22312.63
step  6161 | loss: 3.818069 | lr 2.4316e-04 | norm: 0.5368 | dt: 2947.24ms | tok/sec: 22236.38
step  6162 | loss: 3.763209 | lr 2.4308e-04 | norm: 0.4708 | dt: 2943.40ms | tok/sec: 22265.43
step  6163 | loss: 3.751861 | lr 2.4300e-04 | norm: 0.4539 | dt: 2971.86ms | tok/sec: 22052.19
step  6164 | loss: 3.564747 | lr 2.4291e-04 | norm: 0.4515 | dt: 2941.30ms | tok/sec: 22281.29
step  6165 | loss: 3.895153 | lr 2.4283e-04 | norm: 0.4949 | dt: 2938.80ms | tok/sec: 22300.27
step  6166 | loss: 3.694134 | lr 2.4275e-04 | norm: 0.4125 | dt: 2952.77ms | tok/sec: 22194.77
step  6167 | loss: 3.630915 | lr 2.4267e-04 | norm: 0.4450 | dt: 2939.60ms | tok/sec: 22294.17
step  6168 | loss: 3.489669 | lr 2.4258e-04 | norm: 0.4596 | dt: 2939.01ms | tok/sec: 22298.66
step  6169 | loss: 3.845751 | lr 2.4250e-04 | norm: 0.5336 | dt: 2950.55ms | tok/sec: 22211.44
step  6170 | loss: 3.750059 | lr 2.4242e-04 | norm: 0.4269 | dt: 2935.58ms | tok/sec: 22324.68
step  6171 | loss: 3.735639 | lr 2.4234e-04 | norm: 0.4971 | dt: 2947.46ms | tok/sec: 22234.73
step  6172 | loss: 3.430091 | lr 2.4225e-04 | norm: 0.4738 | dt: 2961.20ms | tok/sec: 22131.59
step  6173 | loss: 3.738925 | lr 2.4217e-04 | norm: 0.4933 | dt: 2950.31ms | tok/sec: 22213.26
step  6174 | loss: 3.689979 | lr 2.4209e-04 | norm: 0.4666 | dt: 2941.29ms | tok/sec: 22281.37
step  6175 | loss: 3.676423 | lr 2.4200e-04 | norm: 0.4420 | dt: 2944.71ms | tok/sec: 22255.47
step  6176 | loss: 3.656493 | lr 2.4192e-04 | norm: 0.4106 | dt: 2937.01ms | tok/sec: 22313.88
step  6177 | loss: 3.738586 | lr 2.4184e-04 | norm: 0.4354 | dt: 2953.79ms | tok/sec: 22187.08
step  6178 | loss: 3.760930 | lr 2.4176e-04 | norm: 0.4897 | dt: 2940.45ms | tok/sec: 22287.75
step  6179 | loss: 3.671553 | lr 2.4167e-04 | norm: 0.4528 | dt: 2947.97ms | tok/sec: 22230.90
step  6180 | loss: 3.643590 | lr 2.4159e-04 | norm: 0.4662 | dt: 2951.60ms | tok/sec: 22203.54
step  6181 | loss: 3.578227 | lr 2.4151e-04 | norm: 0.4694 | dt: 2939.81ms | tok/sec: 22292.60
step  6182 | loss: 3.884732 | lr 2.4143e-04 | norm: 0.4704 | dt: 2932.43ms | tok/sec: 22348.69
step  6183 | loss: 3.797303 | lr 2.4134e-04 | norm: 0.5003 | dt: 2980.24ms | tok/sec: 21990.14
step  6184 | loss: 3.721916 | lr 2.4126e-04 | norm: 0.4620 | dt: 2938.07ms | tok/sec: 22305.82
step  6185 | loss: 3.644727 | lr 2.4118e-04 | norm: 0.4788 | dt: 2942.43ms | tok/sec: 22272.77
step  6186 | loss: 3.725740 | lr 2.4110e-04 | norm: 0.4695 | dt: 2938.17ms | tok/sec: 22305.06
step  6187 | loss: 3.654437 | lr 2.4101e-04 | norm: 0.4474 | dt: 2941.56ms | tok/sec: 22279.33
step  6188 | loss: 3.648992 | lr 2.4093e-04 | norm: 0.4321 | dt: 2939.41ms | tok/sec: 22295.60
step  6189 | loss: 3.710345 | lr 2.4085e-04 | norm: 0.4652 | dt: 2934.22ms | tok/sec: 22335.06
step  6190 | loss: 3.690057 | lr 2.4077e-04 | norm: 0.4642 | dt: 2949.27ms | tok/sec: 22221.11
step  6191 | loss: 3.723335 | lr 2.4068e-04 | norm: 0.4081 | dt: 2934.78ms | tok/sec: 22330.80
step  6192 | loss: 3.763886 | lr 2.4060e-04 | norm: 0.4663 | dt: 2960.39ms | tok/sec: 22137.62
step  6193 | loss: 3.756145 | lr 2.4052e-04 | norm: 0.4938 | dt: 2958.16ms | tok/sec: 22154.29
step  6194 | loss: 3.718386 | lr 2.4044e-04 | norm: 0.5450 | dt: 2948.06ms | tok/sec: 22230.19
step  6195 | loss: 3.698638 | lr 2.4035e-04 | norm: 0.4380 | dt: 2944.37ms | tok/sec: 22258.08
step  6196 | loss: 3.775313 | lr 2.4027e-04 | norm: 0.4450 | dt: 2943.54ms | tok/sec: 22264.38
step  6197 | loss: 3.664212 | lr 2.4019e-04 | norm: 0.4182 | dt: 2938.54ms | tok/sec: 22302.21
step  6198 | loss: 3.770561 | lr 2.4011e-04 | norm: 0.4596 | dt: 2929.35ms | tok/sec: 22372.18
step  6199 | loss: 3.711375 | lr 2.4002e-04 | norm: 0.4547 | dt: 2942.75ms | tok/sec: 22270.36
step  6200 | loss: 3.536726 | lr 2.3994e-04 | norm: 0.4797 | dt: 2939.19ms | tok/sec: 22297.29
step  6201 | loss: 3.681769 | lr 2.3986e-04 | norm: 0.4824 | dt: 2941.39ms | tok/sec: 22280.61
step  6202 | loss: 3.704896 | lr 2.3978e-04 | norm: 0.4517 | dt: 2935.95ms | tok/sec: 22321.93
step  6203 | loss: 3.599597 | lr 2.3969e-04 | norm: 0.4472 | dt: 2981.00ms | tok/sec: 21984.54
step  6204 | loss: 3.916220 | lr 2.3961e-04 | norm: 0.4716 | dt: 2943.77ms | tok/sec: 22262.60
step  6205 | loss: 3.528419 | lr 2.3953e-04 | norm: 0.4904 | dt: 2943.07ms | tok/sec: 22267.92
step  6206 | loss: 3.707987 | lr 2.3945e-04 | norm: 0.4994 | dt: 2945.84ms | tok/sec: 22246.95
step  6207 | loss: 3.643991 | lr 2.3936e-04 | norm: 0.4324 | dt: 2935.31ms | tok/sec: 22326.79
step  6208 | loss: 3.584678 | lr 2.3928e-04 | norm: 0.4478 | dt: 2955.30ms | tok/sec: 22175.75
step  6209 | loss: 3.604346 | lr 2.3920e-04 | norm: 0.4490 | dt: 2941.96ms | tok/sec: 22276.34
step  6210 | loss: 3.716020 | lr 2.3912e-04 | norm: 0.4835 | dt: 2942.46ms | tok/sec: 22272.48
step  6211 | loss: 3.758698 | lr 2.3903e-04 | norm: 0.5051 | dt: 2943.12ms | tok/sec: 22267.51
step  6212 | loss: 3.642323 | lr 2.3895e-04 | norm: 0.4311 | dt: 2945.17ms | tok/sec: 22252.05
step  6213 | loss: 3.627552 | lr 2.3887e-04 | norm: 0.4169 | dt: 2944.86ms | tok/sec: 22254.35
step  6214 | loss: 3.715298 | lr 2.3879e-04 | norm: 0.4495 | dt: 2970.71ms | tok/sec: 22060.68
step  6215 | loss: 3.521684 | lr 2.3871e-04 | norm: 0.4627 | dt: 2951.39ms | tok/sec: 22205.11
step  6216 | loss: 3.802895 | lr 2.3862e-04 | norm: 0.5536 | dt: 2949.25ms | tok/sec: 22221.24
step  6217 | loss: 3.621235 | lr 2.3854e-04 | norm: 0.4781 | dt: 2946.00ms | tok/sec: 22245.79
step  6218 | loss: 3.512739 | lr 2.3846e-04 | norm: 0.4939 | dt: 2939.43ms | tok/sec: 22295.50
step  6219 | loss: 3.710232 | lr 2.3838e-04 | norm: 0.4692 | dt: 2944.25ms | tok/sec: 22258.98
step  6220 | loss: 3.654248 | lr 2.3829e-04 | norm: 0.4637 | dt: 2939.08ms | tok/sec: 22298.10
step  6221 | loss: 3.599433 | lr 2.3821e-04 | norm: 0.4417 | dt: 2945.92ms | tok/sec: 22246.37
step  6222 | loss: 3.802301 | lr 2.3813e-04 | norm: 0.4268 | dt: 2942.29ms | tok/sec: 22273.79
step  6223 | loss: 3.707032 | lr 2.3805e-04 | norm: 0.5199 | dt: 2947.77ms | tok/sec: 22232.42
step  6224 | loss: 3.657270 | lr 2.3797e-04 | norm: 0.4567 | dt: 2974.24ms | tok/sec: 22034.57
step  6225 | loss: 3.566611 | lr 2.3788e-04 | norm: 0.4945 | dt: 2951.62ms | tok/sec: 22203.43
step  6226 | loss: 3.639638 | lr 2.3780e-04 | norm: 0.4751 | dt: 2954.66ms | tok/sec: 22180.59
step  6227 | loss: 3.655406 | lr 2.3772e-04 | norm: 0.4673 | dt: 2948.73ms | tok/sec: 22225.13
step  6228 | loss: 3.602117 | lr 2.3764e-04 | norm: 0.4665 | dt: 2943.78ms | tok/sec: 22262.53
step  6229 | loss: 3.661477 | lr 2.3755e-04 | norm: 0.5143 | dt: 2933.07ms | tok/sec: 22343.81
step  6230 | loss: 3.452886 | lr 2.3747e-04 | norm: 0.4785 | dt: 2949.99ms | tok/sec: 22215.68
step  6231 | loss: 3.746141 | lr 2.3739e-04 | norm: 0.9729 | dt: 2944.16ms | tok/sec: 22259.66
step  6232 | loss: 3.611560 | lr 2.3731e-04 | norm: 0.4899 | dt: 2947.20ms | tok/sec: 22236.70
step  6233 | loss: 3.574763 | lr 2.3723e-04 | norm: 0.5295 | dt: 2963.76ms | tok/sec: 22112.45
step  6234 | loss: 3.623050 | lr 2.3714e-04 | norm: 0.4789 | dt: 2951.17ms | tok/sec: 22206.77
step  6235 | loss: 3.588130 | lr 2.3706e-04 | norm: 0.4666 | dt: 2948.27ms | tok/sec: 22228.60
step  6236 | loss: 3.582710 | lr 2.3698e-04 | norm: 0.4751 | dt: 2949.00ms | tok/sec: 22223.16
step  6237 | loss: 3.569478 | lr 2.3690e-04 | norm: 0.4656 | dt: 2950.97ms | tok/sec: 22208.28
step  6238 | loss: 3.618363 | lr 2.3682e-04 | norm: 0.5836 | dt: 2941.38ms | tok/sec: 22280.67
step  6239 | loss: 4.225616 | lr 2.3673e-04 | norm: 0.9225 | dt: 2942.66ms | tok/sec: 22271.01
step  6240 | loss: 3.731085 | lr 2.3665e-04 | norm: 0.5061 | dt: 2945.98ms | tok/sec: 22245.92
step  6241 | loss: 3.598705 | lr 2.3657e-04 | norm: 0.5084 | dt: 2944.90ms | tok/sec: 22254.03
step  6242 | loss: 3.366506 | lr 2.3649e-04 | norm: 0.6380 | dt: 2942.18ms | tok/sec: 22274.63
step  6243 | loss: 3.444384 | lr 2.3640e-04 | norm: 0.4877 | dt: 2949.07ms | tok/sec: 22222.60
step  6244 | loss: 3.598241 | lr 2.3632e-04 | norm: 0.5748 | dt: 2983.02ms | tok/sec: 21969.71
step  6245 | loss: 3.504713 | lr 2.3624e-04 | norm: 0.4705 | dt: 2945.01ms | tok/sec: 22253.20
step  6246 | loss: 3.801969 | lr 2.3616e-04 | norm: 0.6727 | dt: 2942.71ms | tok/sec: 22270.59
step  6247 | loss: 3.707099 | lr 2.3608e-04 | norm: 0.5892 | dt: 2937.02ms | tok/sec: 22313.75
step  6248 | loss: 3.994166 | lr 2.3599e-04 | norm: 0.8246 | dt: 2935.74ms | tok/sec: 22323.47
step  6249 | loss: 3.570087 | lr 2.3591e-04 | norm: 0.5659 | dt: 2934.69ms | tok/sec: 22331.47
step  6250 | loss: 3.627773 | lr 2.3583e-04 | norm: 0.5838 | dt: 2943.98ms | tok/sec: 22261.02
step  6251 | loss: 3.682153 | lr 2.3575e-04 | norm: 0.5416 | dt: 2946.90ms | tok/sec: 22238.94
step  6252 | loss: 3.472186 | lr 2.3567e-04 | norm: 0.5121 | dt: 2944.78ms | tok/sec: 22254.98
step  6253 | loss: 3.470280 | lr 2.3559e-04 | norm: 0.4754 | dt: 2951.87ms | tok/sec: 22201.51
step  6254 | loss: 3.695923 | lr 2.3550e-04 | norm: 0.5502 | dt: 2951.63ms | tok/sec: 22203.32
step  6255 | loss: 3.515703 | lr 2.3542e-04 | norm: 0.4717 | dt: 2940.97ms | tok/sec: 22283.80
step  6256 | loss: 3.642651 | lr 2.3534e-04 | norm: 0.5187 | dt: 2952.45ms | tok/sec: 22197.15
step  6257 | loss: 3.580778 | lr 2.3526e-04 | norm: 0.5011 | dt: 2941.38ms | tok/sec: 22280.69
step  6258 | loss: 3.444890 | lr 2.3518e-04 | norm: 0.4863 | dt: 2941.55ms | tok/sec: 22279.39
step  6259 | loss: 3.478500 | lr 2.3509e-04 | norm: 0.5043 | dt: 2951.41ms | tok/sec: 22204.97
step  6260 | loss: 3.639710 | lr 2.3501e-04 | norm: 0.4430 | dt: 2939.56ms | tok/sec: 22294.49
step  6261 | loss: 3.556757 | lr 2.3493e-04 | norm: 0.5077 | dt: 2935.97ms | tok/sec: 22321.76
step  6262 | loss: 3.481025 | lr 2.3485e-04 | norm: 0.5200 | dt: 2937.60ms | tok/sec: 22309.34
step  6263 | loss: 3.499421 | lr 2.3477e-04 | norm: 0.4622 | dt: 2939.41ms | tok/sec: 22295.63
step  6264 | loss: 3.516290 | lr 2.3468e-04 | norm: 0.4717 | dt: 2945.92ms | tok/sec: 22246.39
step  6265 | loss: 3.547720 | lr 2.3460e-04 | norm: 0.4529 | dt: 2982.63ms | tok/sec: 21972.52
step  6266 | loss: 3.513171 | lr 2.3452e-04 | norm: 0.4394 | dt: 2940.76ms | tok/sec: 22285.39
step  6267 | loss: 3.555723 | lr 2.3444e-04 | norm: 0.4526 | dt: 2942.21ms | tok/sec: 22274.40
step  6268 | loss: 3.410618 | lr 2.3436e-04 | norm: 0.4358 | dt: 2937.67ms | tok/sec: 22308.80
step  6269 | loss: 3.604570 | lr 2.3428e-04 | norm: 0.4619 | dt: 2939.41ms | tok/sec: 22295.62
step  6270 | loss: 3.538140 | lr 2.3419e-04 | norm: 0.4616 | dt: 2945.71ms | tok/sec: 22247.95
step  6271 | loss: 3.568853 | lr 2.3411e-04 | norm: 0.4796 | dt: 2946.57ms | tok/sec: 22241.47
step  6272 | loss: 3.520992 | lr 2.3403e-04 | norm: 0.4790 | dt: 2945.86ms | tok/sec: 22246.84
step  6273 | loss: 3.511215 | lr 2.3395e-04 | norm: 0.6840 | dt: 2968.75ms | tok/sec: 22075.27
step  6274 | loss: 3.584768 | lr 2.3387e-04 | norm: 0.4945 | dt: 2944.23ms | tok/sec: 22259.15
step  6275 | loss: 3.604699 | lr 2.3379e-04 | norm: 0.4484 | dt: 2964.96ms | tok/sec: 22103.52
step  6276 | loss: 3.614552 | lr 2.3370e-04 | norm: 0.4646 | dt: 2938.81ms | tok/sec: 22300.19
step  6277 | loss: 3.678445 | lr 2.3362e-04 | norm: 0.4655 | dt: 2933.05ms | tok/sec: 22343.97
step  6278 | loss: 3.538609 | lr 2.3354e-04 | norm: 0.4169 | dt: 2946.51ms | tok/sec: 22241.88
step  6279 | loss: 3.607825 | lr 2.3346e-04 | norm: 0.4396 | dt: 2940.44ms | tok/sec: 22287.84
step  6280 | loss: 3.605808 | lr 2.3338e-04 | norm: 0.4818 | dt: 2942.63ms | tok/sec: 22271.21
step  6281 | loss: 3.568044 | lr 2.3330e-04 | norm: 0.4413 | dt: 2938.83ms | tok/sec: 22300.05
step  6282 | loss: 3.626264 | lr 2.3321e-04 | norm: 0.4367 | dt: 2952.99ms | tok/sec: 22193.11
step  6283 | loss: 3.615077 | lr 2.3313e-04 | norm: 0.4094 | dt: 2950.43ms | tok/sec: 22212.37
step  6284 | loss: 3.546301 | lr 2.3305e-04 | norm: 0.4635 | dt: 2939.56ms | tok/sec: 22294.50
step  6285 | loss: 3.517551 | lr 2.3297e-04 | norm: 0.4506 | dt: 2979.86ms | tok/sec: 21992.99
step  6286 | loss: 3.953258 | lr 2.3289e-04 | norm: 0.9057 | dt: 2936.45ms | tok/sec: 22318.13
step  6287 | loss: 3.765796 | lr 2.3281e-04 | norm: 0.5612 | dt: 2947.65ms | tok/sec: 22233.34
step  6288 | loss: 3.648790 | lr 2.3272e-04 | norm: 0.5785 | dt: 2935.38ms | tok/sec: 22326.21
step  6289 | loss: 3.561492 | lr 2.3264e-04 | norm: 0.5238 | dt: 2959.17ms | tok/sec: 22146.72
step  6290 | loss: 3.525546 | lr 2.3256e-04 | norm: 0.4879 | dt: 2950.19ms | tok/sec: 22214.19
step  6291 | loss: 3.625833 | lr 2.3248e-04 | norm: 0.4731 | dt: 2933.52ms | tok/sec: 22340.41
step  6292 | loss: 3.600352 | lr 2.3240e-04 | norm: 0.4857 | dt: 2947.72ms | tok/sec: 22232.77
step  6293 | loss: 3.500633 | lr 2.3232e-04 | norm: 0.4623 | dt: 2945.49ms | tok/sec: 22249.59
step  6294 | loss: 3.566127 | lr 2.3223e-04 | norm: 0.4368 | dt: 2939.26ms | tok/sec: 22296.75
step  6295 | loss: 3.446040 | lr 2.3215e-04 | norm: 0.4645 | dt: 2970.45ms | tok/sec: 22062.64
step  6296 | loss: 3.533115 | lr 2.3207e-04 | norm: 0.4866 | dt: 2942.19ms | tok/sec: 22274.53
step  6297 | loss: 3.689265 | lr 2.3199e-04 | norm: 0.4606 | dt: 2949.65ms | tok/sec: 22218.24
step  6298 | loss: 3.563107 | lr 2.3191e-04 | norm: 0.4594 | dt: 2950.46ms | tok/sec: 22212.11
step  6299 | loss: 3.693347 | lr 2.3183e-04 | norm: 0.4912 | dt: 2941.85ms | tok/sec: 22277.10
step  6300 | loss: 3.570007 | lr 2.3175e-04 | norm: 0.4585 | dt: 2940.53ms | tok/sec: 22287.12
step  6301 | loss: 3.700462 | lr 2.3166e-04 | norm: 0.5030 | dt: 2950.74ms | tok/sec: 22209.99
step  6302 | loss: 3.645475 | lr 2.3158e-04 | norm: 0.4731 | dt: 2952.31ms | tok/sec: 22198.18
step  6303 | loss: 3.560653 | lr 2.3150e-04 | norm: 0.4602 | dt: 2938.52ms | tok/sec: 22302.37
step  6304 | loss: 3.675181 | lr 2.3142e-04 | norm: 0.4815 | dt: 2944.29ms | tok/sec: 22258.67
step  6305 | loss: 3.478207 | lr 2.3134e-04 | norm: 0.4231 | dt: 2999.27ms | tok/sec: 21850.67
step  6306 | loss: 3.589148 | lr 2.3126e-04 | norm: 0.4403 | dt: 2936.38ms | tok/sec: 22318.65
step  6307 | loss: 3.653404 | lr 2.3118e-04 | norm: 0.4545 | dt: 2944.15ms | tok/sec: 22259.73
step  6308 | loss: 3.647552 | lr 2.3109e-04 | norm: 0.4515 | dt: 2941.31ms | tok/sec: 22281.19
step  6309 | loss: 3.584792 | lr 2.3101e-04 | norm: 0.5164 | dt: 2945.80ms | tok/sec: 22247.27
step  6310 | loss: 3.525917 | lr 2.3093e-04 | norm: 0.4457 | dt: 2928.49ms | tok/sec: 22378.77
step  6311 | loss: 3.420520 | lr 2.3085e-04 | norm: 0.4366 | dt: 2935.31ms | tok/sec: 22326.75
step  6312 | loss: 3.581144 | lr 2.3077e-04 | norm: 0.4247 | dt: 2949.72ms | tok/sec: 22217.72
step  6313 | loss: 3.561307 | lr 2.3069e-04 | norm: 0.4220 | dt: 2947.68ms | tok/sec: 22233.06
step  6314 | loss: 3.621913 | lr 2.3061e-04 | norm: 0.4322 | dt: 2960.82ms | tok/sec: 22134.39
step  6315 | loss: 3.659569 | lr 2.3053e-04 | norm: 0.4311 | dt: 2970.50ms | tok/sec: 22062.25
step  6316 | loss: 3.647781 | lr 2.3044e-04 | norm: 0.4369 | dt: 2934.98ms | tok/sec: 22329.26
step  6317 | loss: 3.489430 | lr 2.3036e-04 | norm: 0.4226 | dt: 2940.63ms | tok/sec: 22286.35
step  6318 | loss: 3.530808 | lr 2.3028e-04 | norm: 0.4107 | dt: 2937.38ms | tok/sec: 22311.06
step  6319 | loss: 3.471806 | lr 2.3020e-04 | norm: 0.4180 | dt: 2943.05ms | tok/sec: 22268.07
step  6320 | loss: 3.839067 | lr 2.3012e-04 | norm: 0.5568 | dt: 2942.90ms | tok/sec: 22269.21
step  6321 | loss: 3.666887 | lr 2.3004e-04 | norm: 0.4546 | dt: 2938.63ms | tok/sec: 22301.58
step  6322 | loss: 3.746979 | lr 2.2996e-04 | norm: 0.5450 | dt: 2929.02ms | tok/sec: 22374.75
step  6323 | loss: 3.616323 | lr 2.2988e-04 | norm: 0.4507 | dt: 2936.66ms | tok/sec: 22316.50
step  6324 | loss: 3.619410 | lr 2.2979e-04 | norm: 0.4188 | dt: 2946.92ms | tok/sec: 22238.85
step  6325 | loss: 3.620127 | lr 2.2971e-04 | norm: 0.4974 | dt: 2942.02ms | tok/sec: 22275.89
step  6326 | loss: 3.783050 | lr 2.2963e-04 | norm: 0.4483 | dt: 2974.52ms | tok/sec: 22032.43
step  6327 | loss: 3.729520 | lr 2.2955e-04 | norm: 0.4788 | dt: 2945.15ms | tok/sec: 22252.19
step  6328 | loss: 3.723129 | lr 2.2947e-04 | norm: 0.4638 | dt: 2945.87ms | tok/sec: 22246.71
step  6329 | loss: 3.619825 | lr 2.2939e-04 | norm: 0.5398 | dt: 2948.55ms | tok/sec: 22226.50
step  6330 | loss: 3.670245 | lr 2.2931e-04 | norm: 0.5602 | dt: 2936.52ms | tok/sec: 22317.54
step  6331 | loss: 3.632894 | lr 2.2923e-04 | norm: 0.4692 | dt: 2939.26ms | tok/sec: 22296.80
step  6332 | loss: 3.755559 | lr 2.2914e-04 | norm: 0.5837 | dt: 2949.17ms | tok/sec: 22221.86
step  6333 | loss: 3.867395 | lr 2.2906e-04 | norm: 0.5261 | dt: 2936.09ms | tok/sec: 22320.86
step  6334 | loss: 3.591540 | lr 2.2898e-04 | norm: 0.4977 | dt: 2958.55ms | tok/sec: 22151.40
step  6335 | loss: 3.633221 | lr 2.2890e-04 | norm: 0.4883 | dt: 2951.49ms | tok/sec: 22204.38
step  6336 | loss: 3.670364 | lr 2.2882e-04 | norm: 0.4559 | dt: 2950.45ms | tok/sec: 22212.19
step  6337 | loss: 3.720274 | lr 2.2874e-04 | norm: 0.4774 | dt: 2939.84ms | tok/sec: 22292.34
step  6338 | loss: 3.726289 | lr 2.2866e-04 | norm: 0.5115 | dt: 2947.15ms | tok/sec: 22237.05
step  6339 | loss: 3.699197 | lr 2.2858e-04 | norm: 0.4711 | dt: 2943.23ms | tok/sec: 22266.66
step  6340 | loss: 3.666666 | lr 2.2850e-04 | norm: 0.4640 | dt: 2932.26ms | tok/sec: 22349.96
step  6341 | loss: 3.712726 | lr 2.2841e-04 | norm: 0.4379 | dt: 2940.65ms | tok/sec: 22286.20
step  6342 | loss: 3.703215 | lr 2.2833e-04 | norm: 0.4869 | dt: 2946.89ms | tok/sec: 22239.04
step  6343 | loss: 3.721061 | lr 2.2825e-04 | norm: 0.4573 | dt: 2950.77ms | tok/sec: 22209.81
step  6344 | loss: 3.656740 | lr 2.2817e-04 | norm: 0.4631 | dt: 2947.00ms | tok/sec: 22238.20
step  6345 | loss: 3.709981 | lr 2.2809e-04 | norm: 0.4307 | dt: 2942.30ms | tok/sec: 22273.75
step  6346 | loss: 3.767546 | lr 2.2801e-04 | norm: 0.4681 | dt: 2975.62ms | tok/sec: 22024.31
step  6347 | loss: 3.675274 | lr 2.2793e-04 | norm: 0.4628 | dt: 2952.49ms | tok/sec: 22196.86
step  6348 | loss: 3.814474 | lr 2.2785e-04 | norm: 0.4601 | dt: 2945.70ms | tok/sec: 22247.99
step  6349 | loss: 3.693972 | lr 2.2777e-04 | norm: 0.5066 | dt: 2940.80ms | tok/sec: 22285.07
step  6350 | loss: 3.738642 | lr 2.2769e-04 | norm: 0.4827 | dt: 2941.54ms | tok/sec: 22279.51
step  6351 | loss: 3.742954 | lr 2.2761e-04 | norm: 0.4329 | dt: 2936.20ms | tok/sec: 22319.99
step  6352 | loss: 3.614599 | lr 2.2752e-04 | norm: 0.4626 | dt: 2943.42ms | tok/sec: 22265.29
step  6353 | loss: 3.755522 | lr 2.2744e-04 | norm: 0.4664 | dt: 2937.98ms | tok/sec: 22306.47
step  6354 | loss: 3.607641 | lr 2.2736e-04 | norm: 0.4192 | dt: 2945.78ms | tok/sec: 22247.42
step  6355 | loss: 3.652881 | lr 2.2728e-04 | norm: 0.4482 | dt: 2965.00ms | tok/sec: 22103.22
step  6356 | loss: 3.706955 | lr 2.2720e-04 | norm: 0.4509 | dt: 2960.77ms | tok/sec: 22134.81
step  6357 | loss: 3.941127 | lr 2.2712e-04 | norm: 0.5715 | dt: 2943.40ms | tok/sec: 22265.44
step  6358 | loss: 3.580959 | lr 2.2704e-04 | norm: 0.4404 | dt: 2947.53ms | tok/sec: 22234.20
step  6359 | loss: 3.700456 | lr 2.2696e-04 | norm: 0.4491 | dt: 2946.37ms | tok/sec: 22242.98
step  6360 | loss: 3.691549 | lr 2.2688e-04 | norm: 0.5316 | dt: 2937.19ms | tok/sec: 22312.46
step  6361 | loss: 3.746804 | lr 2.2680e-04 | norm: 0.4737 | dt: 2942.44ms | tok/sec: 22272.65
step  6362 | loss: 3.694709 | lr 2.2672e-04 | norm: 0.4759 | dt: 2942.68ms | tok/sec: 22270.88
step  6363 | loss: 3.753477 | lr 2.2664e-04 | norm: 0.4727 | dt: 2945.57ms | tok/sec: 22248.97
step  6364 | loss: 3.536791 | lr 2.2655e-04 | norm: 2.3075 | dt: 2946.35ms | tok/sec: 22243.15
step  6365 | loss: 3.799120 | lr 2.2647e-04 | norm: 0.4928 | dt: 2941.86ms | tok/sec: 22277.10
step  6366 | loss: 3.833333 | lr 2.2639e-04 | norm: 0.4869 | dt: 2982.13ms | tok/sec: 21976.23
step  6367 | loss: 3.701214 | lr 2.2631e-04 | norm: 0.4406 | dt: 2933.44ms | tok/sec: 22340.99
step  6368 | loss: 3.785151 | lr 2.2623e-04 | norm: 0.4969 | dt: 2936.67ms | tok/sec: 22316.44
step  6369 | loss: 3.776619 | lr 2.2615e-04 | norm: 0.4304 | dt: 2948.09ms | tok/sec: 22229.99
step  6370 | loss: 3.920719 | lr 2.2607e-04 | norm: 0.4975 | dt: 2948.27ms | tok/sec: 22228.62
step  6371 | loss: 3.766466 | lr 2.2599e-04 | norm: 0.4488 | dt: 2946.06ms | tok/sec: 22245.27
step  6372 | loss: 3.764349 | lr 2.2591e-04 | norm: 0.4931 | dt: 2950.25ms | tok/sec: 22213.71
step  6373 | loss: 3.760523 | lr 2.2583e-04 | norm: 0.4256 | dt: 2941.49ms | tok/sec: 22279.89
step  6374 | loss: 3.621253 | lr 2.2575e-04 | norm: 0.4462 | dt: 2939.15ms | tok/sec: 22297.59
step  6375 | loss: 3.772528 | lr 2.2567e-04 | norm: 0.4411 | dt: 2962.35ms | tok/sec: 22123.00
step  6376 | loss: 3.702578 | lr 2.2559e-04 | norm: 0.4540 | dt: 2963.13ms | tok/sec: 22117.12
step  6377 | loss: 3.575579 | lr 2.2551e-04 | norm: 0.4255 | dt: 2941.27ms | tok/sec: 22281.50
step  6378 | loss: 3.608333 | lr 2.2542e-04 | norm: 0.4423 | dt: 2936.98ms | tok/sec: 22314.05
step  6379 | loss: 3.733675 | lr 2.2534e-04 | norm: 0.5044 | dt: 2948.52ms | tok/sec: 22226.76
step  6380 | loss: 3.701518 | lr 2.2526e-04 | norm: 0.4910 | dt: 2937.69ms | tok/sec: 22308.68
step  6381 | loss: 3.810699 | lr 2.2518e-04 | norm: 0.4845 | dt: 2944.02ms | tok/sec: 22260.73
step  6382 | loss: 3.716431 | lr 2.2510e-04 | norm: 0.4483 | dt: 2944.66ms | tok/sec: 22255.90
step  6383 | loss: 3.640154 | lr 2.2502e-04 | norm: 0.4948 | dt: 2952.14ms | tok/sec: 22199.46
step  6384 | loss: 3.647163 | lr 2.2494e-04 | norm: 0.4604 | dt: 2941.79ms | tok/sec: 22277.58
step  6385 | loss: 3.766110 | lr 2.2486e-04 | norm: 0.4473 | dt: 2946.30ms | tok/sec: 22243.50
step  6386 | loss: 3.677269 | lr 2.2478e-04 | norm: 0.4585 | dt: 2945.89ms | tok/sec: 22246.56
step  6387 | loss: 3.724246 | lr 2.2470e-04 | norm: 0.4363 | dt: 2949.03ms | tok/sec: 22222.90
step  6388 | loss: 3.744824 | lr 2.2462e-04 | norm: 0.4535 | dt: 2946.71ms | tok/sec: 22240.39
step  6389 | loss: 3.679263 | lr 2.2454e-04 | norm: 0.4522 | dt: 2949.76ms | tok/sec: 22217.42
step  6390 | loss: 3.627213 | lr 2.2446e-04 | norm: 0.4414 | dt: 2935.87ms | tok/sec: 22322.54
step  6391 | loss: 3.752716 | lr 2.2438e-04 | norm: 0.5350 | dt: 2941.25ms | tok/sec: 22281.71
step  6392 | loss: 3.729523 | lr 2.2430e-04 | norm: 0.4680 | dt: 2945.23ms | tok/sec: 22251.54
step  6393 | loss: 3.733131 | lr 2.2422e-04 | norm: 0.5121 | dt: 2934.17ms | tok/sec: 22335.43
step  6394 | loss: 3.694157 | lr 2.2414e-04 | norm: 0.4514 | dt: 2944.99ms | tok/sec: 22253.36
step  6395 | loss: 3.698266 | lr 2.2406e-04 | norm: 0.4620 | dt: 2970.27ms | tok/sec: 22063.97
step  6396 | loss: 3.655706 | lr 2.2398e-04 | norm: 0.4430 | dt: 2941.21ms | tok/sec: 22282.00
step  6397 | loss: 3.689783 | lr 2.2389e-04 | norm: 0.5094 | dt: 2966.39ms | tok/sec: 22092.82
step  6398 | loss: 3.644112 | lr 2.2381e-04 | norm: 0.4598 | dt: 2943.52ms | tok/sec: 22264.50
step  6399 | loss: 3.734021 | lr 2.2373e-04 | norm: 0.4323 | dt: 2943.36ms | tok/sec: 22265.68
step  6400 | loss: 3.532279 | lr 2.2365e-04 | norm: 0.7269 | dt: 2946.36ms | tok/sec: 22243.05
step  6401 | loss: 3.795164 | lr 2.2357e-04 | norm: 0.5135 | dt: 2940.38ms | tok/sec: 22288.31
step  6402 | loss: 3.662690 | lr 2.2349e-04 | norm: 0.4514 | dt: 2940.74ms | tok/sec: 22285.53
step  6403 | loss: 3.728350 | lr 2.2341e-04 | norm: 0.4372 | dt: 2947.32ms | tok/sec: 22235.81
step  6404 | loss: 3.722759 | lr 2.2333e-04 | norm: 0.4856 | dt: 2949.08ms | tok/sec: 22222.54
step  6405 | loss: 3.644000 | lr 2.2325e-04 | norm: 0.4754 | dt: 2945.84ms | tok/sec: 22246.95
step  6406 | loss: 3.800016 | lr 2.2317e-04 | norm: 0.4602 | dt: 2933.11ms | tok/sec: 22343.51
step  6407 | loss: 3.794166 | lr 2.2309e-04 | norm: 0.4829 | dt: 3011.57ms | tok/sec: 21761.38
step  6408 | loss: 3.648248 | lr 2.2301e-04 | norm: 0.4513 | dt: 2939.60ms | tok/sec: 22294.17
step  6409 | loss: 3.674442 | lr 2.2293e-04 | norm: 0.8900 | dt: 2938.35ms | tok/sec: 22303.65
step  6410 | loss: 3.630198 | lr 2.2285e-04 | norm: 0.5198 | dt: 2932.47ms | tok/sec: 22348.40
step  6411 | loss: 3.725021 | lr 2.2277e-04 | norm: 0.5033 | dt: 2940.36ms | tok/sec: 22288.41
step  6412 | loss: 3.541715 | lr 2.2269e-04 | norm: 0.5133 | dt: 2945.28ms | tok/sec: 22251.19
step  6413 | loss: 3.690201 | lr 2.2261e-04 | norm: 0.4916 | dt: 2932.76ms | tok/sec: 22346.18
step  6414 | loss: 3.788681 | lr 2.2253e-04 | norm: 0.4912 | dt: 2945.83ms | tok/sec: 22247.06
step  6415 | loss: 3.771631 | lr 2.2245e-04 | norm: 0.4657 | dt: 2944.35ms | tok/sec: 22258.22
step  6416 | loss: 3.813481 | lr 2.2237e-04 | norm: 0.4919 | dt: 2943.27ms | tok/sec: 22266.41
step  6417 | loss: 3.677747 | lr 2.2229e-04 | norm: 0.4559 | dt: 2958.50ms | tok/sec: 22151.73
step  6418 | loss: 3.771677 | lr 2.2221e-04 | norm: 0.5879 | dt: 2942.21ms | tok/sec: 22274.38
step  6419 | loss: 3.588773 | lr 2.2213e-04 | norm: 0.4907 | dt: 2946.83ms | tok/sec: 22239.47
step  6420 | loss: 3.710284 | lr 2.2205e-04 | norm: 0.4681 | dt: 2942.87ms | tok/sec: 22269.44
step  6421 | loss: 3.615769 | lr 2.2197e-04 | norm: 0.4611 | dt: 2945.43ms | tok/sec: 22250.09
step  6422 | loss: 3.729047 | lr 2.2189e-04 | norm: 0.4493 | dt: 2947.05ms | tok/sec: 22237.80
step  6423 | loss: 3.753273 | lr 2.2181e-04 | norm: 0.4882 | dt: 2933.90ms | tok/sec: 22337.52
step  6424 | loss: 4.136586 | lr 2.2173e-04 | norm: 0.9214 | dt: 2931.69ms | tok/sec: 22354.37
step  6425 | loss: 3.667357 | lr 2.2165e-04 | norm: 0.4756 | dt: 2959.35ms | tok/sec: 22145.40
step  6426 | loss: 3.748086 | lr 2.2157e-04 | norm: 0.4800 | dt: 2945.48ms | tok/sec: 22249.71
step  6427 | loss: 3.663669 | lr 2.2149e-04 | norm: 0.5728 | dt: 2974.34ms | tok/sec: 22033.76
step  6428 | loss: 3.894727 | lr 2.2141e-04 | norm: 0.5971 | dt: 2942.53ms | tok/sec: 22271.98
step  6429 | loss: 3.695590 | lr 2.2133e-04 | norm: 0.5004 | dt: 2954.65ms | tok/sec: 22180.64
step  6430 | loss: 3.773135 | lr 2.2125e-04 | norm: 0.5327 | dt: 2939.14ms | tok/sec: 22297.71
step  6431 | loss: 3.592763 | lr 2.2117e-04 | norm: 0.4957 | dt: 2937.68ms | tok/sec: 22308.76
step  6432 | loss: 3.725093 | lr 2.2109e-04 | norm: 0.5152 | dt: 2940.05ms | tok/sec: 22290.79
step  6433 | loss: 3.743829 | lr 2.2101e-04 | norm: 0.4556 | dt: 2943.80ms | tok/sec: 22262.41
step  6434 | loss: 3.683222 | lr 2.2093e-04 | norm: 0.4571 | dt: 2944.30ms | tok/sec: 22258.60
step  6435 | loss: 3.668044 | lr 2.2085e-04 | norm: 0.4379 | dt: 2934.60ms | tok/sec: 22332.15
step  6436 | loss: 3.832247 | lr 2.2077e-04 | norm: 0.5826 | dt: 2957.34ms | tok/sec: 22160.44
step  6437 | loss: 3.699893 | lr 2.2069e-04 | norm: 0.4337 | dt: 2972.20ms | tok/sec: 22049.63
step  6438 | loss: 3.673307 | lr 2.2061e-04 | norm: 0.5495 | dt: 2953.92ms | tok/sec: 22186.12
step  6439 | loss: 3.933101 | lr 2.2053e-04 | norm: 0.5578 | dt: 2944.53ms | tok/sec: 22256.86
step  6440 | loss: 3.754784 | lr 2.2045e-04 | norm: 0.5121 | dt: 2953.19ms | tok/sec: 22191.57
step  6441 | loss: 3.699229 | lr 2.2037e-04 | norm: 0.4882 | dt: 2945.73ms | tok/sec: 22247.81
step  6442 | loss: 3.691826 | lr 2.2029e-04 | norm: 0.4734 | dt: 2946.98ms | tok/sec: 22238.36
step  6443 | loss: 3.690998 | lr 2.2021e-04 | norm: 0.4481 | dt: 2955.76ms | tok/sec: 22172.30
step  6444 | loss: 3.630083 | lr 2.2013e-04 | norm: 0.4845 | dt: 2948.53ms | tok/sec: 22226.69
step  6445 | loss: 3.772687 | lr 2.2005e-04 | norm: 0.4834 | dt: 2947.13ms | tok/sec: 22237.21
step  6446 | loss: 3.759353 | lr 2.1997e-04 | norm: 0.4529 | dt: 2946.17ms | tok/sec: 22244.47
step  6447 | loss: 3.597646 | lr 2.1989e-04 | norm: 0.4666 | dt: 2941.33ms | tok/sec: 22281.04
step  6448 | loss: 3.679188 | lr 2.1981e-04 | norm: 0.4679 | dt: 2974.59ms | tok/sec: 22031.92
step  6449 | loss: 3.780037 | lr 2.1973e-04 | norm: 0.4711 | dt: 2945.84ms | tok/sec: 22246.98
step  6450 | loss: 3.690789 | lr 2.1965e-04 | norm: 0.4509 | dt: 2950.09ms | tok/sec: 22214.90
step  6451 | loss: 3.782927 | lr 2.1957e-04 | norm: 0.4897 | dt: 2929.65ms | tok/sec: 22369.89
step  6452 | loss: 3.612059 | lr 2.1949e-04 | norm: 0.4863 | dt: 2945.52ms | tok/sec: 22249.39
step  6453 | loss: 3.722250 | lr 2.1941e-04 | norm: 0.5310 | dt: 2938.01ms | tok/sec: 22306.26
step  6454 | loss: 3.678784 | lr 2.1933e-04 | norm: 0.4607 | dt: 2956.97ms | tok/sec: 22163.22
step  6455 | loss: 3.609941 | lr 2.1925e-04 | norm: 0.5321 | dt: 2949.24ms | tok/sec: 22221.30
step  6456 | loss: 3.611079 | lr 2.1917e-04 | norm: 0.4446 | dt: 2966.63ms | tok/sec: 22091.09
step  6457 | loss: 3.529237 | lr 2.1909e-04 | norm: 0.4763 | dt: 2946.68ms | tok/sec: 22240.61
step  6458 | loss: 3.699179 | lr 2.1901e-04 | norm: 0.4548 | dt: 2965.56ms | tok/sec: 22099.03
step  6459 | loss: 3.808024 | lr 2.1893e-04 | norm: 0.6776 | dt: 2940.79ms | tok/sec: 22285.20
step  6460 | loss: 3.998350 | lr 2.1885e-04 | norm: 0.5778 | dt: 2944.44ms | tok/sec: 22257.57
step  6461 | loss: 3.689513 | lr 2.1877e-04 | norm: 0.4521 | dt: 2946.97ms | tok/sec: 22238.45
step  6462 | loss: 3.660015 | lr 2.1869e-04 | norm: 0.4852 | dt: 2953.26ms | tok/sec: 22191.03
step  6463 | loss: 3.622998 | lr 2.1861e-04 | norm: 0.4471 | dt: 2950.88ms | tok/sec: 22208.95
step  6464 | loss: 3.651540 | lr 2.1853e-04 | norm: 0.4370 | dt: 2948.76ms | tok/sec: 22224.95
step  6465 | loss: 3.675447 | lr 2.1845e-04 | norm: 0.4542 | dt: 2946.68ms | tok/sec: 22240.61
step  6466 | loss: 3.598735 | lr 2.1837e-04 | norm: 0.4607 | dt: 2946.37ms | tok/sec: 22242.95
step  6467 | loss: 3.810994 | lr 2.1829e-04 | norm: 0.6009 | dt: 2948.09ms | tok/sec: 22230.02
step  6468 | loss: 3.783368 | lr 2.1821e-04 | norm: 0.7305 | dt: 2986.26ms | tok/sec: 21945.86
step  6469 | loss: 3.860747 | lr 2.1813e-04 | norm: 0.5101 | dt: 2948.72ms | tok/sec: 22225.24
step  6470 | loss: 3.702558 | lr 2.1805e-04 | norm: 0.5252 | dt: 2959.22ms | tok/sec: 22146.35
step  6471 | loss: 3.681025 | lr 2.1798e-04 | norm: 0.4931 | dt: 2941.95ms | tok/sec: 22276.38
step  6472 | loss: 3.870749 | lr 2.1790e-04 | norm: 0.5639 | dt: 2937.36ms | tok/sec: 22311.20
step  6473 | loss: 3.752761 | lr 2.1782e-04 | norm: 0.6224 | dt: 2946.36ms | tok/sec: 22243.04
step  6474 | loss: 3.650968 | lr 2.1774e-04 | norm: 0.4778 | dt: 2941.33ms | tok/sec: 22281.04
step  6475 | loss: 3.692534 | lr 2.1766e-04 | norm: 0.5236 | dt: 2947.03ms | tok/sec: 22237.98
step  6476 | loss: 3.746771 | lr 2.1758e-04 | norm: 0.5214 | dt: 2941.68ms | tok/sec: 22278.42
step  6477 | loss: 3.655969 | lr 2.1750e-04 | norm: 0.4452 | dt: 2969.28ms | tok/sec: 22071.32
step  6478 | loss: 3.636028 | lr 2.1742e-04 | norm: 0.6362 | dt: 2965.37ms | tok/sec: 22100.42
step  6479 | loss: 3.770686 | lr 2.1734e-04 | norm: 0.4991 | dt: 2942.15ms | tok/sec: 22274.83
step  6480 | loss: 3.705102 | lr 2.1726e-04 | norm: 0.4924 | dt: 2943.58ms | tok/sec: 22264.03
step  6481 | loss: 3.795452 | lr 2.1718e-04 | norm: 0.4806 | dt: 2938.92ms | tok/sec: 22299.34
step  6482 | loss: 3.694653 | lr 2.1710e-04 | norm: 0.4855 | dt: 2938.30ms | tok/sec: 22304.07
step  6483 | loss: 3.715785 | lr 2.1702e-04 | norm: 0.5019 | dt: 2940.02ms | tok/sec: 22290.98
step  6484 | loss: 3.622782 | lr 2.1694e-04 | norm: 0.4589 | dt: 2947.61ms | tok/sec: 22233.63
step  6485 | loss: 3.782145 | lr 2.1686e-04 | norm: 0.4959 | dt: 2946.26ms | tok/sec: 22243.77
step  6486 | loss: 3.640084 | lr 2.1678e-04 | norm: 0.5179 | dt: 2942.94ms | tok/sec: 22268.87
step  6487 | loss: 3.622916 | lr 2.1670e-04 | norm: 0.4870 | dt: 2951.87ms | tok/sec: 22201.52
step  6488 | loss: 3.726538 | lr 2.1662e-04 | norm: 0.5148 | dt: 2979.35ms | tok/sec: 21996.77
step  6489 | loss: 3.603678 | lr 2.1655e-04 | norm: 0.4305 | dt: 2937.29ms | tok/sec: 22311.70
step  6490 | loss: 3.707163 | lr 2.1647e-04 | norm: 0.4316 | dt: 2937.39ms | tok/sec: 22310.93
step  6491 | loss: 3.641508 | lr 2.1639e-04 | norm: 0.5435 | dt: 2942.27ms | tok/sec: 22273.95
step  6492 | loss: 3.480462 | lr 2.1631e-04 | norm: 0.4430 | dt: 2938.37ms | tok/sec: 22303.52
step  6493 | loss: 3.697613 | lr 2.1623e-04 | norm: 0.4533 | dt: 2943.09ms | tok/sec: 22267.78
step  6494 | loss: 3.699231 | lr 2.1615e-04 | norm: 0.4537 | dt: 2943.51ms | tok/sec: 22264.60
step  6495 | loss: 3.608548 | lr 2.1607e-04 | norm: 0.4401 | dt: 2938.52ms | tok/sec: 22302.41
step  6496 | loss: 3.794667 | lr 2.1599e-04 | norm: 0.4317 | dt: 2953.03ms | tok/sec: 22192.80
step  6497 | loss: 3.751313 | lr 2.1591e-04 | norm: 0.4567 | dt: 2970.97ms | tok/sec: 22058.82
step  6498 | loss: 3.749564 | lr 2.1583e-04 | norm: 0.4705 | dt: 2940.47ms | tok/sec: 22287.58
step  6499 | loss: 3.593381 | lr 2.1575e-04 | norm: 0.4526 | dt: 2964.20ms | tok/sec: 22109.20
validation loss: 3.6295
HellaSwag accuracy: 2635/10042=0.2624
rank 0 sample 0: Hello, I'm a language model, and I like to be taught how to help children learn English in order to help them.
It was so much a
rank 0 sample 1: Hello, I'm a language model, but they're not the same language system. They will take a few courses of the course for the semester and then the
rank 0 sample 2: Hello, I'm a language model, but I did NOT realize a one in the book.
This week is the perfect day for me. I am having
rank 0 sample 3: Hello, I'm a language model, and can be used to solve a whole range of problems.
Here's the difference between our language model and language Model
step  6500 | loss: 3.647756 | lr 2.1567e-04 | norm: 0.4667 | dt: 105517.24ms | tok/sec: 621.09
step  6501 | loss: 3.666608 | lr 2.1559e-04 | norm: 0.4283 | dt: 2941.37ms | tok/sec: 22280.74
step  6502 | loss: 3.674592 | lr 2.1551e-04 | norm: 0.4955 | dt: 2943.58ms | tok/sec: 22264.05
step  6503 | loss: 3.565342 | lr 2.1544e-04 | norm: 0.4834 | dt: 2963.62ms | tok/sec: 22113.49
step  6504 | loss: 3.652945 | lr 2.1536e-04 | norm: 0.4533 | dt: 2970.33ms | tok/sec: 22063.55
step  6505 | loss: 3.638653 | lr 2.1528e-04 | norm: 0.4439 | dt: 2953.23ms | tok/sec: 22191.29
step  6506 | loss: 3.796002 | lr 2.1520e-04 | norm: 0.5068 | dt: 2951.78ms | tok/sec: 22202.23
step  6507 | loss: 3.713584 | lr 2.1512e-04 | norm: 0.4853 | dt: 2945.63ms | tok/sec: 22248.53
step  6508 | loss: 3.584208 | lr 2.1504e-04 | norm: 0.4880 | dt: 2953.15ms | tok/sec: 22191.90
step  6509 | loss: 3.570820 | lr 2.1496e-04 | norm: 0.4520 | dt: 2944.02ms | tok/sec: 22260.73
step  6510 | loss: 3.596073 | lr 2.1488e-04 | norm: 0.4526 | dt: 2943.47ms | tok/sec: 22264.85
step  6511 | loss: 3.800906 | lr 2.1480e-04 | norm: 0.5221 | dt: 2936.96ms | tok/sec: 22314.20
step  6512 | loss: 3.650528 | lr 2.1472e-04 | norm: 0.4583 | dt: 2939.75ms | tok/sec: 22293.05
step  6513 | loss: 3.789070 | lr 2.1464e-04 | norm: 0.4882 | dt: 2943.76ms | tok/sec: 22262.70
step  6514 | loss: 3.654968 | lr 2.1457e-04 | norm: 0.4624 | dt: 2941.05ms | tok/sec: 22283.24
step  6515 | loss: 3.637507 | lr 2.1449e-04 | norm: 0.5020 | dt: 2987.95ms | tok/sec: 21933.46
step  6516 | loss: 3.811613 | lr 2.1441e-04 | norm: 0.5016 | dt: 2938.61ms | tok/sec: 22301.68
step  6517 | loss: 3.532078 | lr 2.1433e-04 | norm: 0.5212 | dt: 2944.23ms | tok/sec: 22259.17
step  6518 | loss: 3.593500 | lr 2.1425e-04 | norm: 0.4484 | dt: 2947.60ms | tok/sec: 22233.66
step  6519 | loss: 3.745173 | lr 2.1417e-04 | norm: 0.4779 | dt: 2946.88ms | tok/sec: 22239.11
step  6520 | loss: 3.615969 | lr 2.1409e-04 | norm: 0.4778 | dt: 2943.60ms | tok/sec: 22263.92
step  6521 | loss: 3.747931 | lr 2.1401e-04 | norm: 0.4762 | dt: 2940.40ms | tok/sec: 22288.12
step  6522 | loss: 3.664812 | lr 2.1393e-04 | norm: 0.4331 | dt: 2949.96ms | tok/sec: 22215.88
step  6523 | loss: 3.634372 | lr 2.1385e-04 | norm: 0.5047 | dt: 2969.82ms | tok/sec: 22067.30
step  6524 | loss: 3.685601 | lr 2.1378e-04 | norm: 0.4696 | dt: 2942.08ms | tok/sec: 22275.39
step  6525 | loss: 3.636921 | lr 2.1370e-04 | norm: 0.5167 | dt: 2965.87ms | tok/sec: 22096.71
step  6526 | loss: 3.624703 | lr 2.1362e-04 | norm: 0.4328 | dt: 2942.21ms | tok/sec: 22274.42
step  6527 | loss: 3.604695 | lr 2.1354e-04 | norm: 0.4911 | dt: 2940.96ms | tok/sec: 22283.90
step  6528 | loss: 3.807258 | lr 2.1346e-04 | norm: 0.4660 | dt: 2947.06ms | tok/sec: 22237.79
step  6529 | loss: 3.591831 | lr 2.1338e-04 | norm: 0.4317 | dt: 2944.06ms | tok/sec: 22260.40
step  6530 | loss: 3.662970 | lr 2.1330e-04 | norm: 0.4378 | dt: 2949.25ms | tok/sec: 22221.21
step  6531 | loss: 3.659778 | lr 2.1322e-04 | norm: 0.4563 | dt: 2952.38ms | tok/sec: 22197.71
step  6532 | loss: 3.498565 | lr 2.1314e-04 | norm: 0.4430 | dt: 2943.75ms | tok/sec: 22262.78
step  6533 | loss: 3.645593 | lr 2.1307e-04 | norm: 0.5163 | dt: 2959.07ms | tok/sec: 22147.49
step  6534 | loss: 3.538911 | lr 2.1299e-04 | norm: 0.4969 | dt: 2945.76ms | tok/sec: 22247.56
step  6535 | loss: 3.684196 | lr 2.1291e-04 | norm: 0.4456 | dt: 2967.30ms | tok/sec: 22086.08
step  6536 | loss: 3.639142 | lr 2.1283e-04 | norm: 0.4708 | dt: 2938.04ms | tok/sec: 22306.00
step  6537 | loss: 3.590166 | lr 2.1275e-04 | norm: 0.4738 | dt: 2941.53ms | tok/sec: 22279.56
step  6538 | loss: 3.595411 | lr 2.1267e-04 | norm: 0.4761 | dt: 2939.66ms | tok/sec: 22293.71
step  6539 | loss: 3.697503 | lr 2.1259e-04 | norm: 0.4569 | dt: 2933.16ms | tok/sec: 22343.16
step  6540 | loss: 3.682154 | lr 2.1251e-04 | norm: 0.4431 | dt: 2942.16ms | tok/sec: 22274.81
step  6541 | loss: 3.556152 | lr 2.1244e-04 | norm: 0.4391 | dt: 2947.07ms | tok/sec: 22237.68
step  6542 | loss: 3.628674 | lr 2.1236e-04 | norm: 0.4757 | dt: 2947.57ms | tok/sec: 22233.91
step  6543 | loss: 3.652731 | lr 2.1228e-04 | norm: 0.4136 | dt: 2941.84ms | tok/sec: 22277.20
step  6544 | loss: 3.578279 | lr 2.1220e-04 | norm: 0.4442 | dt: 2965.35ms | tok/sec: 22100.62
step  6545 | loss: 3.725580 | lr 2.1212e-04 | norm: 0.4434 | dt: 2981.10ms | tok/sec: 21983.80
step  6546 | loss: 3.613377 | lr 2.1204e-04 | norm: 0.4070 | dt: 2941.17ms | tok/sec: 22282.30
step  6547 | loss: 3.765550 | lr 2.1196e-04 | norm: 0.4489 | dt: 2942.38ms | tok/sec: 22273.15
step  6548 | loss: 3.683335 | lr 2.1188e-04 | norm: 0.4629 | dt: 2941.33ms | tok/sec: 22281.09
step  6549 | loss: 3.587216 | lr 2.1181e-04 | norm: 0.4413 | dt: 2943.96ms | tok/sec: 22261.17
step  6550 | loss: 3.639506 | lr 2.1173e-04 | norm: 0.4351 | dt: 2953.65ms | tok/sec: 22188.16
step  6551 | loss: 3.667824 | lr 2.1165e-04 | norm: 0.4297 | dt: 2944.54ms | tok/sec: 22256.80
step  6552 | loss: 3.579149 | lr 2.1157e-04 | norm: 0.4290 | dt: 2947.27ms | tok/sec: 22236.18
step  6553 | loss: 3.727831 | lr 2.1149e-04 | norm: 0.5262 | dt: 2947.81ms | tok/sec: 22232.13
step  6554 | loss: 3.654171 | lr 2.1141e-04 | norm: 0.4349 | dt: 2947.88ms | tok/sec: 22231.57
step  6555 | loss: 3.708456 | lr 2.1133e-04 | norm: 0.4661 | dt: 2987.15ms | tok/sec: 21939.34
step  6556 | loss: 3.764402 | lr 2.1126e-04 | norm: 0.4542 | dt: 2938.22ms | tok/sec: 22304.69
step  6557 | loss: 3.575372 | lr 2.1118e-04 | norm: 0.4550 | dt: 2951.51ms | tok/sec: 22204.20
step  6558 | loss: 3.591763 | lr 2.1110e-04 | norm: 0.5103 | dt: 2944.36ms | tok/sec: 22258.18
step  6559 | loss: 3.766833 | lr 2.1102e-04 | norm: 0.4900 | dt: 2942.14ms | tok/sec: 22274.98
step  6560 | loss: 3.677581 | lr 2.1094e-04 | norm: 0.4477 | dt: 2942.90ms | tok/sec: 22269.20
step  6561 | loss: 3.580377 | lr 2.1086e-04 | norm: 0.4843 | dt: 2940.03ms | tok/sec: 22290.93
step  6562 | loss: 3.715431 | lr 2.1078e-04 | norm: 0.4586 | dt: 2954.76ms | tok/sec: 22179.81
step  6563 | loss: 3.598801 | lr 2.1071e-04 | norm: 0.4691 | dt: 2955.93ms | tok/sec: 22171.05
step  6564 | loss: 3.556842 | lr 2.1063e-04 | norm: 0.4824 | dt: 2977.02ms | tok/sec: 22013.92
step  6565 | loss: 3.713451 | lr 2.1055e-04 | norm: 0.4915 | dt: 2960.23ms | tok/sec: 22138.82
step  6566 | loss: 3.577176 | lr 2.1047e-04 | norm: 0.4485 | dt: 2943.30ms | tok/sec: 22266.18
step  6567 | loss: 3.810763 | lr 2.1039e-04 | norm: 0.4413 | dt: 2942.19ms | tok/sec: 22274.54
step  6568 | loss: 3.637812 | lr 2.1031e-04 | norm: 0.4872 | dt: 2946.97ms | tok/sec: 22238.47
step  6569 | loss: 3.691281 | lr 2.1024e-04 | norm: 0.4181 | dt: 2945.74ms | tok/sec: 22247.75
step  6570 | loss: 3.653648 | lr 2.1016e-04 | norm: 0.4682 | dt: 2942.13ms | tok/sec: 22275.05
step  6571 | loss: 3.611062 | lr 2.1008e-04 | norm: 0.4429 | dt: 2944.15ms | tok/sec: 22259.77
step  6572 | loss: 3.720130 | lr 2.1000e-04 | norm: 0.4586 | dt: 2950.06ms | tok/sec: 22215.14
step  6573 | loss: 3.605154 | lr 2.0992e-04 | norm: 0.5043 | dt: 2939.81ms | tok/sec: 22292.58
step  6574 | loss: 3.587474 | lr 2.0984e-04 | norm: 0.4573 | dt: 2942.93ms | tok/sec: 22268.94
step  6575 | loss: 3.592356 | lr 2.0977e-04 | norm: 0.4632 | dt: 2950.56ms | tok/sec: 22211.35
step  6576 | loss: 3.527186 | lr 2.0969e-04 | norm: 0.4440 | dt: 3007.46ms | tok/sec: 21791.17
step  6577 | loss: 4.021104 | lr 2.0961e-04 | norm: 0.8392 | dt: 2935.86ms | tok/sec: 22322.60
step  6578 | loss: 3.699802 | lr 2.0953e-04 | norm: 0.4815 | dt: 2942.72ms | tok/sec: 22270.59
step  6579 | loss: 3.723404 | lr 2.0945e-04 | norm: 0.6738 | dt: 2936.98ms | tok/sec: 22314.05
step  6580 | loss: 3.709272 | lr 2.0937e-04 | norm: 0.5235 | dt: 2941.54ms | tok/sec: 22279.50
step  6581 | loss: 3.803061 | lr 2.0930e-04 | norm: 0.4807 | dt: 2938.43ms | tok/sec: 22303.03
step  6582 | loss: 3.578929 | lr 2.0922e-04 | norm: 0.5326 | dt: 2946.70ms | tok/sec: 22240.50
step  6583 | loss: 3.567001 | lr 2.0914e-04 | norm: 0.5341 | dt: 2946.53ms | tok/sec: 22241.75
step  6584 | loss: 3.852038 | lr 2.0906e-04 | norm: 0.6126 | dt: 2944.09ms | tok/sec: 22260.16
step  6585 | loss: 3.720615 | lr 2.0898e-04 | norm: 0.4907 | dt: 2936.69ms | tok/sec: 22316.26
step  6586 | loss: 3.827473 | lr 2.0891e-04 | norm: 0.4963 | dt: 2967.90ms | tok/sec: 22081.60
step  6587 | loss: 3.639380 | lr 2.0883e-04 | norm: 0.4980 | dt: 2945.35ms | tok/sec: 22250.66
step  6588 | loss: 3.662340 | lr 2.0875e-04 | norm: 0.4994 | dt: 2943.24ms | tok/sec: 22266.60
step  6589 | loss: 3.673037 | lr 2.0867e-04 | norm: 0.4903 | dt: 2938.22ms | tok/sec: 22304.67
step  6590 | loss: 3.601597 | lr 2.0859e-04 | norm: 0.4351 | dt: 2944.41ms | tok/sec: 22257.78
step  6591 | loss: 3.455945 | lr 2.0851e-04 | norm: 0.5029 | dt: 2941.98ms | tok/sec: 22276.12
step  6592 | loss: 3.443522 | lr 2.0844e-04 | norm: 0.4751 | dt: 2944.99ms | tok/sec: 22253.39
step  6593 | loss: 3.640063 | lr 2.0836e-04 | norm: 0.4756 | dt: 2944.39ms | tok/sec: 22257.91
step  6594 | loss: 3.540043 | lr 2.0828e-04 | norm: 0.4316 | dt: 2947.30ms | tok/sec: 22235.91
step  6595 | loss: 3.415414 | lr 2.0820e-04 | norm: 0.4498 | dt: 2947.81ms | tok/sec: 22232.06
step  6596 | loss: 3.425768 | lr 2.0812e-04 | norm: 0.4648 | dt: 2979.00ms | tok/sec: 21999.33
step  6597 | loss: 3.683827 | lr 2.0805e-04 | norm: 0.4717 | dt: 2949.83ms | tok/sec: 22216.85
step  6598 | loss: 3.582633 | lr 2.0797e-04 | norm: 0.4307 | dt: 2941.22ms | tok/sec: 22281.92
step  6599 | loss: 3.367890 | lr 2.0789e-04 | norm: 0.4546 | dt: 2946.41ms | tok/sec: 22242.66
step  6600 | loss: 3.569937 | lr 2.0781e-04 | norm: 0.4567 | dt: 2947.65ms | tok/sec: 22233.30
step  6601 | loss: 3.532004 | lr 2.0773e-04 | norm: 0.4584 | dt: 2943.49ms | tok/sec: 22264.73
step  6602 | loss: 3.557376 | lr 2.0766e-04 | norm: 0.4731 | dt: 2940.42ms | tok/sec: 22287.96
step  6603 | loss: 3.571813 | lr 2.0758e-04 | norm: 0.4727 | dt: 2938.18ms | tok/sec: 22304.98
step  6604 | loss: 3.544511 | lr 2.0750e-04 | norm: 0.4384 | dt: 2943.79ms | tok/sec: 22262.45
step  6605 | loss: 3.512972 | lr 2.0742e-04 | norm: 0.4833 | dt: 2956.84ms | tok/sec: 22164.18
step  6606 | loss: 3.376077 | lr 2.0734e-04 | norm: 0.4425 | dt: 2976.09ms | tok/sec: 22020.84
step  6607 | loss: 3.529963 | lr 2.0727e-04 | norm: 0.4597 | dt: 2945.04ms | tok/sec: 22252.98
step  6608 | loss: 3.596670 | lr 2.0719e-04 | norm: 0.4822 | dt: 2948.38ms | tok/sec: 22227.79
step  6609 | loss: 3.531790 | lr 2.0711e-04 | norm: 0.4293 | dt: 2942.53ms | tok/sec: 22271.97
step  6610 | loss: 3.629123 | lr 2.0703e-04 | norm: 0.4390 | dt: 2942.50ms | tok/sec: 22272.19
step  6611 | loss: 3.655503 | lr 2.0696e-04 | norm: 0.4155 | dt: 2939.37ms | tok/sec: 22295.95
step  6612 | loss: 3.518963 | lr 2.0688e-04 | norm: 0.4183 | dt: 2953.96ms | tok/sec: 22185.85
step  6613 | loss: 3.508131 | lr 2.0680e-04 | norm: 0.4158 | dt: 2938.94ms | tok/sec: 22299.22
step  6614 | loss: 3.493748 | lr 2.0672e-04 | norm: 0.4522 | dt: 2954.11ms | tok/sec: 22184.66
step  6615 | loss: 3.500242 | lr 2.0664e-04 | norm: 0.4208 | dt: 2940.02ms | tok/sec: 22291.00
step  6616 | loss: 3.591290 | lr 2.0657e-04 | norm: 0.4787 | dt: 2984.46ms | tok/sec: 21959.10
step  6617 | loss: 3.555099 | lr 2.0649e-04 | norm: 0.4311 | dt: 2947.75ms | tok/sec: 22232.54
step  6618 | loss: 3.485691 | lr 2.0641e-04 | norm: 0.4346 | dt: 2946.02ms | tok/sec: 22245.59
step  6619 | loss: 3.580875 | lr 2.0633e-04 | norm: 0.4456 | dt: 2940.56ms | tok/sec: 22286.95
step  6620 | loss: 3.555358 | lr 2.0626e-04 | norm: 0.4878 | dt: 2950.37ms | tok/sec: 22212.80
step  6621 | loss: 3.590162 | lr 2.0618e-04 | norm: 0.4311 | dt: 2945.00ms | tok/sec: 22253.31
step  6622 | loss: 3.622989 | lr 2.0610e-04 | norm: 0.7340 | dt: 2938.65ms | tok/sec: 22301.39
step  6623 | loss: 3.518598 | lr 2.0602e-04 | norm: 0.4746 | dt: 2949.48ms | tok/sec: 22219.51
step  6624 | loss: 3.485163 | lr 2.0594e-04 | norm: 0.5115 | dt: 2947.87ms | tok/sec: 22231.62
step  6625 | loss: 3.520498 | lr 2.0587e-04 | norm: 0.4352 | dt: 2960.70ms | tok/sec: 22135.28
step  6626 | loss: 3.663101 | lr 2.0579e-04 | norm: 0.4641 | dt: 2970.35ms | tok/sec: 22063.36
step  6627 | loss: 3.496049 | lr 2.0571e-04 | norm: 0.4697 | dt: 2956.89ms | tok/sec: 22163.84
step  6628 | loss: 3.567953 | lr 2.0563e-04 | norm: 0.4725 | dt: 2950.08ms | tok/sec: 22214.98
step  6629 | loss: 3.501688 | lr 2.0556e-04 | norm: 0.4654 | dt: 2943.42ms | tok/sec: 22265.26
step  6630 | loss: 3.625203 | lr 2.0548e-04 | norm: 0.4756 | dt: 2936.83ms | tok/sec: 22315.25
step  6631 | loss: 3.738237 | lr 2.0540e-04 | norm: 0.4619 | dt: 2954.58ms | tok/sec: 22181.12
step  6632 | loss: 3.600044 | lr 2.0532e-04 | norm: 0.4227 | dt: 2945.57ms | tok/sec: 22249.01
step  6633 | loss: 3.556043 | lr 2.0525e-04 | norm: 0.5109 | dt: 2945.26ms | tok/sec: 22251.35
step  6634 | loss: 3.599550 | lr 2.0517e-04 | norm: 0.4731 | dt: 2940.36ms | tok/sec: 22288.44
step  6635 | loss: 3.553756 | lr 2.0509e-04 | norm: 0.4767 | dt: 2951.58ms | tok/sec: 22203.73
step  6636 | loss: 3.286433 | lr 2.0501e-04 | norm: 0.4537 | dt: 2945.06ms | tok/sec: 22252.86
step  6637 | loss: 3.440394 | lr 2.0494e-04 | norm: 0.4369 | dt: 2976.99ms | tok/sec: 22014.15
step  6638 | loss: 3.717106 | lr 2.0486e-04 | norm: 0.4402 | dt: 2951.38ms | tok/sec: 22205.24
step  6639 | loss: 3.560994 | lr 2.0478e-04 | norm: 0.4467 | dt: 2939.24ms | tok/sec: 22296.93
step  6640 | loss: 3.541983 | lr 2.0470e-04 | norm: 0.4315 | dt: 2946.35ms | tok/sec: 22243.13
step  6641 | loss: 3.788911 | lr 2.0463e-04 | norm: 0.4855 | dt: 2945.91ms | tok/sec: 22246.44
step  6642 | loss: 3.739694 | lr 2.0455e-04 | norm: 0.4733 | dt: 2945.72ms | tok/sec: 22247.88
step  6643 | loss: 3.472445 | lr 2.0447e-04 | norm: 0.4479 | dt: 2956.73ms | tok/sec: 22165.03
step  6644 | loss: 3.404197 | lr 2.0439e-04 | norm: 0.4165 | dt: 2943.89ms | tok/sec: 22261.73
step  6645 | loss: 3.458576 | lr 2.0432e-04 | norm: 0.4542 | dt: 2955.59ms | tok/sec: 22173.58
step  6646 | loss: 3.304729 | lr 2.0424e-04 | norm: 0.4882 | dt: 2939.26ms | tok/sec: 22296.73
step  6647 | loss: 3.542059 | lr 2.0416e-04 | norm: 0.4331 | dt: 2967.67ms | tok/sec: 22083.28
step  6648 | loss: 3.591050 | lr 2.0408e-04 | norm: 0.5429 | dt: 2949.74ms | tok/sec: 22217.58
step  6649 | loss: 3.479159 | lr 2.0401e-04 | norm: 0.4645 | dt: 2949.50ms | tok/sec: 22219.33
step  6650 | loss: 3.651263 | lr 2.0393e-04 | norm: 0.5264 | dt: 2955.08ms | tok/sec: 22177.40
step  6651 | loss: 3.565190 | lr 2.0385e-04 | norm: 0.4539 | dt: 2949.96ms | tok/sec: 22215.88
step  6652 | loss: 3.575717 | lr 2.0377e-04 | norm: 0.4497 | dt: 2940.90ms | tok/sec: 22284.37
step  6653 | loss: 3.485314 | lr 2.0370e-04 | norm: 0.4313 | dt: 2944.13ms | tok/sec: 22259.87
step  6654 | loss: 3.523970 | lr 2.0362e-04 | norm: 0.4782 | dt: 2946.15ms | tok/sec: 22244.60
step  6655 | loss: 3.523277 | lr 2.0354e-04 | norm: 0.4501 | dt: 2947.44ms | tok/sec: 22234.85
step  6656 | loss: 3.387856 | lr 2.0347e-04 | norm: 0.4393 | dt: 2937.99ms | tok/sec: 22306.37
step  6657 | loss: 3.612531 | lr 2.0339e-04 | norm: 0.4751 | dt: 2977.65ms | tok/sec: 22009.29
step  6658 | loss: 3.484425 | lr 2.0331e-04 | norm: 0.5024 | dt: 2945.53ms | tok/sec: 22249.30
step  6659 | loss: 3.505054 | lr 2.0323e-04 | norm: 0.4624 | dt: 2943.89ms | tok/sec: 22261.69
step  6660 | loss: 3.399632 | lr 2.0316e-04 | norm: 0.4138 | dt: 2943.69ms | tok/sec: 22263.24
step  6661 | loss: 3.529001 | lr 2.0308e-04 | norm: 0.5404 | dt: 2949.91ms | tok/sec: 22216.26
step  6662 | loss: 3.347061 | lr 2.0300e-04 | norm: 0.4693 | dt: 2946.47ms | tok/sec: 22242.18
step  6663 | loss: 3.214823 | lr 2.0293e-04 | norm: 0.5138 | dt: 2947.61ms | tok/sec: 22233.57
step  6664 | loss: 3.536010 | lr 2.0285e-04 | norm: 0.4452 | dt: 2951.40ms | tok/sec: 22205.08
step  6665 | loss: 3.631478 | lr 2.0277e-04 | norm: 0.4570 | dt: 2937.16ms | tok/sec: 22312.70
step  6666 | loss: 3.493752 | lr 2.0269e-04 | norm: 0.4702 | dt: 2964.93ms | tok/sec: 22103.71
step  6667 | loss: 3.474335 | lr 2.0262e-04 | norm: 0.4324 | dt: 2964.63ms | tok/sec: 22106.00
step  6668 | loss: 3.461932 | lr 2.0254e-04 | norm: 0.4743 | dt: 2949.65ms | tok/sec: 22218.21
step  6669 | loss: 3.518918 | lr 2.0246e-04 | norm: 0.4626 | dt: 2945.80ms | tok/sec: 22247.24
step  6670 | loss: 3.415651 | lr 2.0239e-04 | norm: 0.4602 | dt: 2956.02ms | tok/sec: 22170.31
step  6671 | loss: 3.491296 | lr 2.0231e-04 | norm: 0.4635 | dt: 2948.29ms | tok/sec: 22228.47
step  6672 | loss: 3.545205 | lr 2.0223e-04 | norm: 0.4613 | dt: 2949.77ms | tok/sec: 22217.29
step  6673 | loss: 3.621289 | lr 2.0215e-04 | norm: 0.4712 | dt: 2947.32ms | tok/sec: 22235.81
step  6674 | loss: 3.465121 | lr 2.0208e-04 | norm: 0.4851 | dt: 2950.91ms | tok/sec: 22208.75
step  6675 | loss: 3.511181 | lr 2.0200e-04 | norm: 0.4332 | dt: 2940.46ms | tok/sec: 22287.71
step  6676 | loss: 3.508711 | lr 2.0192e-04 | norm: 0.4438 | dt: 2946.09ms | tok/sec: 22245.10
step  6677 | loss: 3.430276 | lr 2.0185e-04 | norm: 0.4440 | dt: 2994.71ms | tok/sec: 21883.91
step  6678 | loss: 3.550135 | lr 2.0177e-04 | norm: 0.4275 | dt: 2948.59ms | tok/sec: 22226.23
step  6679 | loss: 3.538922 | lr 2.0169e-04 | norm: 0.4560 | dt: 2951.09ms | tok/sec: 22207.38
step  6680 | loss: 3.405979 | lr 2.0162e-04 | norm: 0.4276 | dt: 2947.00ms | tok/sec: 22238.23
step  6681 | loss: 3.497905 | lr 2.0154e-04 | norm: 0.4459 | dt: 2945.86ms | tok/sec: 22246.81
step  6682 | loss: 3.592200 | lr 2.0146e-04 | norm: 0.4447 | dt: 2942.39ms | tok/sec: 22273.01
step  6683 | loss: 4.036745 | lr 2.0138e-04 | norm: 0.7459 | dt: 2944.22ms | tok/sec: 22259.24
step  6684 | loss: 3.707747 | lr 2.0131e-04 | norm: 0.4740 | dt: 2954.36ms | tok/sec: 22182.81
step  6685 | loss: 3.604578 | lr 2.0123e-04 | norm: 0.7362 | dt: 2952.77ms | tok/sec: 22194.73
step  6686 | loss: 3.678013 | lr 2.0115e-04 | norm: 0.5353 | dt: 2969.16ms | tok/sec: 22072.25
step  6687 | loss: 3.606359 | lr 2.0108e-04 | norm: 0.5187 | dt: 2967.71ms | tok/sec: 22083.00
step  6688 | loss: 3.710409 | lr 2.0100e-04 | norm: 0.4659 | dt: 2941.38ms | tok/sec: 22280.72
step  6689 | loss: 3.723905 | lr 2.0092e-04 | norm: 0.5058 | dt: 2937.59ms | tok/sec: 22309.43
step  6690 | loss: 3.663870 | lr 2.0085e-04 | norm: 0.4874 | dt: 2942.94ms | tok/sec: 22268.88
step  6691 | loss: 3.631204 | lr 2.0077e-04 | norm: 0.4633 | dt: 2956.02ms | tok/sec: 22170.33
step  6692 | loss: 3.769412 | lr 2.0069e-04 | norm: 0.5160 | dt: 2947.10ms | tok/sec: 22237.44
step  6693 | loss: 3.495327 | lr 2.0062e-04 | norm: 0.5336 | dt: 2949.56ms | tok/sec: 22218.91
step  6694 | loss: 3.697526 | lr 2.0054e-04 | norm: 0.5180 | dt: 2933.79ms | tok/sec: 22338.34
step  6695 | loss: 3.615683 | lr 2.0046e-04 | norm: 0.4479 | dt: 2939.08ms | tok/sec: 22298.13
step  6696 | loss: 3.609851 | lr 2.0039e-04 | norm: 0.4729 | dt: 2942.32ms | tok/sec: 22273.61
step  6697 | loss: 3.606470 | lr 2.0031e-04 | norm: 0.4635 | dt: 2944.55ms | tok/sec: 22256.73
step  6698 | loss: 3.699424 | lr 2.0023e-04 | norm: 0.4852 | dt: 2975.52ms | tok/sec: 22025.08
step  6699 | loss: 3.443225 | lr 2.0016e-04 | norm: 0.5336 | dt: 2939.79ms | tok/sec: 22292.71
step  6700 | loss: 3.628833 | lr 2.0008e-04 | norm: 0.4738 | dt: 2942.73ms | tok/sec: 22270.47
step  6701 | loss: 3.600218 | lr 2.0000e-04 | norm: 0.4926 | dt: 2938.27ms | tok/sec: 22304.28
step  6702 | loss: 3.758830 | lr 1.9993e-04 | norm: 0.4968 | dt: 2950.98ms | tok/sec: 22208.23
step  6703 | loss: 3.743828 | lr 1.9985e-04 | norm: 0.5105 | dt: 2943.87ms | tok/sec: 22261.86
step  6704 | loss: 3.619645 | lr 1.9977e-04 | norm: 0.4930 | dt: 2942.54ms | tok/sec: 22271.92
step  6705 | loss: 3.782681 | lr 1.9970e-04 | norm: 0.5091 | dt: 2941.73ms | tok/sec: 22278.08
step  6706 | loss: 3.671638 | lr 1.9962e-04 | norm: 0.4482 | dt: 2967.29ms | tok/sec: 22086.13
step  6707 | loss: 3.779812 | lr 1.9954e-04 | norm: 0.5654 | dt: 2950.55ms | tok/sec: 22211.46
step  6708 | loss: 3.661892 | lr 1.9947e-04 | norm: 0.4622 | dt: 2963.61ms | tok/sec: 22113.60
step  6709 | loss: 3.684981 | lr 1.9939e-04 | norm: 0.4715 | dt: 2947.33ms | tok/sec: 22235.73
step  6710 | loss: 3.743252 | lr 1.9931e-04 | norm: 0.4931 | dt: 2941.95ms | tok/sec: 22276.37
step  6711 | loss: 3.773582 | lr 1.9924e-04 | norm: 0.5018 | dt: 2952.02ms | tok/sec: 22200.36
step  6712 | loss: 3.689361 | lr 1.9916e-04 | norm: 0.4721 | dt: 2937.88ms | tok/sec: 22307.22
step  6713 | loss: 3.663942 | lr 1.9908e-04 | norm: 0.5510 | dt: 2942.61ms | tok/sec: 22271.40
step  6714 | loss: 3.640823 | lr 1.9901e-04 | norm: 0.4969 | dt: 2945.77ms | tok/sec: 22247.50
step  6715 | loss: 3.692707 | lr 1.9893e-04 | norm: 0.4731 | dt: 2940.84ms | tok/sec: 22284.76
step  6716 | loss: 3.611628 | lr 1.9886e-04 | norm: 0.4739 | dt: 2945.32ms | tok/sec: 22250.93
step  6717 | loss: 3.831545 | lr 1.9878e-04 | norm: 0.4701 | dt: 2944.39ms | tok/sec: 22257.91
step  6718 | loss: 3.616476 | lr 1.9870e-04 | norm: 0.4569 | dt: 2978.54ms | tok/sec: 22002.71
step  6719 | loss: 3.683628 | lr 1.9863e-04 | norm: 0.4602 | dt: 2941.27ms | tok/sec: 22281.54
step  6720 | loss: 3.676322 | lr 1.9855e-04 | norm: 0.4632 | dt: 2940.16ms | tok/sec: 22289.93
step  6721 | loss: 3.707698 | lr 1.9847e-04 | norm: 0.4628 | dt: 2944.79ms | tok/sec: 22254.89
step  6722 | loss: 3.716473 | lr 1.9840e-04 | norm: 0.4422 | dt: 2948.26ms | tok/sec: 22228.72
step  6723 | loss: 3.768846 | lr 1.9832e-04 | norm: 0.4676 | dt: 2941.68ms | tok/sec: 22278.46
step  6724 | loss: 3.549323 | lr 1.9824e-04 | norm: 0.4344 | dt: 2946.55ms | tok/sec: 22241.64
step  6725 | loss: 3.646984 | lr 1.9817e-04 | norm: 0.4300 | dt: 2936.15ms | tok/sec: 22320.36
step  6726 | loss: 3.678977 | lr 1.9809e-04 | norm: 0.4570 | dt: 2946.51ms | tok/sec: 22241.92
step  6727 | loss: 3.678554 | lr 1.9802e-04 | norm: 0.4653 | dt: 2970.76ms | tok/sec: 22060.33
step  6728 | loss: 3.583775 | lr 1.9794e-04 | norm: 0.5237 | dt: 2969.35ms | tok/sec: 22070.80
step  6729 | loss: 3.794439 | lr 1.9786e-04 | norm: 0.4887 | dt: 2942.14ms | tok/sec: 22274.97
step  6730 | loss: 3.691755 | lr 1.9779e-04 | norm: 0.5272 | dt: 2941.89ms | tok/sec: 22276.84
step  6731 | loss: 3.607527 | lr 1.9771e-04 | norm: 0.4478 | dt: 2942.81ms | tok/sec: 22269.84
step  6732 | loss: 3.640778 | lr 1.9763e-04 | norm: 0.4494 | dt: 2954.65ms | tok/sec: 22180.63
step  6733 | loss: 4.024762 | lr 1.9756e-04 | norm: 0.5709 | dt: 2949.90ms | tok/sec: 22216.36
step  6734 | loss: 3.663697 | lr 1.9748e-04 | norm: 0.4365 | dt: 2940.28ms | tok/sec: 22289.06
step  6735 | loss: 3.734535 | lr 1.9741e-04 | norm: 0.5128 | dt: 2949.62ms | tok/sec: 22218.44
step  6736 | loss: 3.718410 | lr 1.9733e-04 | norm: 0.4722 | dt: 2954.17ms | tok/sec: 22184.26
step  6737 | loss: 3.834703 | lr 1.9725e-04 | norm: 0.4794 | dt: 2941.44ms | tok/sec: 22280.26
step  6738 | loss: 3.630384 | lr 1.9718e-04 | norm: 0.4383 | dt: 2948.90ms | tok/sec: 22223.84
step  6739 | loss: 3.763173 | lr 1.9710e-04 | norm: 0.5259 | dt: 2979.68ms | tok/sec: 21994.27
step  6740 | loss: 3.682733 | lr 1.9702e-04 | norm: 0.4314 | dt: 2946.15ms | tok/sec: 22244.59
step  6741 | loss: 3.631350 | lr 1.9695e-04 | norm: 0.4678 | dt: 2941.33ms | tok/sec: 22281.10
step  6742 | loss: 3.625067 | lr 1.9687e-04 | norm: 0.4725 | dt: 2953.26ms | tok/sec: 22191.09
step  6743 | loss: 3.669002 | lr 1.9680e-04 | norm: 0.4378 | dt: 2965.27ms | tok/sec: 22101.20
step  6744 | loss: 3.673254 | lr 1.9672e-04 | norm: 0.4444 | dt: 2946.55ms | tok/sec: 22241.61
step  6745 | loss: 3.643027 | lr 1.9664e-04 | norm: 0.4399 | dt: 2942.19ms | tok/sec: 22274.55
step  6746 | loss: 3.688127 | lr 1.9657e-04 | norm: 0.4935 | dt: 2946.07ms | tok/sec: 22245.23
step  6747 | loss: 3.729252 | lr 1.9649e-04 | norm: 0.4762 | dt: 2946.35ms | tok/sec: 22243.10
step  6748 | loss: 3.687345 | lr 1.9642e-04 | norm: 0.4505 | dt: 2955.65ms | tok/sec: 22173.13
step  6749 | loss: 3.610364 | lr 1.9634e-04 | norm: 0.4853 | dt: 2952.23ms | tok/sec: 22198.83
step  6750 | loss: 3.574033 | lr 1.9626e-04 | norm: 0.4263 | dt: 2946.80ms | tok/sec: 22239.72
step  6751 | loss: 3.628344 | lr 1.9619e-04 | norm: 0.4424 | dt: 2947.76ms | tok/sec: 22232.51
step  6752 | loss: 3.855391 | lr 1.9611e-04 | norm: 0.4557 | dt: 2943.52ms | tok/sec: 22264.54
step  6753 | loss: 3.857548 | lr 1.9604e-04 | norm: 0.5384 | dt: 2944.81ms | tok/sec: 22254.77
step  6754 | loss: 4.022525 | lr 1.9596e-04 | norm: 1.4872 | dt: 2956.37ms | tok/sec: 22167.69
step  6755 | loss: 3.504441 | lr 1.9588e-04 | norm: 0.4614 | dt: 2934.87ms | tok/sec: 22330.08
step  6756 | loss: 3.719848 | lr 1.9581e-04 | norm: 0.6005 | dt: 2952.05ms | tok/sec: 22200.13
step  6757 | loss: 3.817647 | lr 1.9573e-04 | norm: 0.5442 | dt: 2941.89ms | tok/sec: 22276.84
step  6758 | loss: 3.607194 | lr 1.9566e-04 | norm: 0.4589 | dt: 2948.19ms | tok/sec: 22229.25
step  6759 | loss: 3.652132 | lr 1.9558e-04 | norm: 0.5322 | dt: 2965.28ms | tok/sec: 22101.11
step  6760 | loss: 3.679903 | lr 1.9551e-04 | norm: 0.4959 | dt: 2947.54ms | tok/sec: 22234.16
step  6761 | loss: 3.675434 | lr 1.9543e-04 | norm: 0.4885 | dt: 2944.26ms | tok/sec: 22258.93
step  6762 | loss: 3.729626 | lr 1.9535e-04 | norm: 0.4605 | dt: 2941.67ms | tok/sec: 22278.50
step  6763 | loss: 3.624247 | lr 1.9528e-04 | norm: 0.4731 | dt: 2934.95ms | tok/sec: 22329.52
step  6764 | loss: 3.713360 | lr 1.9520e-04 | norm: 0.4502 | dt: 2938.82ms | tok/sec: 22300.09
step  6765 | loss: 3.718512 | lr 1.9513e-04 | norm: 0.4496 | dt: 2934.09ms | tok/sec: 22336.04
step  6766 | loss: 3.773856 | lr 1.9505e-04 | norm: 0.4448 | dt: 2940.57ms | tok/sec: 22286.87
step  6767 | loss: 3.660444 | lr 1.9497e-04 | norm: 0.4154 | dt: 2965.47ms | tok/sec: 22099.72
step  6768 | loss: 3.675333 | lr 1.9490e-04 | norm: 0.4437 | dt: 2947.47ms | tok/sec: 22234.64
step  6769 | loss: 3.659561 | lr 1.9482e-04 | norm: 0.4581 | dt: 2956.59ms | tok/sec: 22166.04
step  6770 | loss: 3.593466 | lr 1.9475e-04 | norm: 0.4196 | dt: 2931.92ms | tok/sec: 22352.55
step  6771 | loss: 3.651017 | lr 1.9467e-04 | norm: 0.4493 | dt: 2939.39ms | tok/sec: 22295.76
step  6772 | loss: 3.630952 | lr 1.9460e-04 | norm: 0.4219 | dt: 2949.89ms | tok/sec: 22216.44
step  6773 | loss: 4.129973 | lr 1.9452e-04 | norm: 0.8514 | dt: 2943.79ms | tok/sec: 22262.47
step  6774 | loss: 3.745055 | lr 1.9445e-04 | norm: 0.5104 | dt: 2949.83ms | tok/sec: 22216.84
step  6775 | loss: 3.669535 | lr 1.9437e-04 | norm: 0.5226 | dt: 2953.75ms | tok/sec: 22187.39
step  6776 | loss: 3.589009 | lr 1.9429e-04 | norm: 0.4828 | dt: 2949.91ms | tok/sec: 22216.29
step  6777 | loss: 3.578803 | lr 1.9422e-04 | norm: 0.4771 | dt: 2944.21ms | tok/sec: 22259.27
step  6778 | loss: 3.601983 | lr 1.9414e-04 | norm: 0.4915 | dt: 2946.36ms | tok/sec: 22243.06
step  6779 | loss: 3.615712 | lr 1.9407e-04 | norm: 0.4897 | dt: 2966.64ms | tok/sec: 22090.97
step  6780 | loss: 3.597115 | lr 1.9399e-04 | norm: 0.4565 | dt: 2972.77ms | tok/sec: 22045.40
step  6781 | loss: 3.995241 | lr 1.9392e-04 | norm: 0.6810 | dt: 2939.49ms | tok/sec: 22295.06
step  6782 | loss: 3.736078 | lr 1.9384e-04 | norm: 0.4598 | dt: 2933.23ms | tok/sec: 22342.59
step  6783 | loss: 3.777010 | lr 1.9376e-04 | norm: 0.4632 | dt: 2945.21ms | tok/sec: 22251.72
step  6784 | loss: 3.688007 | lr 1.9369e-04 | norm: 0.5281 | dt: 2937.71ms | tok/sec: 22308.55
step  6785 | loss: 3.635500 | lr 1.9361e-04 | norm: 0.5105 | dt: 2944.13ms | tok/sec: 22259.92
step  6786 | loss: 3.759343 | lr 1.9354e-04 | norm: 0.4581 | dt: 2943.19ms | tok/sec: 22266.99
step  6787 | loss: 3.860128 | lr 1.9346e-04 | norm: 0.5031 | dt: 2943.53ms | tok/sec: 22264.45
step  6788 | loss: 3.707939 | lr 1.9339e-04 | norm: 0.4542 | dt: 2945.30ms | tok/sec: 22251.04
step  6789 | loss: 3.789538 | lr 1.9331e-04 | norm: 0.4710 | dt: 2964.83ms | tok/sec: 22104.49
step  6790 | loss: 3.658740 | lr 1.9324e-04 | norm: 0.4437 | dt: 2940.93ms | tok/sec: 22284.09
step  6791 | loss: 3.705798 | lr 1.9316e-04 | norm: 0.4586 | dt: 2949.92ms | tok/sec: 22216.23
step  6792 | loss: 3.715069 | lr 1.9309e-04 | norm: 0.4470 | dt: 2931.92ms | tok/sec: 22352.61
step  6793 | loss: 3.713592 | lr 1.9301e-04 | norm: 0.4236 | dt: 2942.84ms | tok/sec: 22269.65
step  6794 | loss: 3.795857 | lr 1.9294e-04 | norm: 0.4624 | dt: 2947.00ms | tok/sec: 22238.24
step  6795 | loss: 3.581591 | lr 1.9286e-04 | norm: 0.4610 | dt: 2943.02ms | tok/sec: 22268.25
step  6796 | loss: 3.725355 | lr 1.9278e-04 | norm: 0.4597 | dt: 2937.64ms | tok/sec: 22309.08
step  6797 | loss: 3.764098 | lr 1.9271e-04 | norm: 0.4867 | dt: 2947.56ms | tok/sec: 22233.99
step  6798 | loss: 3.690708 | lr 1.9263e-04 | norm: 0.4439 | dt: 2943.72ms | tok/sec: 22262.96
step  6799 | loss: 3.708581 | lr 1.9256e-04 | norm: 0.4428 | dt: 2978.38ms | tok/sec: 22003.93
step  6800 | loss: 3.674592 | lr 1.9248e-04 | norm: 0.4365 | dt: 2945.98ms | tok/sec: 22245.91
step  6801 | loss: 3.754537 | lr 1.9241e-04 | norm: 0.4451 | dt: 2935.24ms | tok/sec: 22327.28
step  6802 | loss: 3.738776 | lr 1.9233e-04 | norm: 0.4398 | dt: 2948.86ms | tok/sec: 22224.19
step  6803 | loss: 3.687796 | lr 1.9226e-04 | norm: 0.4232 | dt: 2942.25ms | tok/sec: 22274.09
step  6804 | loss: 3.725950 | lr 1.9218e-04 | norm: 0.5083 | dt: 2939.96ms | tok/sec: 22291.45
step  6805 | loss: 3.660728 | lr 1.9211e-04 | norm: 0.6490 | dt: 2947.98ms | tok/sec: 22230.81
step  6806 | loss: 3.693390 | lr 1.9203e-04 | norm: 0.4430 | dt: 2941.25ms | tok/sec: 22281.69
step  6807 | loss: 3.654718 | lr 1.9196e-04 | norm: 0.4268 | dt: 2938.02ms | tok/sec: 22306.21
step  6808 | loss: 3.595507 | lr 1.9188e-04 | norm: 0.4401 | dt: 2960.50ms | tok/sec: 22136.79
step  6809 | loss: 3.691550 | lr 1.9181e-04 | norm: 0.4922 | dt: 2977.17ms | tok/sec: 22012.83
step  6810 | loss: 3.795403 | lr 1.9173e-04 | norm: 0.4875 | dt: 2941.47ms | tok/sec: 22280.04
step  6811 | loss: 3.529505 | lr 1.9166e-04 | norm: 0.4488 | dt: 2950.80ms | tok/sec: 22209.57
step  6812 | loss: 3.684755 | lr 1.9158e-04 | norm: 0.4517 | dt: 2945.35ms | tok/sec: 22250.64
step  6813 | loss: 3.613531 | lr 1.9151e-04 | norm: 0.4491 | dt: 2947.25ms | tok/sec: 22236.34
step  6814 | loss: 3.682634 | lr 1.9143e-04 | norm: 0.4389 | dt: 2943.52ms | tok/sec: 22264.52
step  6815 | loss: 3.676842 | lr 1.9136e-04 | norm: 0.4898 | dt: 2937.87ms | tok/sec: 22307.34
step  6816 | loss: 3.597431 | lr 1.9128e-04 | norm: 0.4365 | dt: 2945.29ms | tok/sec: 22251.15
step  6817 | loss: 3.748529 | lr 1.9121e-04 | norm: 0.4580 | dt: 2941.08ms | tok/sec: 22282.96
step  6818 | loss: 3.667424 | lr 1.9113e-04 | norm: 0.5081 | dt: 2945.04ms | tok/sec: 22253.02
step  6819 | loss: 3.924223 | lr 1.9106e-04 | norm: 0.5244 | dt: 2940.01ms | tok/sec: 22291.05
step  6820 | loss: 3.843899 | lr 1.9098e-04 | norm: 0.5191 | dt: 2979.54ms | tok/sec: 21995.37
step  6821 | loss: 3.644243 | lr 1.9091e-04 | norm: 0.4872 | dt: 2939.33ms | tok/sec: 22296.23
step  6822 | loss: 3.709506 | lr 1.9083e-04 | norm: 0.4505 | dt: 2953.40ms | tok/sec: 22190.02
step  6823 | loss: 3.729145 | lr 1.9076e-04 | norm: 0.4705 | dt: 2942.13ms | tok/sec: 22274.99
step  6824 | loss: 3.614372 | lr 1.9068e-04 | norm: 0.4790 | dt: 2937.95ms | tok/sec: 22306.68
step  6825 | loss: 3.835412 | lr 1.9061e-04 | norm: 0.5307 | dt: 2939.48ms | tok/sec: 22295.10
step  6826 | loss: 3.845469 | lr 1.9053e-04 | norm: 0.5154 | dt: 2947.55ms | tok/sec: 22234.09
step  6827 | loss: 3.709758 | lr 1.9046e-04 | norm: 0.5069 | dt: 2948.20ms | tok/sec: 22229.16
step  6828 | loss: 3.673342 | lr 1.9038e-04 | norm: 0.4579 | dt: 2962.92ms | tok/sec: 22118.74
step  6829 | loss: 3.750684 | lr 1.9031e-04 | norm: 0.5065 | dt: 2934.67ms | tok/sec: 22331.62
step  6830 | loss: 3.658010 | lr 1.9023e-04 | norm: 0.4352 | dt: 2966.40ms | tok/sec: 22092.76
step  6831 | loss: 3.637221 | lr 1.9016e-04 | norm: 0.4781 | dt: 2932.62ms | tok/sec: 22347.22
step  6832 | loss: 3.669622 | lr 1.9008e-04 | norm: 0.5566 | dt: 2939.73ms | tok/sec: 22293.24
step  6833 | loss: 3.761282 | lr 1.9001e-04 | norm: 0.4891 | dt: 2937.13ms | tok/sec: 22312.97
step  6834 | loss: 3.706598 | lr 1.8993e-04 | norm: 0.4933 | dt: 2945.71ms | tok/sec: 22247.92
step  6835 | loss: 3.630783 | lr 1.8986e-04 | norm: 0.5313 | dt: 2942.74ms | tok/sec: 22270.37
step  6836 | loss: 3.669061 | lr 1.8978e-04 | norm: 0.4619 | dt: 2946.04ms | tok/sec: 22245.48
step  6837 | loss: 3.544840 | lr 1.8971e-04 | norm: 0.4406 | dt: 2950.30ms | tok/sec: 22213.36
step  6838 | loss: 3.660285 | lr 1.8963e-04 | norm: 0.4921 | dt: 2944.76ms | tok/sec: 22255.12
step  6839 | loss: 3.675566 | lr 1.8956e-04 | norm: 0.4310 | dt: 2948.17ms | tok/sec: 22229.40
step  6840 | loss: 3.664925 | lr 1.8949e-04 | norm: 0.4226 | dt: 2972.61ms | tok/sec: 22046.63
step  6841 | loss: 3.692442 | lr 1.8941e-04 | norm: 0.4471 | dt: 2945.08ms | tok/sec: 22252.69
step  6842 | loss: 3.696083 | lr 1.8934e-04 | norm: 0.4617 | dt: 2943.13ms | tok/sec: 22267.45
step  6843 | loss: 3.784806 | lr 1.8926e-04 | norm: 0.5136 | dt: 2939.89ms | tok/sec: 22291.96
step  6844 | loss: 3.685257 | lr 1.8919e-04 | norm: 0.5284 | dt: 2941.45ms | tok/sec: 22280.15
step  6845 | loss: 3.666680 | lr 1.8911e-04 | norm: 0.4339 | dt: 2938.61ms | tok/sec: 22301.71
step  6846 | loss: 3.629621 | lr 1.8904e-04 | norm: 0.4426 | dt: 2942.22ms | tok/sec: 22274.30
step  6847 | loss: 3.678586 | lr 1.8896e-04 | norm: 0.4284 | dt: 2937.45ms | tok/sec: 22310.52
step  6848 | loss: 3.704497 | lr 1.8889e-04 | norm: 0.4213 | dt: 2946.81ms | tok/sec: 22239.62
step  6849 | loss: 3.703625 | lr 1.8881e-04 | norm: 0.4867 | dt: 2960.02ms | tok/sec: 22140.38
step  6850 | loss: 3.679343 | lr 1.8874e-04 | norm: 0.4592 | dt: 2978.69ms | tok/sec: 22001.61
step  6851 | loss: 3.740190 | lr 1.8866e-04 | norm: 0.4699 | dt: 2929.65ms | tok/sec: 22369.92
step  6852 | loss: 3.697450 | lr 1.8859e-04 | norm: 0.4434 | dt: 2950.67ms | tok/sec: 22210.58
step  6853 | loss: 3.623592 | lr 1.8852e-04 | norm: 0.4427 | dt: 2948.74ms | tok/sec: 22225.11
step  6854 | loss: 3.702094 | lr 1.8844e-04 | norm: 0.4338 | dt: 2939.75ms | tok/sec: 22293.06
step  6855 | loss: 3.726891 | lr 1.8837e-04 | norm: 0.5025 | dt: 2953.78ms | tok/sec: 22187.13
step  6856 | loss: 3.645424 | lr 1.8829e-04 | norm: 0.4306 | dt: 2944.99ms | tok/sec: 22253.35
step  6857 | loss: 3.598510 | lr 1.8822e-04 | norm: 0.4573 | dt: 2941.40ms | tok/sec: 22280.55
step  6858 | loss: 3.616206 | lr 1.8814e-04 | norm: 0.4544 | dt: 2941.56ms | tok/sec: 22279.37
step  6859 | loss: 3.664154 | lr 1.8807e-04 | norm: 0.5954 | dt: 2937.74ms | tok/sec: 22308.29
step  6860 | loss: 3.942573 | lr 1.8799e-04 | norm: 0.5497 | dt: 2941.12ms | tok/sec: 22282.66
step  6861 | loss: 3.932372 | lr 1.8792e-04 | norm: 0.5236 | dt: 2990.37ms | tok/sec: 21915.70
step  6862 | loss: 3.698871 | lr 1.8785e-04 | norm: 0.7694 | dt: 2954.51ms | tok/sec: 22181.64
step  6863 | loss: 3.771718 | lr 1.8777e-04 | norm: 0.6883 | dt: 2942.96ms | tok/sec: 22268.74
step  6864 | loss: 3.567866 | lr 1.8770e-04 | norm: 1.0507 | dt: 2939.24ms | tok/sec: 22296.94
step  6865 | loss: 3.535191 | lr 1.8762e-04 | norm: 0.7218 | dt: 2941.03ms | tok/sec: 22283.33
step  6866 | loss: 3.640029 | lr 1.8755e-04 | norm: 0.6780 | dt: 2945.56ms | tok/sec: 22249.07
step  6867 | loss: 3.754649 | lr 1.8747e-04 | norm: 0.6557 | dt: 2936.61ms | tok/sec: 22316.90
step  6868 | loss: 3.664456 | lr 1.8740e-04 | norm: 0.5444 | dt: 2940.99ms | tok/sec: 22283.63
step  6869 | loss: 3.614096 | lr 1.8733e-04 | norm: 0.4935 | dt: 2964.29ms | tok/sec: 22108.47
step  6870 | loss: 3.597218 | lr 1.8725e-04 | norm: 0.5150 | dt: 2971.22ms | tok/sec: 22056.91
step  6871 | loss: 3.594931 | lr 1.8718e-04 | norm: 0.5347 | dt: 2939.07ms | tok/sec: 22298.22
step  6872 | loss: 3.618607 | lr 1.8710e-04 | norm: 0.5115 | dt: 2942.81ms | tok/sec: 22269.91
step  6873 | loss: 3.723200 | lr 1.8703e-04 | norm: 0.4895 | dt: 2954.65ms | tok/sec: 22180.63
step  6874 | loss: 3.651650 | lr 1.8695e-04 | norm: 0.4676 | dt: 2942.70ms | tok/sec: 22270.71
step  6875 | loss: 3.615339 | lr 1.8688e-04 | norm: 0.4801 | dt: 2937.10ms | tok/sec: 22313.13
step  6876 | loss: 3.682067 | lr 1.8681e-04 | norm: 0.5043 | dt: 2940.30ms | tok/sec: 22288.88
step  6877 | loss: 3.759778 | lr 1.8673e-04 | norm: 0.4545 | dt: 2956.95ms | tok/sec: 22163.40
step  6878 | loss: 3.569278 | lr 1.8666e-04 | norm: 0.5102 | dt: 2955.19ms | tok/sec: 22176.59
step  6879 | loss: 3.584987 | lr 1.8658e-04 | norm: 0.4614 | dt: 2941.22ms | tok/sec: 22281.94
step  6880 | loss: 3.637053 | lr 1.8651e-04 | norm: 0.4721 | dt: 2947.13ms | tok/sec: 22237.22
step  6881 | loss: 3.479300 | lr 1.8644e-04 | norm: 0.4509 | dt: 2974.76ms | tok/sec: 22030.67
step  6882 | loss: 3.700005 | lr 1.8636e-04 | norm: 0.4342 | dt: 2938.26ms | tok/sec: 22304.38
step  6883 | loss: 3.690435 | lr 1.8629e-04 | norm: 0.4558 | dt: 2946.18ms | tok/sec: 22244.43
step  6884 | loss: 3.623194 | lr 1.8621e-04 | norm: 0.4563 | dt: 2943.57ms | tok/sec: 22264.09
step  6885 | loss: 3.673324 | lr 1.8614e-04 | norm: 0.4881 | dt: 2944.08ms | tok/sec: 22260.25
step  6886 | loss: 3.567895 | lr 1.8607e-04 | norm: 0.4261 | dt: 2937.83ms | tok/sec: 22307.61
step  6887 | loss: 3.658520 | lr 1.8599e-04 | norm: 0.4439 | dt: 2945.78ms | tok/sec: 22247.40
step  6888 | loss: 3.536726 | lr 1.8592e-04 | norm: 0.5127 | dt: 2953.15ms | tok/sec: 22191.92
step  6889 | loss: 3.647371 | lr 1.8584e-04 | norm: 0.4527 | dt: 2957.13ms | tok/sec: 22162.01
step  6890 | loss: 3.727417 | lr 1.8577e-04 | norm: 0.5146 | dt: 2951.06ms | tok/sec: 22207.65
step  6891 | loss: 3.536845 | lr 1.8570e-04 | norm: 0.4336 | dt: 2958.24ms | tok/sec: 22153.71
step  6892 | loss: 3.622321 | lr 1.8562e-04 | norm: 0.4506 | dt: 2943.55ms | tok/sec: 22264.29
step  6893 | loss: 3.615180 | lr 1.8555e-04 | norm: 0.5137 | dt: 2937.98ms | tok/sec: 22306.52
step  6894 | loss: 3.649505 | lr 1.8547e-04 | norm: 0.4773 | dt: 2944.21ms | tok/sec: 22259.27
step  6895 | loss: 3.673968 | lr 1.8540e-04 | norm: 0.4575 | dt: 2943.62ms | tok/sec: 22263.72
step  6896 | loss: 3.597425 | lr 1.8533e-04 | norm: 0.4551 | dt: 2944.73ms | tok/sec: 22255.32
step  6897 | loss: 3.625126 | lr 1.8525e-04 | norm: 0.5214 | dt: 2944.65ms | tok/sec: 22255.95
step  6898 | loss: 3.662668 | lr 1.8518e-04 | norm: 0.4838 | dt: 2938.14ms | tok/sec: 22305.25
step  6899 | loss: 3.675529 | lr 1.8511e-04 | norm: 0.4981 | dt: 2950.32ms | tok/sec: 22213.20
step  6900 | loss: 3.621994 | lr 1.8503e-04 | norm: 0.5000 | dt: 2940.29ms | tok/sec: 22288.98
step  6901 | loss: 3.587440 | lr 1.8496e-04 | norm: 0.4471 | dt: 2978.65ms | tok/sec: 22001.91
step  6902 | loss: 3.703656 | lr 1.8488e-04 | norm: 0.5123 | dt: 2941.22ms | tok/sec: 22281.94
step  6903 | loss: 3.735007 | lr 1.8481e-04 | norm: 0.4902 | dt: 2945.29ms | tok/sec: 22251.10
step  6904 | loss: 3.655166 | lr 1.8474e-04 | norm: 0.5307 | dt: 2944.95ms | tok/sec: 22253.65
step  6905 | loss: 3.665111 | lr 1.8466e-04 | norm: 0.4923 | dt: 2951.12ms | tok/sec: 22207.19
step  6906 | loss: 3.679687 | lr 1.8459e-04 | norm: 0.4591 | dt: 2937.58ms | tok/sec: 22309.55
step  6907 | loss: 3.618076 | lr 1.8452e-04 | norm: 0.4476 | dt: 2944.61ms | tok/sec: 22256.28
step  6908 | loss: 3.673330 | lr 1.8444e-04 | norm: 0.4845 | dt: 2944.05ms | tok/sec: 22260.47
step  6909 | loss: 3.733799 | lr 1.8437e-04 | norm: 0.7675 | dt: 2941.18ms | tok/sec: 22282.21
step  6910 | loss: 3.663979 | lr 1.8429e-04 | norm: 0.6093 | dt: 2968.95ms | tok/sec: 22073.80
step  6911 | loss: 3.585347 | lr 1.8422e-04 | norm: 0.5537 | dt: 2973.11ms | tok/sec: 22042.93
step  6912 | loss: 3.574169 | lr 1.8415e-04 | norm: 0.5324 | dt: 2951.13ms | tok/sec: 22207.09
step  6913 | loss: 3.610651 | lr 1.8407e-04 | norm: 0.4505 | dt: 2946.17ms | tok/sec: 22244.45
step  6914 | loss: 3.617316 | lr 1.8400e-04 | norm: 0.4635 | dt: 2945.69ms | tok/sec: 22248.10
step  6915 | loss: 3.562154 | lr 1.8393e-04 | norm: 0.4820 | dt: 2951.08ms | tok/sec: 22207.44
step  6916 | loss: 3.532698 | lr 1.8385e-04 | norm: 0.4552 | dt: 2943.84ms | tok/sec: 22262.11
step  6917 | loss: 3.591489 | lr 1.8378e-04 | norm: 0.4754 | dt: 2955.15ms | tok/sec: 22176.84
step  6918 | loss: 3.649755 | lr 1.8371e-04 | norm: 0.4494 | dt: 2943.05ms | tok/sec: 22268.07
step  6919 | loss: 3.557551 | lr 1.8363e-04 | norm: 0.4878 | dt: 2954.82ms | tok/sec: 22179.38
step  6920 | loss: 3.717872 | lr 1.8356e-04 | norm: 0.4734 | dt: 2939.69ms | tok/sec: 22293.50
step  6921 | loss: 3.720818 | lr 1.8349e-04 | norm: 0.4965 | dt: 2938.43ms | tok/sec: 22303.08
step  6922 | loss: 3.542199 | lr 1.8341e-04 | norm: 0.4470 | dt: 2977.69ms | tok/sec: 22009.04
step  6923 | loss: 3.715169 | lr 1.8334e-04 | norm: 0.4816 | dt: 2947.53ms | tok/sec: 22234.23
step  6924 | loss: 3.614226 | lr 1.8327e-04 | norm: 0.4356 | dt: 2948.75ms | tok/sec: 22225.04
step  6925 | loss: 3.598033 | lr 1.8319e-04 | norm: 0.4382 | dt: 2946.01ms | tok/sec: 22245.69
step  6926 | loss: 3.677365 | lr 1.8312e-04 | norm: 0.4800 | dt: 2945.91ms | tok/sec: 22246.41
step  6927 | loss: 3.606144 | lr 1.8305e-04 | norm: 0.4493 | dt: 2938.46ms | tok/sec: 22302.84
step  6928 | loss: 3.426407 | lr 1.8297e-04 | norm: 0.4162 | dt: 2950.10ms | tok/sec: 22214.80
step  6929 | loss: 3.521678 | lr 1.8290e-04 | norm: 0.4382 | dt: 2946.06ms | tok/sec: 22245.30
step  6930 | loss: 3.551879 | lr 1.8283e-04 | norm: 0.5260 | dt: 2970.44ms | tok/sec: 22062.75
step  6931 | loss: 3.613148 | lr 1.8275e-04 | norm: 0.4413 | dt: 2957.93ms | tok/sec: 22156.07
step  6932 | loss: 3.600271 | lr 1.8268e-04 | norm: 0.4362 | dt: 2943.74ms | tok/sec: 22262.82
step  6933 | loss: 3.643075 | lr 1.8261e-04 | norm: 0.4420 | dt: 2935.40ms | tok/sec: 22326.12
step  6934 | loss: 3.597704 | lr 1.8253e-04 | norm: 0.4239 | dt: 2945.99ms | tok/sec: 22245.80
step  6935 | loss: 3.695891 | lr 1.8246e-04 | norm: 0.4862 | dt: 2943.90ms | tok/sec: 22261.65
step  6936 | loss: 3.666398 | lr 1.8239e-04 | norm: 0.4208 | dt: 2939.53ms | tok/sec: 22294.74
step  6937 | loss: 3.603024 | lr 1.8231e-04 | norm: 0.4790 | dt: 2948.29ms | tok/sec: 22228.49
step  6938 | loss: 3.647895 | lr 1.8224e-04 | norm: 0.4710 | dt: 2933.74ms | tok/sec: 22338.75
step  6939 | loss: 3.622408 | lr 1.8217e-04 | norm: 0.4440 | dt: 2947.42ms | tok/sec: 22235.04
step  6940 | loss: 3.755980 | lr 1.8209e-04 | norm: 0.4510 | dt: 2957.45ms | tok/sec: 22159.62
step  6941 | loss: 3.702176 | lr 1.8202e-04 | norm: 0.4854 | dt: 2936.72ms | tok/sec: 22316.09
step  6942 | loss: 3.707969 | lr 1.8195e-04 | norm: 0.4735 | dt: 2974.73ms | tok/sec: 22030.92
step  6943 | loss: 3.589665 | lr 1.8187e-04 | norm: 0.4894 | dt: 2946.46ms | tok/sec: 22242.25
step  6944 | loss: 3.547164 | lr 1.8180e-04 | norm: 0.4509 | dt: 2940.71ms | tok/sec: 22285.79
step  6945 | loss: 3.777805 | lr 1.8173e-04 | norm: 0.4908 | dt: 2925.22ms | tok/sec: 22403.76
step  6946 | loss: 3.495704 | lr 1.8165e-04 | norm: 0.4974 | dt: 2945.31ms | tok/sec: 22250.95
step  6947 | loss: 3.600136 | lr 1.8158e-04 | norm: 0.4923 | dt: 2953.75ms | tok/sec: 22187.39
step  6948 | loss: 3.554681 | lr 1.8151e-04 | norm: 0.4698 | dt: 2942.98ms | tok/sec: 22268.57
step  6949 | loss: 3.646574 | lr 1.8144e-04 | norm: 0.4879 | dt: 2952.72ms | tok/sec: 22195.09
step  6950 | loss: 3.528165 | lr 1.8136e-04 | norm: 0.4646 | dt: 2960.40ms | tok/sec: 22137.55
step  6951 | loss: 3.451779 | lr 1.8129e-04 | norm: 0.4437 | dt: 2943.69ms | tok/sec: 22263.24
step  6952 | loss: 3.529022 | lr 1.8122e-04 | norm: 0.4535 | dt: 2969.53ms | tok/sec: 22069.50
step  6953 | loss: 3.610485 | lr 1.8114e-04 | norm: 0.5044 | dt: 2946.79ms | tok/sec: 22239.77
step  6954 | loss: 3.600657 | lr 1.8107e-04 | norm: 0.4371 | dt: 2939.51ms | tok/sec: 22294.86
step  6955 | loss: 3.387433 | lr 1.8100e-04 | norm: 0.4406 | dt: 2952.86ms | tok/sec: 22194.06
step  6956 | loss: 3.633707 | lr 1.8092e-04 | norm: 0.4876 | dt: 2940.65ms | tok/sec: 22286.22
step  6957 | loss: 3.489126 | lr 1.8085e-04 | norm: 0.4596 | dt: 2976.13ms | tok/sec: 22020.53
step  6958 | loss: 3.449728 | lr 1.8078e-04 | norm: 0.4441 | dt: 2948.86ms | tok/sec: 22224.15
step  6959 | loss: 3.453148 | lr 1.8071e-04 | norm: 0.4230 | dt: 2946.97ms | tok/sec: 22238.40
step  6960 | loss: 3.504056 | lr 1.8063e-04 | norm: 0.4525 | dt: 2930.39ms | tok/sec: 22364.26
step  6961 | loss: 3.653315 | lr 1.8056e-04 | norm: 0.5821 | dt: 2942.55ms | tok/sec: 22271.83
step  6962 | loss: 3.760845 | lr 1.8049e-04 | norm: 0.5548 | dt: 2951.00ms | tok/sec: 22208.05
step  6963 | loss: 3.429910 | lr 1.8041e-04 | norm: 0.4812 | dt: 2945.96ms | tok/sec: 22246.02
step  6964 | loss: 3.377957 | lr 1.8034e-04 | norm: 0.6564 | dt: 2938.67ms | tok/sec: 22301.21
step  6965 | loss: 3.459069 | lr 1.8027e-04 | norm: 0.5041 | dt: 2937.95ms | tok/sec: 22306.72
step  6966 | loss: 3.548254 | lr 1.8020e-04 | norm: 0.4705 | dt: 2942.73ms | tok/sec: 22270.48
step  6967 | loss: 3.575567 | lr 1.8012e-04 | norm: 0.4542 | dt: 2946.00ms | tok/sec: 22245.75
step  6968 | loss: 3.610115 | lr 1.8005e-04 | norm: 0.4429 | dt: 2949.37ms | tok/sec: 22220.32
step  6969 | loss: 3.447626 | lr 1.7998e-04 | norm: 0.4510 | dt: 2942.05ms | tok/sec: 22275.62
step  6970 | loss: 3.537223 | lr 1.7991e-04 | norm: 0.4787 | dt: 2940.76ms | tok/sec: 22285.38
step  6971 | loss: 3.460121 | lr 1.7983e-04 | norm: 0.4655 | dt: 2963.94ms | tok/sec: 22111.10
step  6972 | loss: 3.548259 | lr 1.7976e-04 | norm: 0.4278 | dt: 2973.96ms | tok/sec: 22036.63
step  6973 | loss: 3.462568 | lr 1.7969e-04 | norm: 0.4631 | dt: 2942.39ms | tok/sec: 22273.04
step  6974 | loss: 3.395647 | lr 1.7961e-04 | norm: 0.4535 | dt: 2939.81ms | tok/sec: 22292.61
step  6975 | loss: 3.512733 | lr 1.7954e-04 | norm: 0.4334 | dt: 2951.83ms | tok/sec: 22201.79
step  6976 | loss: 3.543728 | lr 1.7947e-04 | norm: 0.4655 | dt: 2945.68ms | tok/sec: 22248.19
step  6977 | loss: 3.577900 | lr 1.7940e-04 | norm: 0.4409 | dt: 2980.68ms | tok/sec: 21986.94
step  6978 | loss: 3.483543 | lr 1.7932e-04 | norm: 0.4606 | dt: 2948.70ms | tok/sec: 22225.36
step  6979 | loss: 3.575944 | lr 1.7925e-04 | norm: 0.4731 | dt: 2933.18ms | tok/sec: 22343.00
step  6980 | loss: 3.485101 | lr 1.7918e-04 | norm: 0.4581 | dt: 2948.31ms | tok/sec: 22228.30
step  6981 | loss: 3.449882 | lr 1.7911e-04 | norm: 0.4709 | dt: 2947.08ms | tok/sec: 22237.59
step  6982 | loss: 3.509150 | lr 1.7903e-04 | norm: 0.4861 | dt: 2939.58ms | tok/sec: 22294.34
step  6983 | loss: 3.464378 | lr 1.7896e-04 | norm: 0.4278 | dt: 2970.31ms | tok/sec: 22063.72
step  6984 | loss: 3.546911 | lr 1.7889e-04 | norm: 0.4565 | dt: 2939.91ms | tok/sec: 22291.82
step  6985 | loss: 3.610486 | lr 1.7882e-04 | norm: 0.4539 | dt: 2942.29ms | tok/sec: 22273.84
step  6986 | loss: 3.548601 | lr 1.7874e-04 | norm: 0.4654 | dt: 2954.43ms | tok/sec: 22182.29
step  6987 | loss: 3.523051 | lr 1.7867e-04 | norm: 0.4385 | dt: 2939.69ms | tok/sec: 22293.48
step  6988 | loss: 3.504714 | lr 1.7860e-04 | norm: 0.4537 | dt: 2952.54ms | tok/sec: 22196.48
step  6989 | loss: 3.548647 | lr 1.7853e-04 | norm: 0.4496 | dt: 2941.32ms | tok/sec: 22281.15
step  6990 | loss: 3.498851 | lr 1.7845e-04 | norm: 0.4840 | dt: 2956.61ms | tok/sec: 22165.91
step  6991 | loss: 3.564906 | lr 1.7838e-04 | norm: 0.4405 | dt: 2947.31ms | tok/sec: 22235.84
step  6992 | loss: 3.549335 | lr 1.7831e-04 | norm: 0.4523 | dt: 2979.10ms | tok/sec: 21998.58
step  6993 | loss: 3.566718 | lr 1.7824e-04 | norm: 0.4701 | dt: 2940.24ms | tok/sec: 22289.33
step  6994 | loss: 3.420715 | lr 1.7817e-04 | norm: 0.4417 | dt: 2944.94ms | tok/sec: 22253.75
step  6995 | loss: 3.571304 | lr 1.7809e-04 | norm: 0.4619 | dt: 2944.75ms | tok/sec: 22255.17
step  6996 | loss: 3.388190 | lr 1.7802e-04 | norm: 0.4419 | dt: 2955.90ms | tok/sec: 22171.23
step  6997 | loss: 3.583684 | lr 1.7795e-04 | norm: 0.4455 | dt: 2952.65ms | tok/sec: 22195.67
step  6998 | loss: 3.616697 | lr 1.7788e-04 | norm: 0.5468 | dt: 2996.72ms | tok/sec: 21869.27
step  6999 | loss: 3.459557 | lr 1.7780e-04 | norm: 0.4640 | dt: 2947.05ms | tok/sec: 22237.83
validation loss: 3.6048
HellaSwag accuracy: 2619/10042=0.2608
rank 0 sample 0: Hello, I'm a language model, and I know that I want a very readable package.
- Read-only-level-level (D) code
rank 0 sample 1: Hello, I'm a language model, but in my opinion I'm just confused about how all it is that particular thing to say in the real world.

rank 0 sample 2: Hello, I'm a language model, so I understand how to say it well. Thanks for your comments
The first line is the first line, which ends
rank 0 sample 3: Hello, I'm a language model, it really requires a lot of programming. So yes, I'm so interested to point out that the point is not being
step  7000 | loss: 3.459862 | lr 1.7773e-04 | norm: 0.4686 | dt: 107758.32ms | tok/sec: 608.18
step  7001 | loss: 3.384452 | lr 1.7766e-04 | norm: 0.5119 | dt: 2949.02ms | tok/sec: 22222.98
step  7002 | loss: 3.450890 | lr 1.7759e-04 | norm: 0.4494 | dt: 2941.28ms | tok/sec: 22281.47
step  7003 | loss: 3.310851 | lr 1.7752e-04 | norm: 0.4559 | dt: 2993.89ms | tok/sec: 21889.91
step  7004 | loss: 3.470685 | lr 1.7744e-04 | norm: 0.4832 | dt: 2947.94ms | tok/sec: 22231.12
step  7005 | loss: 3.446437 | lr 1.7737e-04 | norm: 0.4516 | dt: 2953.28ms | tok/sec: 22190.91
step  7006 | loss: 3.549177 | lr 1.7730e-04 | norm: 0.4553 | dt: 2957.45ms | tok/sec: 22159.63
step  7007 | loss: 3.503726 | lr 1.7723e-04 | norm: 0.4391 | dt: 2942.17ms | tok/sec: 22274.74
step  7008 | loss: 3.422394 | lr 1.7715e-04 | norm: 0.4590 | dt: 2948.30ms | tok/sec: 22228.39
step  7009 | loss: 3.477017 | lr 1.7708e-04 | norm: 0.4474 | dt: 2938.20ms | tok/sec: 22304.84
step  7010 | loss: 3.430001 | lr 1.7701e-04 | norm: 0.4455 | dt: 2950.81ms | tok/sec: 22209.51
step  7011 | loss: 3.450226 | lr 1.7694e-04 | norm: 0.4416 | dt: 2941.46ms | tok/sec: 22280.13
step  7012 | loss: 3.550432 | lr 1.7687e-04 | norm: 0.4727 | dt: 2947.44ms | tok/sec: 22234.91
step  7013 | loss: 3.277010 | lr 1.7679e-04 | norm: 0.5719 | dt: 2949.56ms | tok/sec: 22218.90
step  7014 | loss: 3.472737 | lr 1.7672e-04 | norm: 0.4649 | dt: 2943.08ms | tok/sec: 22267.85
step  7015 | loss: 3.486170 | lr 1.7665e-04 | norm: 0.4769 | dt: 2957.17ms | tok/sec: 22161.76
step  7016 | loss: 3.368271 | lr 1.7658e-04 | norm: 0.4742 | dt: 2975.39ms | tok/sec: 22025.99
step  7017 | loss: 3.845199 | lr 1.7651e-04 | norm: 0.5840 | dt: 2946.74ms | tok/sec: 22240.20
step  7018 | loss: 3.608272 | lr 1.7643e-04 | norm: 0.5013 | dt: 2963.27ms | tok/sec: 22116.13
step  7019 | loss: 3.449321 | lr 1.7636e-04 | norm: 0.6383 | dt: 2945.63ms | tok/sec: 22248.55
step  7020 | loss: 3.532650 | lr 1.7629e-04 | norm: 0.4499 | dt: 2946.49ms | tok/sec: 22242.05
step  7021 | loss: 3.501590 | lr 1.7622e-04 | norm: 0.4289 | dt: 2946.65ms | tok/sec: 22240.87
step  7022 | loss: 3.644056 | lr 1.7615e-04 | norm: 0.5133 | dt: 2933.10ms | tok/sec: 22343.60
step  7023 | loss: 3.452574 | lr 1.7607e-04 | norm: 0.4578 | dt: 2989.87ms | tok/sec: 21919.31
step  7024 | loss: 3.730016 | lr 1.7600e-04 | norm: 0.8433 | dt: 2944.67ms | tok/sec: 22255.81
step  7025 | loss: 3.401627 | lr 1.7593e-04 | norm: 0.4580 | dt: 2946.45ms | tok/sec: 22242.36
step  7026 | loss: 3.567592 | lr 1.7586e-04 | norm: 0.4882 | dt: 2955.15ms | tok/sec: 22176.85
step  7027 | loss: 3.463563 | lr 1.7579e-04 | norm: 0.4709 | dt: 2950.38ms | tok/sec: 22212.70
step  7028 | loss: 3.679226 | lr 1.7572e-04 | norm: 0.4979 | dt: 2950.61ms | tok/sec: 22210.98
step  7029 | loss: 3.537725 | lr 1.7564e-04 | norm: 0.4648 | dt: 2949.21ms | tok/sec: 22221.53
step  7030 | loss: 3.494984 | lr 1.7557e-04 | norm: 0.4622 | dt: 2943.36ms | tok/sec: 22265.71
step  7031 | loss: 3.524571 | lr 1.7550e-04 | norm: 0.5058 | dt: 2939.81ms | tok/sec: 22292.63
step  7032 | loss: 3.614617 | lr 1.7543e-04 | norm: 0.4747 | dt: 2943.73ms | tok/sec: 22262.88
step  7033 | loss: 3.596447 | lr 1.7536e-04 | norm: 0.4681 | dt: 2938.91ms | tok/sec: 22299.42
step  7034 | loss: 3.614824 | lr 1.7529e-04 | norm: 0.4872 | dt: 2937.72ms | tok/sec: 22308.49
step  7035 | loss: 3.509616 | lr 1.7521e-04 | norm: 0.4559 | dt: 2939.55ms | tok/sec: 22294.56
step  7036 | loss: 3.491283 | lr 1.7514e-04 | norm: 0.5247 | dt: 2948.65ms | tok/sec: 22225.75
step  7037 | loss: 3.576759 | lr 1.7507e-04 | norm: 0.4684 | dt: 2964.90ms | tok/sec: 22103.94
step  7038 | loss: 3.318696 | lr 1.7500e-04 | norm: 0.4435 | dt: 2971.09ms | tok/sec: 22057.88
step  7039 | loss: 3.583048 | lr 1.7493e-04 | norm: 0.5044 | dt: 2942.12ms | tok/sec: 22275.06
step  7040 | loss: 3.453883 | lr 1.7486e-04 | norm: 0.5363 | dt: 2937.77ms | tok/sec: 22308.06
step  7041 | loss: 3.467206 | lr 1.7478e-04 | norm: 0.4698 | dt: 2942.98ms | tok/sec: 22268.61
step  7042 | loss: 3.401211 | lr 1.7471e-04 | norm: 0.4469 | dt: 2938.70ms | tok/sec: 22301.05
step  7043 | loss: 3.534238 | lr 1.7464e-04 | norm: 0.4316 | dt: 2982.33ms | tok/sec: 21974.79
step  7044 | loss: 3.535400 | lr 1.7457e-04 | norm: 0.4885 | dt: 2940.82ms | tok/sec: 22284.91
step  7045 | loss: 3.875039 | lr 1.7450e-04 | norm: 1.0377 | dt: 2948.76ms | tok/sec: 22224.94
step  7046 | loss: 3.550197 | lr 1.7443e-04 | norm: 0.4790 | dt: 2942.70ms | tok/sec: 22270.70
step  7047 | loss: 3.558160 | lr 1.7436e-04 | norm: 0.5364 | dt: 2946.32ms | tok/sec: 22243.36
step  7048 | loss: 3.630974 | lr 1.7428e-04 | norm: 0.5401 | dt: 2939.44ms | tok/sec: 22295.43
step  7049 | loss: 3.440131 | lr 1.7421e-04 | norm: 0.5096 | dt: 2945.97ms | tok/sec: 22245.97
step  7050 | loss: 3.548163 | lr 1.7414e-04 | norm: 0.5095 | dt: 2935.93ms | tok/sec: 22322.05
step  7051 | loss: 3.497376 | lr 1.7407e-04 | norm: 0.4649 | dt: 2950.51ms | tok/sec: 22211.76
step  7052 | loss: 3.661882 | lr 1.7400e-04 | norm: 0.5055 | dt: 2947.21ms | tok/sec: 22236.62
step  7053 | loss: 3.621631 | lr 1.7393e-04 | norm: 0.5043 | dt: 2945.70ms | tok/sec: 22248.01
step  7054 | loss: 3.673160 | lr 1.7386e-04 | norm: 0.4723 | dt: 2946.60ms | tok/sec: 22241.20
step  7055 | loss: 3.624801 | lr 1.7378e-04 | norm: 0.4637 | dt: 2939.05ms | tok/sec: 22298.32
step  7056 | loss: 3.747630 | lr 1.7371e-04 | norm: 0.5501 | dt: 2943.62ms | tok/sec: 22263.78
step  7057 | loss: 3.660898 | lr 1.7364e-04 | norm: 0.4750 | dt: 2965.64ms | tok/sec: 22098.47
step  7058 | loss: 3.681641 | lr 1.7357e-04 | norm: 0.4852 | dt: 2961.25ms | tok/sec: 22131.18
step  7059 | loss: 3.836293 | lr 1.7350e-04 | norm: 0.5114 | dt: 2948.68ms | tok/sec: 22225.57
step  7060 | loss: 3.708958 | lr 1.7343e-04 | norm: 0.4539 | dt: 2938.57ms | tok/sec: 22301.99
step  7061 | loss: 3.730010 | lr 1.7336e-04 | norm: 0.4584 | dt: 2945.82ms | tok/sec: 22247.11
step  7062 | loss: 3.705579 | lr 1.7329e-04 | norm: 0.4583 | dt: 2939.34ms | tok/sec: 22296.16
step  7063 | loss: 4.065324 | lr 1.7321e-04 | norm: 0.6618 | dt: 2943.00ms | tok/sec: 22268.47
step  7064 | loss: 3.732101 | lr 1.7314e-04 | norm: 0.4836 | dt: 2973.17ms | tok/sec: 22042.50
step  7065 | loss: 3.744817 | lr 1.7307e-04 | norm: 0.5076 | dt: 2943.30ms | tok/sec: 22266.16
step  7066 | loss: 3.925151 | lr 1.7300e-04 | norm: 0.4877 | dt: 2953.35ms | tok/sec: 22190.43
step  7067 | loss: 3.712590 | lr 1.7293e-04 | norm: 0.4592 | dt: 2949.37ms | tok/sec: 22220.34
step  7068 | loss: 3.626235 | lr 1.7286e-04 | norm: 0.4745 | dt: 2945.74ms | tok/sec: 22247.70
step  7069 | loss: 3.592488 | lr 1.7279e-04 | norm: 0.4521 | dt: 2945.46ms | tok/sec: 22249.84
step  7070 | loss: 3.732150 | lr 1.7272e-04 | norm: 0.4657 | dt: 2942.64ms | tok/sec: 22271.13
step  7071 | loss: 3.924686 | lr 1.7265e-04 | norm: 0.9686 | dt: 2946.76ms | tok/sec: 22240.03
step  7072 | loss: 3.615602 | lr 1.7257e-04 | norm: 0.5076 | dt: 2947.76ms | tok/sec: 22232.47
step  7073 | loss: 3.672651 | lr 1.7250e-04 | norm: 0.6893 | dt: 2941.40ms | tok/sec: 22280.55
step  7074 | loss: 3.840036 | lr 1.7243e-04 | norm: 0.6090 | dt: 2938.63ms | tok/sec: 22301.58
step  7075 | loss: 3.644227 | lr 1.7236e-04 | norm: 0.4941 | dt: 2947.87ms | tok/sec: 22231.64
step  7076 | loss: 3.627520 | lr 1.7229e-04 | norm: 0.5271 | dt: 2947.96ms | tok/sec: 22230.93
step  7077 | loss: 3.665016 | lr 1.7222e-04 | norm: 0.4830 | dt: 2962.18ms | tok/sec: 22124.25
step  7078 | loss: 3.627042 | lr 1.7215e-04 | norm: 0.4893 | dt: 2943.98ms | tok/sec: 22261.05
step  7079 | loss: 3.627294 | lr 1.7208e-04 | norm: 0.4694 | dt: 2964.81ms | tok/sec: 22104.60
step  7080 | loss: 3.616854 | lr 1.7201e-04 | norm: 0.4463 | dt: 2941.38ms | tok/sec: 22280.73
step  7081 | loss: 3.732324 | lr 1.7194e-04 | norm: 0.4589 | dt: 2945.48ms | tok/sec: 22249.70
step  7082 | loss: 3.566482 | lr 1.7186e-04 | norm: 0.4865 | dt: 2944.63ms | tok/sec: 22256.08
step  7083 | loss: 3.767843 | lr 1.7179e-04 | norm: 0.5127 | dt: 2948.31ms | tok/sec: 22228.31
step  7084 | loss: 3.705227 | lr 1.7172e-04 | norm: 0.5238 | dt: 2991.15ms | tok/sec: 21909.98
step  7085 | loss: 3.627096 | lr 1.7165e-04 | norm: 0.4784 | dt: 2947.17ms | tok/sec: 22236.96
step  7086 | loss: 3.848607 | lr 1.7158e-04 | norm: 0.5122 | dt: 2942.93ms | tok/sec: 22268.96
step  7087 | loss: 3.737326 | lr 1.7151e-04 | norm: 0.4777 | dt: 2933.54ms | tok/sec: 22340.27
step  7088 | loss: 3.673423 | lr 1.7144e-04 | norm: 0.4672 | dt: 2939.24ms | tok/sec: 22296.90
step  7089 | loss: 3.562138 | lr 1.7137e-04 | norm: 0.4665 | dt: 2942.31ms | tok/sec: 22273.62
step  7090 | loss: 3.620195 | lr 1.7130e-04 | norm: 0.4403 | dt: 2946.99ms | tok/sec: 22238.31
step  7091 | loss: 3.651368 | lr 1.7123e-04 | norm: 0.4674 | dt: 2944.56ms | tok/sec: 22256.61
step  7092 | loss: 3.575441 | lr 1.7116e-04 | norm: 0.4536 | dt: 2936.83ms | tok/sec: 22315.22
step  7093 | loss: 3.723252 | lr 1.7109e-04 | norm: 0.4695 | dt: 2945.54ms | tok/sec: 22249.20
step  7094 | loss: 3.660209 | lr 1.7102e-04 | norm: 0.4527 | dt: 2944.14ms | tok/sec: 22259.85
step  7095 | loss: 3.534266 | lr 1.7094e-04 | norm: 0.4420 | dt: 2939.04ms | tok/sec: 22298.47
step  7096 | loss: 3.569134 | lr 1.7087e-04 | norm: 0.4759 | dt: 2941.44ms | tok/sec: 22280.25
step  7097 | loss: 3.632426 | lr 1.7080e-04 | norm: 0.4831 | dt: 2939.13ms | tok/sec: 22297.79
step  7098 | loss: 3.542610 | lr 1.7073e-04 | norm: 0.4735 | dt: 2953.46ms | tok/sec: 22189.57
step  7099 | loss: 3.628000 | lr 1.7066e-04 | norm: 0.4516 | dt: 2951.77ms | tok/sec: 22202.29
step  7100 | loss: 3.665657 | lr 1.7059e-04 | norm: 0.4620 | dt: 2945.46ms | tok/sec: 22249.87
step  7101 | loss: 3.698670 | lr 1.7052e-04 | norm: 0.4560 | dt: 2948.96ms | tok/sec: 22223.43
step  7102 | loss: 3.747087 | lr 1.7045e-04 | norm: 0.4868 | dt: 2945.97ms | tok/sec: 22245.97
step  7103 | loss: 3.833861 | lr 1.7038e-04 | norm: 0.4899 | dt: 2947.81ms | tok/sec: 22232.13
step  7104 | loss: 3.659870 | lr 1.7031e-04 | norm: 0.4509 | dt: 2948.69ms | tok/sec: 22225.48
step  7105 | loss: 3.746221 | lr 1.7024e-04 | norm: 0.4279 | dt: 2976.27ms | tok/sec: 22019.51
step  7106 | loss: 3.670262 | lr 1.7017e-04 | norm: 0.4626 | dt: 2944.06ms | tok/sec: 22260.40
step  7107 | loss: 3.662951 | lr 1.7010e-04 | norm: 0.5147 | dt: 2944.15ms | tok/sec: 22259.77
step  7108 | loss: 3.619116 | lr 1.7003e-04 | norm: 0.4684 | dt: 2942.89ms | tok/sec: 22269.23
step  7109 | loss: 3.648754 | lr 1.6996e-04 | norm: 0.4603 | dt: 2944.42ms | tok/sec: 22257.68
step  7110 | loss: 3.722446 | lr 1.6989e-04 | norm: 0.4802 | dt: 2935.19ms | tok/sec: 22327.69
step  7111 | loss: 3.692813 | lr 1.6982e-04 | norm: 0.4918 | dt: 2937.71ms | tok/sec: 22308.50
step  7112 | loss: 3.602884 | lr 1.6975e-04 | norm: 0.4496 | dt: 2946.79ms | tok/sec: 22239.79
step  7113 | loss: 3.697019 | lr 1.6968e-04 | norm: 0.4748 | dt: 2929.46ms | tok/sec: 22371.35
step  7114 | loss: 3.956488 | lr 1.6960e-04 | norm: 0.9462 | dt: 2943.60ms | tok/sec: 22263.92
step  7115 | loss: 3.617304 | lr 1.6953e-04 | norm: 0.5154 | dt: 2942.56ms | tok/sec: 22271.75
step  7116 | loss: 3.710630 | lr 1.6946e-04 | norm: 0.5315 | dt: 2948.29ms | tok/sec: 22228.50
step  7117 | loss: 3.500481 | lr 1.6939e-04 | norm: 0.4723 | dt: 2944.47ms | tok/sec: 22257.35
step  7118 | loss: 3.681967 | lr 1.6932e-04 | norm: 0.5474 | dt: 2964.31ms | tok/sec: 22108.37
step  7119 | loss: 3.671469 | lr 1.6925e-04 | norm: 0.4978 | dt: 2945.25ms | tok/sec: 22251.43
step  7120 | loss: 3.584551 | lr 1.6918e-04 | norm: 0.4525 | dt: 2943.09ms | tok/sec: 22267.79
step  7121 | loss: 3.643319 | lr 1.6911e-04 | norm: 0.5066 | dt: 2942.99ms | tok/sec: 22268.48
step  7122 | loss: 3.710042 | lr 1.6904e-04 | norm: 0.5031 | dt: 2952.96ms | tok/sec: 22193.30
step  7123 | loss: 3.606895 | lr 1.6897e-04 | norm: 0.4939 | dt: 2950.20ms | tok/sec: 22214.07
step  7124 | loss: 3.715838 | lr 1.6890e-04 | norm: 0.4649 | dt: 2935.17ms | tok/sec: 22327.85
step  7125 | loss: 3.601748 | lr 1.6883e-04 | norm: 0.4960 | dt: 2969.46ms | tok/sec: 22070.02
step  7126 | loss: 3.758920 | lr 1.6876e-04 | norm: 0.4966 | dt: 2954.96ms | tok/sec: 22178.32
step  7127 | loss: 3.625716 | lr 1.6869e-04 | norm: 0.4622 | dt: 2947.02ms | tok/sec: 22238.08
step  7128 | loss: 3.763523 | lr 1.6862e-04 | norm: 0.4659 | dt: 2948.89ms | tok/sec: 22223.94
step  7129 | loss: 3.539443 | lr 1.6855e-04 | norm: 0.4528 | dt: 2946.55ms | tok/sec: 22241.62
step  7130 | loss: 3.604602 | lr 1.6848e-04 | norm: 0.4648 | dt: 2957.85ms | tok/sec: 22156.65
step  7131 | loss: 3.716125 | lr 1.6841e-04 | norm: 0.4668 | dt: 2940.92ms | tok/sec: 22284.15
step  7132 | loss: 3.552831 | lr 1.6834e-04 | norm: 0.4577 | dt: 2942.95ms | tok/sec: 22268.83
step  7133 | loss: 3.655470 | lr 1.6827e-04 | norm: 0.4465 | dt: 2946.89ms | tok/sec: 22239.03
step  7134 | loss: 3.578476 | lr 1.6820e-04 | norm: 0.4323 | dt: 2942.91ms | tok/sec: 22269.08
step  7135 | loss: 3.840193 | lr 1.6813e-04 | norm: 0.5391 | dt: 2949.48ms | tok/sec: 22219.53
step  7136 | loss: 3.623929 | lr 1.6806e-04 | norm: 0.4536 | dt: 2945.83ms | tok/sec: 22247.05
step  7137 | loss: 3.543136 | lr 1.6799e-04 | norm: 0.4734 | dt: 2947.59ms | tok/sec: 22233.79
step  7138 | loss: 3.731184 | lr 1.6792e-04 | norm: 0.4941 | dt: 2960.91ms | tok/sec: 22133.73
step  7139 | loss: 3.730551 | lr 1.6785e-04 | norm: 0.4647 | dt: 2946.70ms | tok/sec: 22240.50
step  7140 | loss: 3.746994 | lr 1.6778e-04 | norm: 0.4893 | dt: 2974.28ms | tok/sec: 22034.26
step  7141 | loss: 3.632903 | lr 1.6771e-04 | norm: 0.4341 | dt: 2943.93ms | tok/sec: 22261.37
step  7142 | loss: 3.695088 | lr 1.6764e-04 | norm: 0.5147 | dt: 2947.82ms | tok/sec: 22231.99
step  7143 | loss: 3.756026 | lr 1.6757e-04 | norm: 0.4596 | dt: 2937.88ms | tok/sec: 22307.28
step  7144 | loss: 3.641269 | lr 1.6750e-04 | norm: 0.4963 | dt: 2948.11ms | tok/sec: 22229.85
step  7145 | loss: 3.650092 | lr 1.6743e-04 | norm: 0.4669 | dt: 2982.11ms | tok/sec: 21976.42
step  7146 | loss: 3.714105 | lr 1.6736e-04 | norm: 0.4641 | dt: 2945.69ms | tok/sec: 22248.08
step  7147 | loss: 3.694465 | lr 1.6729e-04 | norm: 0.4554 | dt: 2941.91ms | tok/sec: 22276.69
step  7148 | loss: 3.593452 | lr 1.6722e-04 | norm: 0.4738 | dt: 2950.24ms | tok/sec: 22213.75
step  7149 | loss: 3.595918 | lr 1.6715e-04 | norm: 0.4725 | dt: 2944.39ms | tok/sec: 22257.91
step  7150 | loss: 3.507346 | lr 1.6708e-04 | norm: 0.4760 | dt: 2944.25ms | tok/sec: 22258.96
step  7151 | loss: 3.663234 | lr 1.6701e-04 | norm: 0.4636 | dt: 2962.97ms | tok/sec: 22118.36
step  7152 | loss: 3.613702 | lr 1.6694e-04 | norm: 0.4801 | dt: 2944.15ms | tok/sec: 22259.75
step  7153 | loss: 3.542035 | lr 1.6687e-04 | norm: 0.5086 | dt: 2940.45ms | tok/sec: 22287.75
step  7154 | loss: 3.754473 | lr 1.6680e-04 | norm: 0.4532 | dt: 2946.35ms | tok/sec: 22243.13
step  7155 | loss: 3.698704 | lr 1.6674e-04 | norm: 0.5279 | dt: 2944.34ms | tok/sec: 22258.29
step  7156 | loss: 3.606077 | lr 1.6667e-04 | norm: 0.4724 | dt: 2942.07ms | tok/sec: 22275.47
step  7157 | loss: 3.722242 | lr 1.6660e-04 | norm: 0.5323 | dt: 2948.24ms | tok/sec: 22228.88
step  7158 | loss: 3.572743 | lr 1.6653e-04 | norm: 0.5089 | dt: 2938.99ms | tok/sec: 22298.81
step  7159 | loss: 3.637461 | lr 1.6646e-04 | norm: 0.4467 | dt: 2948.27ms | tok/sec: 22228.66
step  7160 | loss: 3.733137 | lr 1.6639e-04 | norm: 0.6069 | dt: 2953.97ms | tok/sec: 22185.76
step  7161 | loss: 3.562404 | lr 1.6632e-04 | norm: 0.4842 | dt: 2939.33ms | tok/sec: 22296.27
step  7162 | loss: 3.616626 | lr 1.6625e-04 | norm: 0.4386 | dt: 2944.92ms | tok/sec: 22253.90
step  7163 | loss: 3.618292 | lr 1.6618e-04 | norm: 0.4460 | dt: 2941.17ms | tok/sec: 22282.30
step  7164 | loss: 3.637349 | lr 1.6611e-04 | norm: 0.4775 | dt: 2946.12ms | tok/sec: 22244.81
step  7165 | loss: 3.604734 | lr 1.6604e-04 | norm: 0.4939 | dt: 2945.26ms | tok/sec: 22251.33
step  7166 | loss: 3.748087 | lr 1.6597e-04 | norm: 0.4522 | dt: 2973.38ms | tok/sec: 22040.91
step  7167 | loss: 3.772383 | lr 1.6590e-04 | norm: 0.4950 | dt: 2945.26ms | tok/sec: 22251.37
step  7168 | loss: 3.656090 | lr 1.6583e-04 | norm: 0.4549 | dt: 2944.58ms | tok/sec: 22256.48
step  7169 | loss: 3.672345 | lr 1.6576e-04 | norm: 0.4595 | dt: 2947.86ms | tok/sec: 22231.72
step  7170 | loss: 3.643201 | lr 1.6569e-04 | norm: 0.4578 | dt: 2947.30ms | tok/sec: 22235.95
step  7171 | loss: 3.646011 | lr 1.6562e-04 | norm: 0.4577 | dt: 2947.25ms | tok/sec: 22236.32
step  7172 | loss: 3.527248 | lr 1.6555e-04 | norm: 0.4453 | dt: 2968.11ms | tok/sec: 22080.03
step  7173 | loss: 3.599458 | lr 1.6548e-04 | norm: 0.4536 | dt: 2948.18ms | tok/sec: 22229.27
step  7174 | loss: 3.584241 | lr 1.6541e-04 | norm: 0.4924 | dt: 2944.29ms | tok/sec: 22258.70
step  7175 | loss: 3.759373 | lr 1.6535e-04 | norm: 0.4641 | dt: 2948.68ms | tok/sec: 22225.53
step  7176 | loss: 3.626519 | lr 1.6528e-04 | norm: 0.4321 | dt: 2949.54ms | tok/sec: 22219.06
step  7177 | loss: 3.652841 | lr 1.6521e-04 | norm: 0.4774 | dt: 2945.89ms | tok/sec: 22246.62
step  7178 | loss: 3.739620 | lr 1.6514e-04 | norm: 0.4431 | dt: 2935.84ms | tok/sec: 22322.73
step  7179 | loss: 3.765256 | lr 1.6507e-04 | norm: 0.4490 | dt: 2936.20ms | tok/sec: 22320.01
step  7180 | loss: 3.517366 | lr 1.6500e-04 | norm: 0.4451 | dt: 2942.01ms | tok/sec: 22275.89
step  7181 | loss: 3.544565 | lr 1.6493e-04 | norm: 0.4529 | dt: 2968.88ms | tok/sec: 22074.29
step  7182 | loss: 3.593066 | lr 1.6486e-04 | norm: 0.4936 | dt: 2948.45ms | tok/sec: 22227.28
step  7183 | loss: 3.680206 | lr 1.6479e-04 | norm: 0.4419 | dt: 2948.75ms | tok/sec: 22225.00
step  7184 | loss: 3.441385 | lr 1.6472e-04 | norm: 0.4324 | dt: 2949.90ms | tok/sec: 22216.32
step  7185 | loss: 3.644688 | lr 1.6465e-04 | norm: 0.4348 | dt: 2939.80ms | tok/sec: 22292.69
step  7186 | loss: 3.841140 | lr 1.6458e-04 | norm: 0.5821 | dt: 2979.67ms | tok/sec: 21994.39
step  7187 | loss: 3.615756 | lr 1.6452e-04 | norm: 0.4226 | dt: 2931.31ms | tok/sec: 22357.25
step  7188 | loss: 3.523885 | lr 1.6445e-04 | norm: 0.4460 | dt: 2949.89ms | tok/sec: 22216.42
step  7189 | loss: 3.678792 | lr 1.6438e-04 | norm: 0.4417 | dt: 2935.42ms | tok/sec: 22325.93
step  7190 | loss: 3.720345 | lr 1.6431e-04 | norm: 0.4353 | dt: 2938.18ms | tok/sec: 22304.96
step  7191 | loss: 3.629961 | lr 1.6424e-04 | norm: 0.5432 | dt: 2944.40ms | tok/sec: 22257.83
step  7192 | loss: 3.766635 | lr 1.6417e-04 | norm: 0.4570 | dt: 2945.22ms | tok/sec: 22251.64
step  7193 | loss: 3.567182 | lr 1.6410e-04 | norm: 0.4761 | dt: 2945.74ms | tok/sec: 22247.68
step  7194 | loss: 3.656715 | lr 1.6403e-04 | norm: 0.4647 | dt: 2935.57ms | tok/sec: 22324.79
step  7195 | loss: 3.631967 | lr 1.6396e-04 | norm: 0.4414 | dt: 2934.86ms | tok/sec: 22330.19
step  7196 | loss: 3.654107 | lr 1.6389e-04 | norm: 0.4532 | dt: 2939.27ms | tok/sec: 22296.66
step  7197 | loss: 3.625856 | lr 1.6383e-04 | norm: 0.4681 | dt: 2938.92ms | tok/sec: 22299.31
step  7198 | loss: 3.590198 | lr 1.6376e-04 | norm: 0.4974 | dt: 2942.96ms | tok/sec: 22268.73
step  7199 | loss: 3.656884 | lr 1.6369e-04 | norm: 0.4703 | dt: 2943.08ms | tok/sec: 22267.86
step  7200 | loss: 3.618258 | lr 1.6362e-04 | norm: 0.4770 | dt: 2945.56ms | tok/sec: 22249.11
step  7201 | loss: 3.486925 | lr 1.6355e-04 | norm: 0.4680 | dt: 2971.00ms | tok/sec: 22058.54
step  7202 | loss: 3.765665 | lr 1.6348e-04 | norm: 0.4526 | dt: 2946.24ms | tok/sec: 22243.92
step  7203 | loss: 3.585799 | lr 1.6341e-04 | norm: 0.5303 | dt: 2945.20ms | tok/sec: 22251.77
step  7204 | loss: 3.631780 | lr 1.6334e-04 | norm: 0.4436 | dt: 2941.13ms | tok/sec: 22282.61
step  7205 | loss: 3.726118 | lr 1.6327e-04 | norm: 0.4730 | dt: 2943.13ms | tok/sec: 22267.48
step  7206 | loss: 3.730036 | lr 1.6321e-04 | norm: 0.4339 | dt: 2967.79ms | tok/sec: 22082.43
step  7207 | loss: 3.670096 | lr 1.6314e-04 | norm: 0.4652 | dt: 2939.78ms | tok/sec: 22292.79
step  7208 | loss: 3.670923 | lr 1.6307e-04 | norm: 0.4656 | dt: 2941.58ms | tok/sec: 22279.16
step  7209 | loss: 3.639430 | lr 1.6300e-04 | norm: 0.4600 | dt: 2934.61ms | tok/sec: 22332.12
step  7210 | loss: 3.653337 | lr 1.6293e-04 | norm: 0.4515 | dt: 2951.29ms | tok/sec: 22205.85
step  7211 | loss: 3.612287 | lr 1.6286e-04 | norm: 0.4447 | dt: 2945.41ms | tok/sec: 22250.24
step  7212 | loss: 3.511721 | lr 1.6279e-04 | norm: 0.4481 | dt: 2942.78ms | tok/sec: 22270.06
step  7213 | loss: 3.732574 | lr 1.6272e-04 | norm: 0.4478 | dt: 2942.00ms | tok/sec: 22276.04
step  7214 | loss: 3.691617 | lr 1.6266e-04 | norm: 0.4819 | dt: 2936.28ms | tok/sec: 22319.36
step  7215 | loss: 3.623770 | lr 1.6259e-04 | norm: 0.4435 | dt: 2939.45ms | tok/sec: 22295.30
step  7216 | loss: 3.590866 | lr 1.6252e-04 | norm: 0.4891 | dt: 2939.52ms | tok/sec: 22294.83
step  7217 | loss: 3.796083 | lr 1.6245e-04 | norm: 0.4752 | dt: 2950.10ms | tok/sec: 22214.82
step  7218 | loss: 3.630859 | lr 1.6238e-04 | norm: 0.4434 | dt: 2950.05ms | tok/sec: 22215.23
step  7219 | loss: 3.775308 | lr 1.6231e-04 | norm: 0.6404 | dt: 2937.27ms | tok/sec: 22311.84
step  7220 | loss: 3.432451 | lr 1.6224e-04 | norm: 0.6255 | dt: 2952.84ms | tok/sec: 22194.21
step  7221 | loss: 3.568114 | lr 1.6218e-04 | norm: 0.5724 | dt: 2956.88ms | tok/sec: 22163.92
step  7222 | loss: 3.720806 | lr 1.6211e-04 | norm: 0.5992 | dt: 2950.44ms | tok/sec: 22212.29
step  7223 | loss: 3.621003 | lr 1.6204e-04 | norm: 0.4992 | dt: 2946.19ms | tok/sec: 22244.32
step  7224 | loss: 3.770047 | lr 1.6197e-04 | norm: 0.4994 | dt: 2944.01ms | tok/sec: 22260.80
step  7225 | loss: 3.612630 | lr 1.6190e-04 | norm: 0.4862 | dt: 2938.48ms | tok/sec: 22302.72
step  7226 | loss: 3.629797 | lr 1.6183e-04 | norm: 0.5030 | dt: 2936.58ms | tok/sec: 22317.11
step  7227 | loss: 3.593348 | lr 1.6177e-04 | norm: 0.4758 | dt: 2971.43ms | tok/sec: 22055.38
step  7228 | loss: 3.542298 | lr 1.6170e-04 | norm: 0.5163 | dt: 2945.19ms | tok/sec: 22251.86
step  7229 | loss: 3.695709 | lr 1.6163e-04 | norm: 0.4719 | dt: 2935.69ms | tok/sec: 22323.85
step  7230 | loss: 3.651602 | lr 1.6156e-04 | norm: 0.4384 | dt: 2955.08ms | tok/sec: 22177.40
step  7231 | loss: 3.646669 | lr 1.6149e-04 | norm: 0.4616 | dt: 2941.29ms | tok/sec: 22281.34
step  7232 | loss: 3.596454 | lr 1.6142e-04 | norm: 0.4394 | dt: 2937.89ms | tok/sec: 22307.16
step  7233 | loss: 3.485328 | lr 1.6136e-04 | norm: 0.4565 | dt: 2936.13ms | tok/sec: 22320.57
step  7234 | loss: 3.547373 | lr 1.6129e-04 | norm: 0.4457 | dt: 2936.79ms | tok/sec: 22315.50
step  7235 | loss: 3.646740 | lr 1.6122e-04 | norm: 0.4935 | dt: 2937.97ms | tok/sec: 22306.56
step  7236 | loss: 3.588387 | lr 1.6115e-04 | norm: 0.4526 | dt: 2942.75ms | tok/sec: 22270.33
step  7237 | loss: 3.487705 | lr 1.6108e-04 | norm: 0.4332 | dt: 2942.69ms | tok/sec: 22270.81
step  7238 | loss: 3.611616 | lr 1.6101e-04 | norm: 0.4744 | dt: 2943.90ms | tok/sec: 22261.65
step  7239 | loss: 3.609251 | lr 1.6095e-04 | norm: 0.4730 | dt: 2939.80ms | tok/sec: 22292.69
step  7240 | loss: 3.633902 | lr 1.6088e-04 | norm: 0.4957 | dt: 2973.32ms | tok/sec: 22041.37
step  7241 | loss: 3.724460 | lr 1.6081e-04 | norm: 0.4698 | dt: 2939.93ms | tok/sec: 22291.70
step  7242 | loss: 3.559817 | lr 1.6074e-04 | norm: 0.4462 | dt: 2956.43ms | tok/sec: 22167.30
step  7243 | loss: 3.654156 | lr 1.6067e-04 | norm: 0.4483 | dt: 2945.50ms | tok/sec: 22249.57
step  7244 | loss: 3.621093 | lr 1.6061e-04 | norm: 0.4594 | dt: 2948.10ms | tok/sec: 22229.91
step  7245 | loss: 3.689101 | lr 1.6054e-04 | norm: 0.4579 | dt: 2941.48ms | tok/sec: 22279.91
step  7246 | loss: 3.627582 | lr 1.6047e-04 | norm: 0.4655 | dt: 2946.56ms | tok/sec: 22241.51
step  7247 | loss: 3.669933 | lr 1.6040e-04 | norm: 0.4756 | dt: 2971.43ms | tok/sec: 22055.36
step  7248 | loss: 3.584885 | lr 1.6033e-04 | norm: 0.4534 | dt: 2940.32ms | tok/sec: 22288.72
step  7249 | loss: 3.441666 | lr 1.6026e-04 | norm: 0.4552 | dt: 2946.67ms | tok/sec: 22240.69
step  7250 | loss: 3.592864 | lr 1.6020e-04 | norm: 0.4208 | dt: 2942.61ms | tok/sec: 22271.38
step  7251 | loss: 3.690330 | lr 1.6013e-04 | norm: 0.4611 | dt: 2942.55ms | tok/sec: 22271.80
step  7252 | loss: 3.612222 | lr 1.6006e-04 | norm: 0.5003 | dt: 2948.74ms | tok/sec: 22225.11
step  7253 | loss: 3.531573 | lr 1.5999e-04 | norm: 0.4082 | dt: 2950.78ms | tok/sec: 22209.75
step  7254 | loss: 3.611044 | lr 1.5992e-04 | norm: 0.4914 | dt: 2943.60ms | tok/sec: 22263.86
step  7255 | loss: 3.698401 | lr 1.5986e-04 | norm: 0.4661 | dt: 2931.87ms | tok/sec: 22352.95
step  7256 | loss: 3.736791 | lr 1.5979e-04 | norm: 0.4796 | dt: 2941.64ms | tok/sec: 22278.72
step  7257 | loss: 3.680406 | lr 1.5972e-04 | norm: 0.4438 | dt: 2945.52ms | tok/sec: 22249.36
step  7258 | loss: 3.582775 | lr 1.5965e-04 | norm: 0.4549 | dt: 2932.76ms | tok/sec: 22346.22
step  7259 | loss: 3.564078 | lr 1.5959e-04 | norm: 0.5024 | dt: 2950.65ms | tok/sec: 22210.69
step  7260 | loss: 3.445385 | lr 1.5952e-04 | norm: 0.4432 | dt: 2946.24ms | tok/sec: 22243.98
step  7261 | loss: 3.584571 | lr 1.5945e-04 | norm: 0.4943 | dt: 2972.02ms | tok/sec: 22051.03
step  7262 | loss: 3.577693 | lr 1.5938e-04 | norm: 0.4389 | dt: 2978.08ms | tok/sec: 22006.11
step  7263 | loss: 3.584299 | lr 1.5931e-04 | norm: 0.4376 | dt: 2942.18ms | tok/sec: 22274.67
step  7264 | loss: 3.562976 | lr 1.5925e-04 | norm: 0.4898 | dt: 2946.89ms | tok/sec: 22239.06
step  7265 | loss: 3.578177 | lr 1.5918e-04 | norm: 0.4492 | dt: 2938.81ms | tok/sec: 22300.19
step  7266 | loss: 3.760884 | lr 1.5911e-04 | norm: 0.4772 | dt: 2946.06ms | tok/sec: 22245.32
step  7267 | loss: 3.638312 | lr 1.5904e-04 | norm: 0.4532 | dt: 2934.01ms | tok/sec: 22336.64
step  7268 | loss: 3.596157 | lr 1.5898e-04 | norm: 0.4406 | dt: 2977.15ms | tok/sec: 22012.96
step  7269 | loss: 3.402055 | lr 1.5891e-04 | norm: 0.4382 | dt: 2945.03ms | tok/sec: 22253.05
step  7270 | loss: 3.569720 | lr 1.5884e-04 | norm: 0.4775 | dt: 2942.12ms | tok/sec: 22275.11
step  7271 | loss: 3.560433 | lr 1.5877e-04 | norm: 0.4666 | dt: 2944.89ms | tok/sec: 22254.11
step  7272 | loss: 3.483249 | lr 1.5871e-04 | norm: 0.4433 | dt: 2934.03ms | tok/sec: 22336.49
step  7273 | loss: 3.602764 | lr 1.5864e-04 | norm: 0.4943 | dt: 2955.29ms | tok/sec: 22175.84
step  7274 | loss: 3.652991 | lr 1.5857e-04 | norm: 0.4844 | dt: 2933.55ms | tok/sec: 22340.14
step  7275 | loss: 3.648174 | lr 1.5850e-04 | norm: 0.4457 | dt: 2950.21ms | tok/sec: 22213.99
step  7276 | loss: 3.596437 | lr 1.5844e-04 | norm: 0.4577 | dt: 2948.04ms | tok/sec: 22230.37
step  7277 | loss: 3.633678 | lr 1.5837e-04 | norm: 0.4910 | dt: 2940.03ms | tok/sec: 22290.93
step  7278 | loss: 3.639603 | lr 1.5830e-04 | norm: 0.4830 | dt: 2943.13ms | tok/sec: 22267.48
step  7279 | loss: 3.645136 | lr 1.5823e-04 | norm: 0.4662 | dt: 2944.47ms | tok/sec: 22257.29
step  7280 | loss: 3.606347 | lr 1.5817e-04 | norm: 0.4534 | dt: 2939.41ms | tok/sec: 22295.60
step  7281 | loss: 3.553090 | lr 1.5810e-04 | norm: 0.4835 | dt: 2962.02ms | tok/sec: 22125.46
step  7282 | loss: 3.674233 | lr 1.5803e-04 | norm: 0.4840 | dt: 2960.99ms | tok/sec: 22133.15
step  7283 | loss: 3.542346 | lr 1.5796e-04 | norm: 0.4651 | dt: 2937.42ms | tok/sec: 22310.77
step  7284 | loss: 3.638226 | lr 1.5790e-04 | norm: 0.4369 | dt: 2948.84ms | tok/sec: 22224.34
step  7285 | loss: 4.016187 | lr 1.5783e-04 | norm: 0.5515 | dt: 2957.63ms | tok/sec: 22158.25
step  7286 | loss: 3.591724 | lr 1.5776e-04 | norm: 0.4408 | dt: 2949.28ms | tok/sec: 22221.01
step  7287 | loss: 3.623987 | lr 1.5769e-04 | norm: 0.4628 | dt: 2951.90ms | tok/sec: 22201.31
step  7288 | loss: 3.722252 | lr 1.5763e-04 | norm: 0.4834 | dt: 2977.18ms | tok/sec: 22012.78
step  7289 | loss: 3.642541 | lr 1.5756e-04 | norm: 0.4572 | dt: 2947.64ms | tok/sec: 22233.36
step  7290 | loss: 3.569308 | lr 1.5749e-04 | norm: 0.4409 | dt: 2944.26ms | tok/sec: 22258.87
step  7291 | loss: 3.614487 | lr 1.5742e-04 | norm: 0.4702 | dt: 2935.06ms | tok/sec: 22328.66
step  7292 | loss: 3.638336 | lr 1.5736e-04 | norm: 0.5409 | dt: 2942.10ms | tok/sec: 22275.23
step  7293 | loss: 3.564155 | lr 1.5729e-04 | norm: 0.4605 | dt: 2939.62ms | tok/sec: 22294.07
step  7294 | loss: 3.597703 | lr 1.5722e-04 | norm: 0.4385 | dt: 2944.33ms | tok/sec: 22258.35
step  7295 | loss: 3.645105 | lr 1.5716e-04 | norm: 0.4652 | dt: 2947.11ms | tok/sec: 22237.36
step  7296 | loss: 3.680306 | lr 1.5709e-04 | norm: 0.4683 | dt: 2939.38ms | tok/sec: 22295.86
step  7297 | loss: 3.615453 | lr 1.5702e-04 | norm: 0.4706 | dt: 2935.37ms | tok/sec: 22326.32
step  7298 | loss: 3.629777 | lr 1.5695e-04 | norm: 0.4614 | dt: 2937.43ms | tok/sec: 22310.64
step  7299 | loss: 3.726685 | lr 1.5689e-04 | norm: 0.4609 | dt: 2949.06ms | tok/sec: 22222.70
step  7300 | loss: 3.704914 | lr 1.5682e-04 | norm: 0.4895 | dt: 2942.96ms | tok/sec: 22268.76
step  7301 | loss: 3.646378 | lr 1.5675e-04 | norm: 0.4564 | dt: 2943.62ms | tok/sec: 22263.77
step  7302 | loss: 3.661954 | lr 1.5669e-04 | norm: 0.4646 | dt: 2950.49ms | tok/sec: 22211.87
step  7303 | loss: 3.616524 | lr 1.5662e-04 | norm: 0.4682 | dt: 2966.61ms | tok/sec: 22091.24
step  7304 | loss: 3.601974 | lr 1.5655e-04 | norm: 0.5314 | dt: 2944.95ms | tok/sec: 22253.71
step  7305 | loss: 3.549127 | lr 1.5648e-04 | norm: 0.4359 | dt: 2946.38ms | tok/sec: 22242.88
step  7306 | loss: 3.515423 | lr 1.5642e-04 | norm: 0.4904 | dt: 2941.53ms | tok/sec: 22279.59
step  7307 | loss: 3.566869 | lr 1.5635e-04 | norm: 0.4334 | dt: 2946.44ms | tok/sec: 22242.42
step  7308 | loss: 3.628240 | lr 1.5628e-04 | norm: 0.4436 | dt: 2985.99ms | tok/sec: 21947.84
step  7309 | loss: 3.759108 | lr 1.5622e-04 | norm: 0.4348 | dt: 2942.41ms | tok/sec: 22272.86
step  7310 | loss: 3.626416 | lr 1.5615e-04 | norm: 0.5024 | dt: 2945.45ms | tok/sec: 22249.94
step  7311 | loss: 3.756910 | lr 1.5608e-04 | norm: 0.4823 | dt: 2947.45ms | tok/sec: 22234.80
step  7312 | loss: 3.645410 | lr 1.5602e-04 | norm: 0.4565 | dt: 2938.60ms | tok/sec: 22301.76
step  7313 | loss: 3.678928 | lr 1.5595e-04 | norm: 0.5928 | dt: 2945.17ms | tok/sec: 22252.06
step  7314 | loss: 3.713391 | lr 1.5588e-04 | norm: 0.4629 | dt: 2937.82ms | tok/sec: 22307.70
step  7315 | loss: 3.653683 | lr 1.5582e-04 | norm: 0.4814 | dt: 2945.80ms | tok/sec: 22247.27
step  7316 | loss: 3.633252 | lr 1.5575e-04 | norm: 0.4697 | dt: 2944.58ms | tok/sec: 22256.51
step  7317 | loss: 3.558987 | lr 1.5568e-04 | norm: 0.4433 | dt: 2933.21ms | tok/sec: 22342.76
step  7318 | loss: 3.575945 | lr 1.5562e-04 | norm: 0.4211 | dt: 2944.79ms | tok/sec: 22254.88
step  7319 | loss: 3.686410 | lr 1.5555e-04 | norm: 0.4690 | dt: 2939.24ms | tok/sec: 22296.92
step  7320 | loss: 3.444071 | lr 1.5548e-04 | norm: 0.5219 | dt: 2942.77ms | tok/sec: 22270.15
step  7321 | loss: 3.491264 | lr 1.5541e-04 | norm: 0.4734 | dt: 2946.75ms | tok/sec: 22240.12
step  7322 | loss: 3.572905 | lr 1.5535e-04 | norm: 0.4662 | dt: 2966.35ms | tok/sec: 22093.11
step  7323 | loss: 3.490964 | lr 1.5528e-04 | norm: 0.4843 | dt: 2979.68ms | tok/sec: 21994.32
step  7324 | loss: 3.360572 | lr 1.5521e-04 | norm: 0.4434 | dt: 2945.73ms | tok/sec: 22247.77
step  7325 | loss: 3.394345 | lr 1.5515e-04 | norm: 0.4574 | dt: 2944.59ms | tok/sec: 22256.40
step  7326 | loss: 3.422557 | lr 1.5508e-04 | norm: 0.4307 | dt: 2950.57ms | tok/sec: 22211.28
step  7327 | loss: 3.485822 | lr 1.5502e-04 | norm: 0.4437 | dt: 2945.38ms | tok/sec: 22250.47
step  7328 | loss: 3.458021 | lr 1.5495e-04 | norm: 0.4392 | dt: 2949.84ms | tok/sec: 22216.80
step  7329 | loss: 3.640395 | lr 1.5488e-04 | norm: 0.4359 | dt: 2978.74ms | tok/sec: 22001.25
step  7330 | loss: 3.451516 | lr 1.5482e-04 | norm: 0.4522 | dt: 2943.57ms | tok/sec: 22264.13
step  7331 | loss: 3.649872 | lr 1.5475e-04 | norm: 0.4903 | dt: 2944.84ms | tok/sec: 22254.52
step  7332 | loss: 3.499735 | lr 1.5468e-04 | norm: 0.4651 | dt: 2940.62ms | tok/sec: 22286.48
step  7333 | loss: 3.297600 | lr 1.5462e-04 | norm: 0.4368 | dt: 2953.01ms | tok/sec: 22192.98
step  7334 | loss: 3.630087 | lr 1.5455e-04 | norm: 0.4755 | dt: 2942.86ms | tok/sec: 22269.46
step  7335 | loss: 3.399108 | lr 1.5448e-04 | norm: 0.4909 | dt: 2945.39ms | tok/sec: 22250.40
step  7336 | loss: 3.543823 | lr 1.5442e-04 | norm: 0.4893 | dt: 2938.23ms | tok/sec: 22304.60
step  7337 | loss: 3.493482 | lr 1.5435e-04 | norm: 0.4461 | dt: 2944.15ms | tok/sec: 22259.72
step  7338 | loss: 3.583632 | lr 1.5428e-04 | norm: 0.4481 | dt: 2946.76ms | tok/sec: 22240.05
step  7339 | loss: 3.514028 | lr 1.5422e-04 | norm: 0.7870 | dt: 2943.68ms | tok/sec: 22263.30
step  7340 | loss: 3.631175 | lr 1.5415e-04 | norm: 0.5430 | dt: 2941.41ms | tok/sec: 22280.46
step  7341 | loss: 3.526175 | lr 1.5408e-04 | norm: 0.4661 | dt: 2941.75ms | tok/sec: 22277.90
step  7342 | loss: 3.425912 | lr 1.5402e-04 | norm: 0.4903 | dt: 2972.66ms | tok/sec: 22046.22
step  7343 | loss: 3.470084 | lr 1.5395e-04 | norm: 0.4670 | dt: 2974.22ms | tok/sec: 22034.69
step  7344 | loss: 3.509426 | lr 1.5389e-04 | norm: 0.4655 | dt: 2961.64ms | tok/sec: 22128.29
step  7345 | loss: 3.496785 | lr 1.5382e-04 | norm: 0.4549 | dt: 2949.93ms | tok/sec: 22216.15
step  7346 | loss: 3.497157 | lr 1.5375e-04 | norm: 0.4643 | dt: 2944.94ms | tok/sec: 22253.77
step  7347 | loss: 3.472027 | lr 1.5369e-04 | norm: 0.4841 | dt: 2943.30ms | tok/sec: 22266.19
step  7348 | loss: 3.417820 | lr 1.5362e-04 | norm: 0.4995 | dt: 2948.82ms | tok/sec: 22224.46
step  7349 | loss: 3.492254 | lr 1.5355e-04 | norm: 0.4638 | dt: 2996.90ms | tok/sec: 21867.96
step  7350 | loss: 3.542406 | lr 1.5349e-04 | norm: 0.4509 | dt: 2943.13ms | tok/sec: 22267.41
step  7351 | loss: 3.527066 | lr 1.5342e-04 | norm: 0.4782 | dt: 2946.58ms | tok/sec: 22241.35
step  7352 | loss: 3.547793 | lr 1.5336e-04 | norm: 0.4719 | dt: 2950.00ms | tok/sec: 22215.60
step  7353 | loss: 3.586166 | lr 1.5329e-04 | norm: 0.4595 | dt: 2945.25ms | tok/sec: 22251.45
step  7354 | loss: 3.499789 | lr 1.5322e-04 | norm: 0.4781 | dt: 2949.89ms | tok/sec: 22216.44
step  7355 | loss: 3.491499 | lr 1.5316e-04 | norm: 0.4648 | dt: 2973.57ms | tok/sec: 22039.47
step  7356 | loss: 3.466493 | lr 1.5309e-04 | norm: 0.4561 | dt: 2946.19ms | tok/sec: 22244.34
step  7357 | loss: 3.555923 | lr 1.5303e-04 | norm: 0.4470 | dt: 2937.72ms | tok/sec: 22308.43
step  7358 | loss: 3.502584 | lr 1.5296e-04 | norm: 0.4757 | dt: 2938.29ms | tok/sec: 22304.13
step  7359 | loss: 3.406604 | lr 1.5289e-04 | norm: 0.4389 | dt: 2945.38ms | tok/sec: 22250.47
step  7360 | loss: 3.454598 | lr 1.5283e-04 | norm: 0.4779 | dt: 2941.53ms | tok/sec: 22279.57
step  7361 | loss: 3.408501 | lr 1.5276e-04 | norm: 0.4249 | dt: 2951.75ms | tok/sec: 22202.44
step  7362 | loss: 3.346493 | lr 1.5270e-04 | norm: 0.4640 | dt: 2939.33ms | tok/sec: 22296.24
step  7363 | loss: 3.508045 | lr 1.5263e-04 | norm: 0.4604 | dt: 2941.36ms | tok/sec: 22280.83
step  7364 | loss: 3.426246 | lr 1.5256e-04 | norm: 0.5006 | dt: 2966.15ms | tok/sec: 22094.66
step  7365 | loss: 3.399999 | lr 1.5250e-04 | norm: 0.4583 | dt: 2945.39ms | tok/sec: 22250.40
step  7366 | loss: 3.607843 | lr 1.5243e-04 | norm: 0.4666 | dt: 2942.47ms | tok/sec: 22272.46
step  7367 | loss: 3.447712 | lr 1.5237e-04 | norm: 0.4182 | dt: 2941.11ms | tok/sec: 22282.75
step  7368 | loss: 3.511382 | lr 1.5230e-04 | norm: 0.4333 | dt: 2954.69ms | tok/sec: 22180.29
step  7369 | loss: 3.682278 | lr 1.5223e-04 | norm: 0.5044 | dt: 2985.20ms | tok/sec: 21953.62
step  7370 | loss: 3.420062 | lr 1.5217e-04 | norm: 0.4322 | dt: 2947.56ms | tok/sec: 22233.97
step  7371 | loss: 3.417458 | lr 1.5210e-04 | norm: 0.4422 | dt: 2943.36ms | tok/sec: 22265.71
step  7372 | loss: 3.448610 | lr 1.5204e-04 | norm: 0.4513 | dt: 2956.40ms | tok/sec: 22167.51
step  7373 | loss: 3.438107 | lr 1.5197e-04 | norm: 0.4716 | dt: 2945.43ms | tok/sec: 22250.05
step  7374 | loss: 3.493732 | lr 1.5191e-04 | norm: 0.4549 | dt: 2939.92ms | tok/sec: 22291.73
step  7375 | loss: 3.517357 | lr 1.5184e-04 | norm: 0.4520 | dt: 2953.39ms | tok/sec: 22190.09
step  7376 | loss: 3.402239 | lr 1.5177e-04 | norm: 0.4533 | dt: 2967.50ms | tok/sec: 22084.58
step  7377 | loss: 3.709948 | lr 1.5171e-04 | norm: 0.5174 | dt: 2936.51ms | tok/sec: 22317.66
step  7378 | loss: 3.505467 | lr 1.5164e-04 | norm: 0.4777 | dt: 2947.08ms | tok/sec: 22237.62
step  7379 | loss: 3.614990 | lr 1.5158e-04 | norm: 0.4458 | dt: 2949.75ms | tok/sec: 22217.48
step  7380 | loss: 3.445421 | lr 1.5151e-04 | norm: 0.4506 | dt: 2942.41ms | tok/sec: 22272.93
step  7381 | loss: 3.411722 | lr 1.5145e-04 | norm: 0.4966 | dt: 2951.92ms | tok/sec: 22201.18
step  7382 | loss: 3.526536 | lr 1.5138e-04 | norm: 0.4547 | dt: 2952.86ms | tok/sec: 22194.04
step  7383 | loss: 3.535035 | lr 1.5131e-04 | norm: 0.4635 | dt: 2951.65ms | tok/sec: 22203.15
step  7384 | loss: 3.435533 | lr 1.5125e-04 | norm: 0.5722 | dt: 2959.63ms | tok/sec: 22143.33
step  7385 | loss: 3.476140 | lr 1.5118e-04 | norm: 0.4735 | dt: 2948.97ms | tok/sec: 22223.36
step  7386 | loss: 3.472523 | lr 1.5112e-04 | norm: 0.4557 | dt: 2948.47ms | tok/sec: 22227.13
step  7387 | loss: 3.607347 | lr 1.5105e-04 | norm: 0.4473 | dt: 2942.81ms | tok/sec: 22269.91
step  7388 | loss: 3.451882 | lr 1.5099e-04 | norm: 0.4423 | dt: 2941.84ms | tok/sec: 22277.24
step  7389 | loss: 3.588807 | lr 1.5092e-04 | norm: 0.4382 | dt: 2952.52ms | tok/sec: 22196.63
step  7390 | loss: 3.583239 | lr 1.5086e-04 | norm: 0.4353 | dt: 2981.70ms | tok/sec: 21979.40
step  7391 | loss: 3.466668 | lr 1.5079e-04 | norm: 0.4400 | dt: 2955.02ms | tok/sec: 22177.89
step  7392 | loss: 3.477038 | lr 1.5073e-04 | norm: 0.4559 | dt: 2948.28ms | tok/sec: 22228.57
step  7393 | loss: 3.583208 | lr 1.5066e-04 | norm: 0.4450 | dt: 2950.35ms | tok/sec: 22212.98
step  7394 | loss: 3.531018 | lr 1.5059e-04 | norm: 0.4232 | dt: 2940.62ms | tok/sec: 22286.43
step  7395 | loss: 3.510805 | lr 1.5053e-04 | norm: 0.4649 | dt: 2934.89ms | tok/sec: 22330.00
step  7396 | loss: 3.625908 | lr 1.5046e-04 | norm: 0.4471 | dt: 2939.97ms | tok/sec: 22291.42
step  7397 | loss: 3.575937 | lr 1.5040e-04 | norm: 0.4312 | dt: 2942.99ms | tok/sec: 22268.49
step  7398 | loss: 3.381238 | lr 1.5033e-04 | norm: 0.4562 | dt: 2946.82ms | tok/sec: 22239.56
step  7399 | loss: 3.414908 | lr 1.5027e-04 | norm: 0.4374 | dt: 2943.88ms | tok/sec: 22261.76
step  7400 | loss: 3.422032 | lr 1.5020e-04 | norm: 0.4401 | dt: 2941.56ms | tok/sec: 22279.35
step  7401 | loss: 3.568880 | lr 1.5014e-04 | norm: 0.5086 | dt: 2948.18ms | tok/sec: 22229.34
step  7402 | loss: 3.573146 | lr 1.5007e-04 | norm: 0.4892 | dt: 2950.42ms | tok/sec: 22212.43
step  7403 | loss: 3.595748 | lr 1.5001e-04 | norm: 0.4864 | dt: 2953.17ms | tok/sec: 22191.77
step  7404 | loss: 3.548181 | lr 1.4994e-04 | norm: 0.4337 | dt: 2960.90ms | tok/sec: 22133.84
step  7405 | loss: 3.501481 | lr 1.4988e-04 | norm: 0.4537 | dt: 2948.55ms | tok/sec: 22226.55
step  7406 | loss: 3.526103 | lr 1.4981e-04 | norm: 0.4561 | dt: 2936.94ms | tok/sec: 22314.37
step  7407 | loss: 3.400653 | lr 1.4975e-04 | norm: 0.4323 | dt: 2938.45ms | tok/sec: 22302.92
step  7408 | loss: 3.509809 | lr 1.4968e-04 | norm: 0.4464 | dt: 2943.31ms | tok/sec: 22266.08
step  7409 | loss: 3.401600 | lr 1.4962e-04 | norm: 0.4236 | dt: 2961.07ms | tok/sec: 22132.55
step  7410 | loss: 3.618307 | lr 1.4955e-04 | norm: 0.4867 | dt: 2980.19ms | tok/sec: 21990.56
step  7411 | loss: 3.527020 | lr 1.4949e-04 | norm: 0.4437 | dt: 2941.05ms | tok/sec: 22283.21
step  7412 | loss: 3.528961 | lr 1.4942e-04 | norm: 0.4689 | dt: 2940.48ms | tok/sec: 22287.51
step  7413 | loss: 3.452988 | lr 1.4936e-04 | norm: 0.4385 | dt: 2945.93ms | tok/sec: 22246.26
step  7414 | loss: 3.576701 | lr 1.4929e-04 | norm: 0.5229 | dt: 2938.60ms | tok/sec: 22301.76
step  7415 | loss: 3.599244 | lr 1.4923e-04 | norm: 0.4776 | dt: 2944.85ms | tok/sec: 22254.42
step  7416 | loss: 3.646062 | lr 1.4916e-04 | norm: 0.4745 | dt: 2945.80ms | tok/sec: 22247.25
step  7417 | loss: 3.641274 | lr 1.4910e-04 | norm: 0.4562 | dt: 2944.85ms | tok/sec: 22254.43
step  7418 | loss: 3.622278 | lr 1.4903e-04 | norm: 0.4548 | dt: 2946.81ms | tok/sec: 22239.67
step  7419 | loss: 3.668360 | lr 1.4897e-04 | norm: 0.5164 | dt: 2935.63ms | tok/sec: 22324.32
step  7420 | loss: 3.648240 | lr 1.4890e-04 | norm: 0.4539 | dt: 2941.59ms | tok/sec: 22279.09
step  7421 | loss: 3.727205 | lr 1.4884e-04 | norm: 0.4678 | dt: 2949.08ms | tok/sec: 22222.55
step  7422 | loss: 3.720031 | lr 1.4877e-04 | norm: 0.4846 | dt: 2944.38ms | tok/sec: 22258.02
step  7423 | loss: 3.724451 | lr 1.4871e-04 | norm: 0.4770 | dt: 2964.76ms | tok/sec: 22104.97
step  7424 | loss: 3.657739 | lr 1.4864e-04 | norm: 0.5168 | dt: 2949.31ms | tok/sec: 22220.78
step  7425 | loss: 3.707223 | lr 1.4858e-04 | norm: 0.5200 | dt: 2962.61ms | tok/sec: 22121.05
step  7426 | loss: 3.682804 | lr 1.4851e-04 | norm: 0.4536 | dt: 2941.75ms | tok/sec: 22277.90
step  7427 | loss: 3.843628 | lr 1.4845e-04 | norm: 0.5112 | dt: 2936.20ms | tok/sec: 22320.03
step  7428 | loss: 3.604227 | lr 1.4838e-04 | norm: 0.4983 | dt: 2947.92ms | tok/sec: 22231.30
step  7429 | loss: 3.696849 | lr 1.4832e-04 | norm: 0.5557 | dt: 2947.61ms | tok/sec: 22233.59
step  7430 | loss: 3.605619 | lr 1.4825e-04 | norm: 0.4512 | dt: 2979.19ms | tok/sec: 21997.96
step  7431 | loss: 3.728279 | lr 1.4819e-04 | norm: 0.4512 | dt: 2942.09ms | tok/sec: 22275.32
step  7432 | loss: 3.595645 | lr 1.4812e-04 | norm: 0.4413 | dt: 2950.00ms | tok/sec: 22215.59
step  7433 | loss: 3.583853 | lr 1.4806e-04 | norm: 0.4516 | dt: 2948.31ms | tok/sec: 22228.35
step  7434 | loss: 3.646292 | lr 1.4800e-04 | norm: 0.4761 | dt: 2949.39ms | tok/sec: 22220.17
step  7435 | loss: 3.630162 | lr 1.4793e-04 | norm: 0.4524 | dt: 2940.99ms | tok/sec: 22283.69
step  7436 | loss: 3.641897 | lr 1.4787e-04 | norm: 0.4447 | dt: 2942.88ms | tok/sec: 22269.31
step  7437 | loss: 3.567901 | lr 1.4780e-04 | norm: 0.4713 | dt: 2940.18ms | tok/sec: 22289.83
step  7438 | loss: 3.711560 | lr 1.4774e-04 | norm: 0.4682 | dt: 2937.93ms | tok/sec: 22306.90
step  7439 | loss: 3.654232 | lr 1.4767e-04 | norm: 0.4506 | dt: 2944.82ms | tok/sec: 22254.67
step  7440 | loss: 3.570707 | lr 1.4761e-04 | norm: 0.4822 | dt: 2968.36ms | tok/sec: 22078.17
step  7441 | loss: 3.607291 | lr 1.4754e-04 | norm: 0.4622 | dt: 2951.77ms | tok/sec: 22202.28
step  7442 | loss: 3.605158 | lr 1.4748e-04 | norm: 0.4327 | dt: 2943.30ms | tok/sec: 22266.19
step  7443 | loss: 3.607368 | lr 1.4742e-04 | norm: 0.4259 | dt: 2940.67ms | tok/sec: 22286.06
step  7444 | loss: 3.563472 | lr 1.4735e-04 | norm: 0.4544 | dt: 2943.62ms | tok/sec: 22263.71
step  7445 | loss: 3.530116 | lr 1.4729e-04 | norm: 0.4613 | dt: 2961.76ms | tok/sec: 22127.35
step  7446 | loss: 3.551631 | lr 1.4722e-04 | norm: 0.4550 | dt: 2944.83ms | tok/sec: 22254.56
step  7447 | loss: 3.719259 | lr 1.4716e-04 | norm: 0.4750 | dt: 2943.74ms | tok/sec: 22262.84
step  7448 | loss: 3.690033 | lr 1.4709e-04 | norm: 0.4989 | dt: 2947.27ms | tok/sec: 22236.18
step  7449 | loss: 3.661168 | lr 1.4703e-04 | norm: 0.4567 | dt: 2945.55ms | tok/sec: 22249.14
step  7450 | loss: 3.595664 | lr 1.4696e-04 | norm: 0.4677 | dt: 2951.12ms | tok/sec: 22207.19
step  7451 | loss: 3.725358 | lr 1.4690e-04 | norm: 0.4771 | dt: 2958.04ms | tok/sec: 22155.19
step  7452 | loss: 3.821182 | lr 1.4684e-04 | norm: 0.5004 | dt: 2946.30ms | tok/sec: 22243.50
step  7453 | loss: 3.591172 | lr 1.4677e-04 | norm: 0.4753 | dt: 2936.54ms | tok/sec: 22317.41
step  7454 | loss: 3.682068 | lr 1.4671e-04 | norm: 0.6188 | dt: 2948.91ms | tok/sec: 22223.79
step  7455 | loss: 3.577069 | lr 1.4664e-04 | norm: 0.4363 | dt: 2940.86ms | tok/sec: 22284.63
step  7456 | loss: 3.648261 | lr 1.4658e-04 | norm: 0.4616 | dt: 2948.67ms | tok/sec: 22225.58
step  7457 | loss: 3.593045 | lr 1.4652e-04 | norm: 0.4629 | dt: 2940.88ms | tok/sec: 22284.45
step  7458 | loss: 3.648406 | lr 1.4645e-04 | norm: 0.5123 | dt: 2948.07ms | tok/sec: 22230.11
step  7459 | loss: 3.647198 | lr 1.4639e-04 | norm: 0.4990 | dt: 2942.84ms | tok/sec: 22269.65
step  7460 | loss: 3.710981 | lr 1.4632e-04 | norm: 0.4814 | dt: 2937.65ms | tok/sec: 22308.95
step  7461 | loss: 3.637309 | lr 1.4626e-04 | norm: 0.4542 | dt: 2941.33ms | tok/sec: 22281.11
step  7462 | loss: 3.646806 | lr 1.4619e-04 | norm: 0.5013 | dt: 2935.80ms | tok/sec: 22323.04
step  7463 | loss: 3.516566 | lr 1.4613e-04 | norm: 0.5005 | dt: 2939.90ms | tok/sec: 22291.91
step  7464 | loss: 3.686335 | lr 1.4607e-04 | norm: 0.5282 | dt: 2954.41ms | tok/sec: 22182.42
step  7465 | loss: 3.703553 | lr 1.4600e-04 | norm: 0.4450 | dt: 2959.83ms | tok/sec: 22141.80
step  7466 | loss: 3.641216 | lr 1.4594e-04 | norm: 0.4555 | dt: 2943.84ms | tok/sec: 22262.09
step  7467 | loss: 3.765958 | lr 1.4587e-04 | norm: 0.4912 | dt: 2945.55ms | tok/sec: 22249.13
step  7468 | loss: 3.661267 | lr 1.4581e-04 | norm: 0.4837 | dt: 2938.43ms | tok/sec: 22303.07
step  7469 | loss: 3.636303 | lr 1.4575e-04 | norm: 0.4756 | dt: 2938.48ms | tok/sec: 22302.67
step  7470 | loss: 3.593553 | lr 1.4568e-04 | norm: 0.5391 | dt: 2949.24ms | tok/sec: 22221.34
step  7471 | loss: 3.788879 | lr 1.4562e-04 | norm: 0.4775 | dt: 2981.21ms | tok/sec: 21983.02
step  7472 | loss: 3.720835 | lr 1.4556e-04 | norm: 0.4898 | dt: 2946.19ms | tok/sec: 22244.35
step  7473 | loss: 3.767887 | lr 1.4549e-04 | norm: 0.4672 | dt: 2945.46ms | tok/sec: 22249.85
step  7474 | loss: 3.665364 | lr 1.4543e-04 | norm: 0.4281 | dt: 2936.62ms | tok/sec: 22316.82
step  7475 | loss: 3.535509 | lr 1.4536e-04 | norm: 0.4727 | dt: 2937.28ms | tok/sec: 22311.77
step  7476 | loss: 3.636931 | lr 1.4530e-04 | norm: 0.5483 | dt: 2936.61ms | tok/sec: 22316.88
step  7477 | loss: 3.543181 | lr 1.4524e-04 | norm: 0.4865 | dt: 2940.86ms | tok/sec: 22284.61
step  7478 | loss: 3.585956 | lr 1.4517e-04 | norm: 0.4432 | dt: 2935.15ms | tok/sec: 22327.99
step  7479 | loss: 3.689453 | lr 1.4511e-04 | norm: 0.4766 | dt: 2941.52ms | tok/sec: 22279.67
step  7480 | loss: 3.580962 | lr 1.4504e-04 | norm: 0.5629 | dt: 2944.65ms | tok/sec: 22255.99
step  7481 | loss: 3.818170 | lr 1.4498e-04 | norm: 0.4945 | dt: 2942.48ms | tok/sec: 22272.41
step  7482 | loss: 3.915579 | lr 1.4492e-04 | norm: 0.5802 | dt: 2943.29ms | tok/sec: 22266.21
step  7483 | loss: 3.735994 | lr 1.4485e-04 | norm: 0.6531 | dt: 2944.07ms | tok/sec: 22260.34
step  7484 | loss: 3.588801 | lr 1.4479e-04 | norm: 0.4764 | dt: 2957.25ms | tok/sec: 22161.16
step  7485 | loss: 3.593501 | lr 1.4473e-04 | norm: 0.4979 | dt: 2951.18ms | tok/sec: 22206.70
step  7486 | loss: 3.705021 | lr 1.4466e-04 | norm: 0.4895 | dt: 2975.48ms | tok/sec: 22025.39
step  7487 | loss: 3.594196 | lr 1.4460e-04 | norm: 0.5526 | dt: 2948.76ms | tok/sec: 22224.92
step  7488 | loss: 3.581612 | lr 1.4454e-04 | norm: 0.4532 | dt: 2960.04ms | tok/sec: 22140.25
step  7489 | loss: 4.162832 | lr 1.4447e-04 | norm: 0.7598 | dt: 2945.25ms | tok/sec: 22251.42
step  7490 | loss: 3.882036 | lr 1.4441e-04 | norm: 0.5864 | dt: 2941.16ms | tok/sec: 22282.38
step  7491 | loss: 3.449104 | lr 1.4435e-04 | norm: 0.5193 | dt: 2977.81ms | tok/sec: 22008.15
step  7492 | loss: 3.717175 | lr 1.4428e-04 | norm: 0.5026 | dt: 2941.79ms | tok/sec: 22277.57
step  7493 | loss: 3.560245 | lr 1.4422e-04 | norm: 0.5254 | dt: 2952.13ms | tok/sec: 22199.55
step  7494 | loss: 3.646930 | lr 1.4415e-04 | norm: 0.5084 | dt: 2940.06ms | tok/sec: 22290.69
step  7495 | loss: 3.607568 | lr 1.4409e-04 | norm: 0.4570 | dt: 2944.10ms | tok/sec: 22260.10
step  7496 | loss: 3.590122 | lr 1.4403e-04 | norm: 0.4777 | dt: 2939.23ms | tok/sec: 22296.96
step  7497 | loss: 3.651496 | lr 1.4396e-04 | norm: 0.4967 | dt: 2938.32ms | tok/sec: 22303.92
step  7498 | loss: 3.693557 | lr 1.4390e-04 | norm: 0.6484 | dt: 2942.08ms | tok/sec: 22275.43
step  7499 | loss: 3.604451 | lr 1.4384e-04 | norm: 0.4830 | dt: 2941.40ms | tok/sec: 22280.56
validation loss: 3.5764
HellaSwag accuracy: 2613/10042=0.2602
rank 0 sample 0: Hello, I'm a language model, and I know that it's the model because I'm used to saying code and I think I have the language model I
rank 0 sample 1: Hello, I'm a language model, but in the end it's the application. It starts running. You say that I am running. (The machine is
rank 0 sample 2: Hello, I'm a language model, but I thought you want to work on it now.
In fact, I am trying to get a better idea.
rank 0 sample 3: Hello, I'm a language model, and in the context of the model it is
I'm a writer, so can't have to learn the subject;
step  7500 | loss: 3.674812 | lr 1.4377e-04 | norm: 0.4842 | dt: 106512.27ms | tok/sec: 615.29
step  7501 | loss: 3.684121 | lr 1.4371e-04 | norm: 0.4753 | dt: 2930.79ms | tok/sec: 22361.22
step  7502 | loss: 3.599315 | lr 1.4365e-04 | norm: 0.5021 | dt: 2944.37ms | tok/sec: 22258.10
step  7503 | loss: 3.773129 | lr 1.4358e-04 | norm: 0.4884 | dt: 2931.79ms | tok/sec: 22353.61
step  7504 | loss: 3.615935 | lr 1.4352e-04 | norm: 0.6131 | dt: 2940.62ms | tok/sec: 22286.45
step  7505 | loss: 3.597561 | lr 1.4346e-04 | norm: 0.4615 | dt: 2942.35ms | tok/sec: 22273.34
step  7506 | loss: 3.677088 | lr 1.4340e-04 | norm: 0.4728 | dt: 2942.69ms | tok/sec: 22270.75
step  7507 | loss: 3.730016 | lr 1.4333e-04 | norm: 0.6533 | dt: 2942.53ms | tok/sec: 22271.97
step  7508 | loss: 3.656361 | lr 1.4327e-04 | norm: 0.4537 | dt: 2940.92ms | tok/sec: 22284.18
step  7509 | loss: 3.655465 | lr 1.4321e-04 | norm: 0.4772 | dt: 2954.48ms | tok/sec: 22181.93
step  7510 | loss: 3.701846 | lr 1.4314e-04 | norm: 0.5102 | dt: 2966.01ms | tok/sec: 22095.70
step  7511 | loss: 3.619965 | lr 1.4308e-04 | norm: 0.5055 | dt: 2940.71ms | tok/sec: 22285.74
step  7512 | loss: 3.704284 | lr 1.4302e-04 | norm: 0.4649 | dt: 2968.06ms | tok/sec: 22080.40
step  7513 | loss: 3.793141 | lr 1.4295e-04 | norm: 0.4917 | dt: 2947.25ms | tok/sec: 22236.30
step  7514 | loss: 3.590244 | lr 1.4289e-04 | norm: 0.5521 | dt: 2942.42ms | tok/sec: 22272.82
step  7515 | loss: 3.744761 | lr 1.4283e-04 | norm: 0.4811 | dt: 2935.20ms | tok/sec: 22327.59
step  7516 | loss: 3.627022 | lr 1.4276e-04 | norm: 0.4713 | dt: 2935.57ms | tok/sec: 22324.80
step  7517 | loss: 3.644389 | lr 1.4270e-04 | norm: 0.4521 | dt: 2962.70ms | tok/sec: 22120.38
step  7518 | loss: 3.754999 | lr 1.4264e-04 | norm: 0.4876 | dt: 2932.75ms | tok/sec: 22346.30
step  7519 | loss: 3.591181 | lr 1.4258e-04 | norm: 0.4560 | dt: 2937.02ms | tok/sec: 22313.77
step  7520 | loss: 3.698738 | lr 1.4251e-04 | norm: 0.4391 | dt: 2953.53ms | tok/sec: 22189.06
step  7521 | loss: 3.693568 | lr 1.4245e-04 | norm: 0.5325 | dt: 2947.12ms | tok/sec: 22237.30
step  7522 | loss: 3.756651 | lr 1.4239e-04 | norm: 0.4876 | dt: 2943.46ms | tok/sec: 22264.94
step  7523 | loss: 3.709196 | lr 1.4232e-04 | norm: 0.5125 | dt: 2945.67ms | tok/sec: 22248.22
step  7524 | loss: 3.666686 | lr 1.4226e-04 | norm: 0.5017 | dt: 2969.32ms | tok/sec: 22071.06
step  7525 | loss: 3.407697 | lr 1.4220e-04 | norm: 0.5026 | dt: 2929.25ms | tok/sec: 22372.94
step  7526 | loss: 3.668037 | lr 1.4213e-04 | norm: 0.5139 | dt: 2940.21ms | tok/sec: 22289.53
step  7527 | loss: 3.727358 | lr 1.4207e-04 | norm: 0.4773 | dt: 2943.69ms | tok/sec: 22263.25
step  7528 | loss: 3.622597 | lr 1.4201e-04 | norm: 0.4534 | dt: 2946.95ms | tok/sec: 22238.56
step  7529 | loss: 3.681036 | lr 1.4195e-04 | norm: 0.4784 | dt: 2931.22ms | tok/sec: 22357.94
step  7530 | loss: 3.597462 | lr 1.4188e-04 | norm: 0.4529 | dt: 2934.89ms | tok/sec: 22329.95
step  7531 | loss: 3.678145 | lr 1.4182e-04 | norm: 0.4482 | dt: 2943.53ms | tok/sec: 22264.41
step  7532 | loss: 3.640545 | lr 1.4176e-04 | norm: 0.4301 | dt: 2968.80ms | tok/sec: 22074.91
step  7533 | loss: 3.557326 | lr 1.4170e-04 | norm: 0.4603 | dt: 2939.36ms | tok/sec: 22296.01
step  7534 | loss: 3.669049 | lr 1.4163e-04 | norm: 0.4714 | dt: 2938.41ms | tok/sec: 22303.25
step  7535 | loss: 3.633223 | lr 1.4157e-04 | norm: 0.5243 | dt: 2938.67ms | tok/sec: 22301.27
step  7536 | loss: 3.709105 | lr 1.4151e-04 | norm: 0.4563 | dt: 2927.64ms | tok/sec: 22385.24
step  7537 | loss: 3.552987 | lr 1.4145e-04 | norm: 0.5076 | dt: 2942.10ms | tok/sec: 22275.25
step  7538 | loss: 3.853806 | lr 1.4138e-04 | norm: 0.5084 | dt: 2989.30ms | tok/sec: 21923.54
step  7539 | loss: 3.787792 | lr 1.4132e-04 | norm: 0.4702 | dt: 2940.22ms | tok/sec: 22289.45
step  7540 | loss: 3.712155 | lr 1.4126e-04 | norm: 0.4708 | dt: 2950.13ms | tok/sec: 22214.63
step  7541 | loss: 3.661229 | lr 1.4120e-04 | norm: 0.4798 | dt: 2946.65ms | tok/sec: 22240.85
step  7542 | loss: 3.652173 | lr 1.4113e-04 | norm: 0.4461 | dt: 2936.29ms | tok/sec: 22319.35
step  7543 | loss: 3.684694 | lr 1.4107e-04 | norm: 0.4895 | dt: 2941.87ms | tok/sec: 22277.01
step  7544 | loss: 3.702271 | lr 1.4101e-04 | norm: 0.4355 | dt: 2960.29ms | tok/sec: 22138.38
step  7545 | loss: 3.680984 | lr 1.4095e-04 | norm: 0.4591 | dt: 2939.64ms | tok/sec: 22293.92
step  7546 | loss: 3.682359 | lr 1.4088e-04 | norm: 0.4417 | dt: 2941.18ms | tok/sec: 22282.20
step  7547 | loss: 3.624403 | lr 1.4082e-04 | norm: 0.5032 | dt: 2949.51ms | tok/sec: 22219.25
step  7548 | loss: 3.687790 | lr 1.4076e-04 | norm: 0.4757 | dt: 2946.33ms | tok/sec: 22243.28
step  7549 | loss: 3.619828 | lr 1.4070e-04 | norm: 0.4830 | dt: 2935.11ms | tok/sec: 22328.33
step  7550 | loss: 3.613248 | lr 1.4063e-04 | norm: 0.5374 | dt: 2939.12ms | tok/sec: 22297.81
step  7551 | loss: 3.638510 | lr 1.4057e-04 | norm: 0.4858 | dt: 2945.34ms | tok/sec: 22250.78
step  7552 | loss: 3.676189 | lr 1.4051e-04 | norm: 0.4361 | dt: 2939.56ms | tok/sec: 22294.53
step  7553 | loss: 3.715376 | lr 1.4045e-04 | norm: 0.5446 | dt: 2968.49ms | tok/sec: 22077.21
step  7554 | loss: 3.647994 | lr 1.4038e-04 | norm: 0.4952 | dt: 2938.46ms | tok/sec: 22302.83
step  7555 | loss: 3.656298 | lr 1.4032e-04 | norm: 0.5559 | dt: 2953.92ms | tok/sec: 22186.08
step  7556 | loss: 3.664531 | lr 1.4026e-04 | norm: 0.4733 | dt: 2940.02ms | tok/sec: 22291.02
step  7557 | loss: 3.650668 | lr 1.4020e-04 | norm: 0.4798 | dt: 2952.12ms | tok/sec: 22199.68
step  7558 | loss: 3.515154 | lr 1.4014e-04 | norm: 0.4456 | dt: 2983.57ms | tok/sec: 21965.62
step  7559 | loss: 3.583225 | lr 1.4007e-04 | norm: 0.4468 | dt: 2946.43ms | tok/sec: 22242.52
step  7560 | loss: 3.691662 | lr 1.4001e-04 | norm: 0.4500 | dt: 2950.76ms | tok/sec: 22209.84
step  7561 | loss: 3.666854 | lr 1.3995e-04 | norm: 0.4541 | dt: 2946.44ms | tok/sec: 22242.41
step  7562 | loss: 3.571075 | lr 1.3989e-04 | norm: 0.5111 | dt: 2972.64ms | tok/sec: 22046.36
step  7563 | loss: 3.577000 | lr 1.3982e-04 | norm: 0.4424 | dt: 2943.65ms | tok/sec: 22263.52
step  7564 | loss: 3.706228 | lr 1.3976e-04 | norm: 0.6267 | dt: 2947.79ms | tok/sec: 22232.23
step  7565 | loss: 3.843317 | lr 1.3970e-04 | norm: 0.5653 | dt: 2948.79ms | tok/sec: 22224.75
step  7566 | loss: 3.660415 | lr 1.3964e-04 | norm: 0.4403 | dt: 2944.05ms | tok/sec: 22260.49
step  7567 | loss: 3.496070 | lr 1.3958e-04 | norm: 0.4517 | dt: 2942.13ms | tok/sec: 22275.05
step  7568 | loss: 3.653599 | lr 1.3951e-04 | norm: 0.4515 | dt: 2943.39ms | tok/sec: 22265.51
step  7569 | loss: 3.629468 | lr 1.3945e-04 | norm: 0.4424 | dt: 2944.98ms | tok/sec: 22253.49
step  7570 | loss: 3.639131 | lr 1.3939e-04 | norm: 0.4749 | dt: 2946.18ms | tok/sec: 22244.43
step  7571 | loss: 3.620195 | lr 1.3933e-04 | norm: 0.4322 | dt: 2951.50ms | tok/sec: 22204.27
step  7572 | loss: 3.664011 | lr 1.3927e-04 | norm: 0.4777 | dt: 2937.88ms | tok/sec: 22307.24
step  7573 | loss: 3.587266 | lr 1.3920e-04 | norm: 0.4451 | dt: 2963.40ms | tok/sec: 22115.12
step  7574 | loss: 3.647260 | lr 1.3914e-04 | norm: 0.4532 | dt: 2939.42ms | tok/sec: 22295.53
step  7575 | loss: 3.676776 | lr 1.3908e-04 | norm: 0.4769 | dt: 2955.55ms | tok/sec: 22173.88
step  7576 | loss: 3.644289 | lr 1.3902e-04 | norm: 0.4846 | dt: 2941.60ms | tok/sec: 22279.07
step  7577 | loss: 3.579421 | lr 1.3896e-04 | norm: 0.4382 | dt: 2949.36ms | tok/sec: 22220.43
step  7578 | loss: 3.623349 | lr 1.3890e-04 | norm: 0.4902 | dt: 2946.38ms | tok/sec: 22242.85
step  7579 | loss: 3.700293 | lr 1.3883e-04 | norm: 0.5093 | dt: 2988.24ms | tok/sec: 21931.28
step  7580 | loss: 3.714505 | lr 1.3877e-04 | norm: 0.4750 | dt: 2947.48ms | tok/sec: 22234.60
step  7581 | loss: 3.764856 | lr 1.3871e-04 | norm: 0.4669 | dt: 2942.65ms | tok/sec: 22271.05
step  7582 | loss: 3.611011 | lr 1.3865e-04 | norm: 0.4714 | dt: 2950.38ms | tok/sec: 22212.73
step  7583 | loss: 3.574344 | lr 1.3859e-04 | norm: 0.5906 | dt: 2943.26ms | tok/sec: 22266.48
step  7584 | loss: 3.697323 | lr 1.3853e-04 | norm: 0.5521 | dt: 2941.89ms | tok/sec: 22276.82
step  7585 | loss: 3.708271 | lr 1.3846e-04 | norm: 0.4959 | dt: 2941.37ms | tok/sec: 22280.80
step  7586 | loss: 3.748668 | lr 1.3840e-04 | norm: 0.4772 | dt: 2940.70ms | tok/sec: 22285.86
step  7587 | loss: 3.591703 | lr 1.3834e-04 | norm: 0.4328 | dt: 2945.30ms | tok/sec: 22251.06
step  7588 | loss: 3.606875 | lr 1.3828e-04 | norm: 0.4751 | dt: 2950.13ms | tok/sec: 22214.62
step  7589 | loss: 3.624904 | lr 1.3822e-04 | norm: 0.4682 | dt: 2942.83ms | tok/sec: 22269.71
step  7590 | loss: 3.541744 | lr 1.3816e-04 | norm: 0.4826 | dt: 2950.84ms | tok/sec: 22209.26
step  7591 | loss: 3.597603 | lr 1.3809e-04 | norm: 0.4589 | dt: 2946.53ms | tok/sec: 22241.77
step  7592 | loss: 3.657275 | lr 1.3803e-04 | norm: 0.4247 | dt: 2968.74ms | tok/sec: 22075.36
step  7593 | loss: 3.727997 | lr 1.3797e-04 | norm: 0.4639 | dt: 2965.93ms | tok/sec: 22096.29
step  7594 | loss: 3.754060 | lr 1.3791e-04 | norm: 0.5869 | dt: 2944.55ms | tok/sec: 22256.75
step  7595 | loss: 3.582917 | lr 1.3785e-04 | norm: 0.4906 | dt: 2942.70ms | tok/sec: 22270.69
step  7596 | loss: 3.693251 | lr 1.3779e-04 | norm: 0.4614 | dt: 2943.80ms | tok/sec: 22262.37
step  7597 | loss: 3.550520 | lr 1.3773e-04 | norm: 0.4828 | dt: 2949.44ms | tok/sec: 22219.84
step  7598 | loss: 3.612271 | lr 1.3766e-04 | norm: 0.4583 | dt: 2946.34ms | tok/sec: 22243.22
step  7599 | loss: 3.664974 | lr 1.3760e-04 | norm: 0.4950 | dt: 2970.61ms | tok/sec: 22061.45
step  7600 | loss: 3.640207 | lr 1.3754e-04 | norm: 0.4817 | dt: 2943.47ms | tok/sec: 22264.90
step  7601 | loss: 3.609037 | lr 1.3748e-04 | norm: 0.4734 | dt: 2942.19ms | tok/sec: 22274.56
step  7602 | loss: 3.550027 | lr 1.3742e-04 | norm: 0.4619 | dt: 2940.81ms | tok/sec: 22285.02
step  7603 | loss: 3.666524 | lr 1.3736e-04 | norm: 0.4761 | dt: 2936.42ms | tok/sec: 22318.32
step  7604 | loss: 3.744742 | lr 1.3730e-04 | norm: 0.4711 | dt: 2949.33ms | tok/sec: 22220.65
step  7605 | loss: 3.559689 | lr 1.3724e-04 | norm: 0.4202 | dt: 2940.29ms | tok/sec: 22288.94
step  7606 | loss: 3.729978 | lr 1.3717e-04 | norm: 0.4580 | dt: 2944.52ms | tok/sec: 22256.92
step  7607 | loss: 3.537319 | lr 1.3711e-04 | norm: 0.4454 | dt: 2935.69ms | tok/sec: 22323.86
step  7608 | loss: 3.495667 | lr 1.3705e-04 | norm: 0.4391 | dt: 2939.01ms | tok/sec: 22298.70
step  7609 | loss: 3.635187 | lr 1.3699e-04 | norm: 0.5942 | dt: 2949.59ms | tok/sec: 22218.65
step  7610 | loss: 3.663481 | lr 1.3693e-04 | norm: 0.4698 | dt: 2947.04ms | tok/sec: 22237.88
step  7611 | loss: 3.748644 | lr 1.3687e-04 | norm: 0.4865 | dt: 2942.92ms | tok/sec: 22269.00
step  7612 | loss: 3.674922 | lr 1.3681e-04 | norm: 0.4979 | dt: 2959.59ms | tok/sec: 22143.64
step  7613 | loss: 3.588061 | lr 1.3675e-04 | norm: 0.4589 | dt: 2944.28ms | tok/sec: 22258.72
step  7614 | loss: 3.545747 | lr 1.3668e-04 | norm: 0.4723 | dt: 2960.26ms | tok/sec: 22138.57
step  7615 | loss: 3.571639 | lr 1.3662e-04 | norm: 0.4804 | dt: 2945.60ms | tok/sec: 22248.76
step  7616 | loss: 3.545869 | lr 1.3656e-04 | norm: 0.5011 | dt: 2940.38ms | tok/sec: 22288.30
step  7617 | loss: 3.640572 | lr 1.3650e-04 | norm: 0.4452 | dt: 2940.86ms | tok/sec: 22284.66
step  7618 | loss: 3.641184 | lr 1.3644e-04 | norm: 0.4494 | dt: 2949.80ms | tok/sec: 22217.12
step  7619 | loss: 3.512691 | lr 1.3638e-04 | norm: 0.4294 | dt: 2984.04ms | tok/sec: 21962.20
step  7620 | loss: 3.505878 | lr 1.3632e-04 | norm: 0.5372 | dt: 2931.71ms | tok/sec: 22354.21
step  7621 | loss: 3.615587 | lr 1.3626e-04 | norm: 0.4750 | dt: 2940.27ms | tok/sec: 22289.08
step  7622 | loss: 3.403800 | lr 1.3620e-04 | norm: 0.4563 | dt: 2936.25ms | tok/sec: 22319.64
step  7623 | loss: 3.632854 | lr 1.3614e-04 | norm: 0.5009 | dt: 2944.32ms | tok/sec: 22258.42
step  7624 | loss: 3.628857 | lr 1.3608e-04 | norm: 0.4469 | dt: 2948.23ms | tok/sec: 22228.95
step  7625 | loss: 3.545174 | lr 1.3601e-04 | norm: 0.4578 | dt: 2941.26ms | tok/sec: 22281.58
step  7626 | loss: 3.438192 | lr 1.3595e-04 | norm: 0.4443 | dt: 2939.46ms | tok/sec: 22295.26
step  7627 | loss: 3.483145 | lr 1.3589e-04 | norm: 0.4403 | dt: 2945.22ms | tok/sec: 22251.66
step  7628 | loss: 3.678103 | lr 1.3583e-04 | norm: 0.4700 | dt: 2935.51ms | tok/sec: 22325.23
step  7629 | loss: 3.632657 | lr 1.3577e-04 | norm: 0.4463 | dt: 5410.90ms | tok/sec: 12111.85
step  7630 | loss: 3.593024 | lr 1.3571e-04 | norm: 0.4635 | dt: 2935.96ms | tok/sec: 22321.84
step  7631 | loss: 3.497951 | lr 1.3565e-04 | norm: 0.4876 | dt: 2949.61ms | tok/sec: 22218.53
step  7632 | loss: 3.585055 | lr 1.3559e-04 | norm: 0.4527 | dt: 2971.77ms | tok/sec: 22052.83
step  7633 | loss: 3.668980 | lr 1.3553e-04 | norm: 0.4776 | dt: 2970.93ms | tok/sec: 22059.05
step  7634 | loss: 3.581576 | lr 1.3547e-04 | norm: 0.4661 | dt: 2952.60ms | tok/sec: 22196.05
step  7635 | loss: 3.635802 | lr 1.3541e-04 | norm: 0.4542 | dt: 2949.49ms | tok/sec: 22219.41
step  7636 | loss: 3.676741 | lr 1.3535e-04 | norm: 0.4618 | dt: 2939.98ms | tok/sec: 22291.32
step  7637 | loss: 3.575837 | lr 1.3529e-04 | norm: 0.4439 | dt: 2942.28ms | tok/sec: 22273.88
step  7638 | loss: 3.513697 | lr 1.3523e-04 | norm: 0.4846 | dt: 2947.88ms | tok/sec: 22231.57
step  7639 | loss: 3.642312 | lr 1.3517e-04 | norm: 0.4549 | dt: 2976.00ms | tok/sec: 22021.49
step  7640 | loss: 3.686313 | lr 1.3510e-04 | norm: 0.4432 | dt: 2947.16ms | tok/sec: 22236.99
step  7641 | loss: 3.625820 | lr 1.3504e-04 | norm: 0.4392 | dt: 2947.85ms | tok/sec: 22231.79
step  7642 | loss: 3.646544 | lr 1.3498e-04 | norm: 0.4646 | dt: 2954.32ms | tok/sec: 22183.13
step  7643 | loss: 3.726254 | lr 1.3492e-04 | norm: 0.4666 | dt: 2941.90ms | tok/sec: 22276.75
step  7644 | loss: 3.560602 | lr 1.3486e-04 | norm: 0.4571 | dt: 2945.45ms | tok/sec: 22249.89
step  7645 | loss: 3.529253 | lr 1.3480e-04 | norm: 0.4657 | dt: 2931.56ms | tok/sec: 22355.35
step  7646 | loss: 3.683361 | lr 1.3474e-04 | norm: 0.4320 | dt: 2947.07ms | tok/sec: 22237.71
step  7647 | loss: 3.564893 | lr 1.3468e-04 | norm: 0.4658 | dt: 2945.81ms | tok/sec: 22247.22
step  7648 | loss: 3.550290 | lr 1.3462e-04 | norm: 0.4459 | dt: 2939.13ms | tok/sec: 22297.72
step  7649 | loss: 3.573385 | lr 1.3456e-04 | norm: 0.4248 | dt: 2942.53ms | tok/sec: 22271.99
step  7650 | loss: 3.545011 | lr 1.3450e-04 | norm: 0.4697 | dt: 2961.27ms | tok/sec: 22131.05
step  7651 | loss: 3.555190 | lr 1.3444e-04 | norm: 0.5033 | dt: 2941.20ms | tok/sec: 22282.06
step  7652 | loss: 3.636064 | lr 1.3438e-04 | norm: 0.4892 | dt: 2961.28ms | tok/sec: 22130.96
step  7653 | loss: 3.631006 | lr 1.3432e-04 | norm: 0.4516 | dt: 2970.59ms | tok/sec: 22061.61
step  7654 | loss: 3.516051 | lr 1.3426e-04 | norm: 0.4748 | dt: 2943.63ms | tok/sec: 22263.67
step  7655 | loss: 3.627004 | lr 1.3420e-04 | norm: 0.4395 | dt: 2946.20ms | tok/sec: 22244.28
step  7656 | loss: 3.513970 | lr 1.3414e-04 | norm: 0.4411 | dt: 2947.56ms | tok/sec: 22233.96
step  7657 | loss: 3.585283 | lr 1.3408e-04 | norm: 0.4490 | dt: 2952.57ms | tok/sec: 22196.23
step  7658 | loss: 3.593964 | lr 1.3402e-04 | norm: 0.4441 | dt: 2942.62ms | tok/sec: 22271.34
step  7659 | loss: 3.564366 | lr 1.3396e-04 | norm: 0.5076 | dt: 2966.37ms | tok/sec: 22093.02
step  7660 | loss: 3.568210 | lr 1.3390e-04 | norm: 0.4708 | dt: 2946.91ms | tok/sec: 22238.91
step  7661 | loss: 3.654468 | lr 1.3384e-04 | norm: 0.4947 | dt: 2940.44ms | tok/sec: 22287.80
step  7662 | loss: 3.505566 | lr 1.3378e-04 | norm: 0.4692 | dt: 2930.41ms | tok/sec: 22364.13
step  7663 | loss: 3.461705 | lr 1.3372e-04 | norm: 0.4335 | dt: 2934.76ms | tok/sec: 22330.97
step  7664 | loss: 3.540429 | lr 1.3366e-04 | norm: 0.4673 | dt: 2948.12ms | tok/sec: 22229.76
step  7665 | loss: 3.413893 | lr 1.3360e-04 | norm: 0.5454 | dt: 2942.47ms | tok/sec: 22272.48
step  7666 | loss: 3.515693 | lr 1.3354e-04 | norm: 0.4535 | dt: 2934.67ms | tok/sec: 22331.61
step  7667 | loss: 3.587727 | lr 1.3348e-04 | norm: 0.4982 | dt: 2944.87ms | tok/sec: 22254.26
step  7668 | loss: 3.549998 | lr 1.3342e-04 | norm: 0.5125 | dt: 2941.19ms | tok/sec: 22282.15
step  7669 | loss: 3.666414 | lr 1.3336e-04 | norm: 0.4512 | dt: 2946.72ms | tok/sec: 22240.32
step  7670 | loss: 3.437183 | lr 1.3330e-04 | norm: 0.5636 | dt: 2955.05ms | tok/sec: 22177.59
step  7671 | loss: 3.556729 | lr 1.3324e-04 | norm: 0.4836 | dt: 2944.91ms | tok/sec: 22254.02
step  7672 | loss: 3.564083 | lr 1.3318e-04 | norm: 0.4698 | dt: 2948.89ms | tok/sec: 22223.97
step  7673 | loss: 3.563232 | lr 1.3312e-04 | norm: 0.4511 | dt: 2939.82ms | tok/sec: 22292.51
step  7674 | loss: 3.747598 | lr 1.3306e-04 | norm: 0.4917 | dt: 2970.00ms | tok/sec: 22065.97
step  7675 | loss: 3.594326 | lr 1.3300e-04 | norm: 0.4626 | dt: 2957.06ms | tok/sec: 22162.58
step  7676 | loss: 3.429532 | lr 1.3294e-04 | norm: 0.4625 | dt: 2949.10ms | tok/sec: 22222.38
step  7677 | loss: 3.678064 | lr 1.3288e-04 | norm: 0.4508 | dt: 2951.34ms | tok/sec: 22205.53
step  7678 | loss: 3.611394 | lr 1.3282e-04 | norm: 0.4390 | dt: 2944.62ms | tok/sec: 22256.19
step  7679 | loss: 3.459925 | lr 1.3276e-04 | norm: 0.4507 | dt: 2985.47ms | tok/sec: 21951.65
step  7680 | loss: 3.584044 | lr 1.3270e-04 | norm: 0.4577 | dt: 2947.78ms | tok/sec: 22232.33
step  7681 | loss: 3.757877 | lr 1.3264e-04 | norm: 0.5292 | dt: 2944.02ms | tok/sec: 22260.69
step  7682 | loss: 3.642810 | lr 1.3258e-04 | norm: 0.4680 | dt: 2943.24ms | tok/sec: 22266.65
step  7683 | loss: 3.614618 | lr 1.3252e-04 | norm: 0.5367 | dt: 2942.51ms | tok/sec: 22272.11
step  7684 | loss: 3.633585 | lr 1.3246e-04 | norm: 0.7192 | dt: 2949.38ms | tok/sec: 22220.24
step  7685 | loss: 3.686682 | lr 1.3240e-04 | norm: 0.4821 | dt: 2941.97ms | tok/sec: 22276.27
step  7686 | loss: 3.591219 | lr 1.3234e-04 | norm: 0.5733 | dt: 2933.01ms | tok/sec: 22344.26
step  7687 | loss: 3.650965 | lr 1.3228e-04 | norm: 0.4877 | dt: 2938.79ms | tok/sec: 22300.31
step  7688 | loss: 3.551193 | lr 1.3222e-04 | norm: 0.4714 | dt: 2945.19ms | tok/sec: 22251.91
step  7689 | loss: 3.538565 | lr 1.3216e-04 | norm: 0.4782 | dt: 2939.53ms | tok/sec: 22294.69
step  7690 | loss: 3.507814 | lr 1.3210e-04 | norm: 0.5334 | dt: 2934.82ms | tok/sec: 22330.51
step  7691 | loss: 3.574554 | lr 1.3204e-04 | norm: 0.4888 | dt: 2937.57ms | tok/sec: 22309.60
step  7692 | loss: 3.359084 | lr 1.3199e-04 | norm: 0.5009 | dt: 2942.65ms | tok/sec: 22271.07
step  7693 | loss: 3.331736 | lr 1.3193e-04 | norm: 0.6614 | dt: 2957.70ms | tok/sec: 22157.79
step  7694 | loss: 3.647207 | lr 1.3187e-04 | norm: 0.4991 | dt: 2961.93ms | tok/sec: 22126.11
step  7695 | loss: 3.649742 | lr 1.3181e-04 | norm: 0.4935 | dt: 2945.61ms | tok/sec: 22248.73
step  7696 | loss: 3.499314 | lr 1.3175e-04 | norm: 0.4727 | dt: 2945.28ms | tok/sec: 22251.23
step  7697 | loss: 3.579945 | lr 1.3169e-04 | norm: 0.4946 | dt: 2935.88ms | tok/sec: 22322.47
step  7698 | loss: 3.369086 | lr 1.3163e-04 | norm: 0.4742 | dt: 2936.83ms | tok/sec: 22315.22
step  7699 | loss: 3.505844 | lr 1.3157e-04 | norm: 0.4473 | dt: 2945.87ms | tok/sec: 22246.70
step  7700 | loss: 3.601950 | lr 1.3151e-04 | norm: 0.4765 | dt: 2977.70ms | tok/sec: 22008.94
step  7701 | loss: 3.404300 | lr 1.3145e-04 | norm: 0.4553 | dt: 2943.02ms | tok/sec: 22268.30
step  7702 | loss: 3.500578 | lr 1.3139e-04 | norm: 0.4520 | dt: 2937.63ms | tok/sec: 22309.16
step  7703 | loss: 3.467916 | lr 1.3133e-04 | norm: 0.4550 | dt: 2947.25ms | tok/sec: 22236.29
step  7704 | loss: 3.428493 | lr 1.3127e-04 | norm: 0.4461 | dt: 2949.72ms | tok/sec: 22217.73
step  7705 | loss: 3.435678 | lr 1.3121e-04 | norm: 0.4829 | dt: 2946.42ms | tok/sec: 22242.61
step  7706 | loss: 3.516393 | lr 1.3116e-04 | norm: 0.4457 | dt: 2950.91ms | tok/sec: 22208.77
step  7707 | loss: 3.487260 | lr 1.3110e-04 | norm: 0.4919 | dt: 2950.10ms | tok/sec: 22214.81
step  7708 | loss: 3.572748 | lr 1.3104e-04 | norm: 0.4630 | dt: 2941.63ms | tok/sec: 22278.78
step  7709 | loss: 3.415510 | lr 1.3098e-04 | norm: 0.4492 | dt: 2942.20ms | tok/sec: 22274.49
step  7710 | loss: 3.409564 | lr 1.3092e-04 | norm: 0.4413 | dt: 2942.48ms | tok/sec: 22272.36
step  7711 | loss: 3.412550 | lr 1.3086e-04 | norm: 0.4479 | dt: 2941.91ms | tok/sec: 22276.72
step  7712 | loss: 3.535797 | lr 1.3080e-04 | norm: 0.4720 | dt: 2937.41ms | tok/sec: 22310.80
step  7713 | loss: 3.427007 | lr 1.3074e-04 | norm: 0.4434 | dt: 2964.23ms | tok/sec: 22108.92
step  7714 | loss: 3.239372 | lr 1.3068e-04 | norm: 0.5755 | dt: 2966.12ms | tok/sec: 22094.89
step  7715 | loss: 3.489704 | lr 1.3062e-04 | norm: 0.4551 | dt: 2938.53ms | tok/sec: 22302.32
step  7716 | loss: 3.439130 | lr 1.3056e-04 | norm: 0.4318 | dt: 2955.87ms | tok/sec: 22171.47
step  7717 | loss: 3.516348 | lr 1.3051e-04 | norm: 0.4971 | dt: 2943.98ms | tok/sec: 22261.02
step  7718 | loss: 3.372657 | lr 1.3045e-04 | norm: 0.4528 | dt: 2945.53ms | tok/sec: 22249.34
step  7719 | loss: 3.524308 | lr 1.3039e-04 | norm: 0.4310 | dt: 2939.74ms | tok/sec: 22293.10
step  7720 | loss: 3.513845 | lr 1.3033e-04 | norm: 0.4391 | dt: 2982.00ms | tok/sec: 21977.18
step  7721 | loss: 3.472174 | lr 1.3027e-04 | norm: 0.7687 | dt: 2940.95ms | tok/sec: 22283.95
step  7722 | loss: 3.409560 | lr 1.3021e-04 | norm: 0.4931 | dt: 2937.94ms | tok/sec: 22306.81
step  7723 | loss: 3.628082 | lr 1.3015e-04 | norm: 0.4854 | dt: 2943.12ms | tok/sec: 22267.50
step  7724 | loss: 3.489794 | lr 1.3009e-04 | norm: 0.4443 | dt: 2952.86ms | tok/sec: 22194.08
step  7725 | loss: 3.515171 | lr 1.3003e-04 | norm: 0.4773 | dt: 2939.86ms | tok/sec: 22292.19
step  7726 | loss: 3.467004 | lr 1.2998e-04 | norm: 0.4576 | dt: 2929.67ms | tok/sec: 22369.74
step  7727 | loss: 3.595697 | lr 1.2992e-04 | norm: 0.4592 | dt: 2971.72ms | tok/sec: 22053.22
step  7728 | loss: 3.504300 | lr 1.2986e-04 | norm: 0.4781 | dt: 2943.31ms | tok/sec: 22266.12
step  7729 | loss: 3.509969 | lr 1.2980e-04 | norm: 0.4344 | dt: 2943.70ms | tok/sec: 22263.14
step  7730 | loss: 3.485725 | lr 1.2974e-04 | norm: 0.4566 | dt: 2937.50ms | tok/sec: 22310.11
step  7731 | loss: 3.597015 | lr 1.2968e-04 | norm: 0.4917 | dt: 2946.83ms | tok/sec: 22239.51
step  7732 | loss: 3.357235 | lr 1.2962e-04 | norm: 0.4437 | dt: 2939.43ms | tok/sec: 22295.50
step  7733 | loss: 3.479235 | lr 1.2957e-04 | norm: 0.4866 | dt: 2946.28ms | tok/sec: 22243.63
step  7734 | loss: 3.535274 | lr 1.2951e-04 | norm: 0.5020 | dt: 2934.80ms | tok/sec: 22330.68
step  7735 | loss: 3.336205 | lr 1.2945e-04 | norm: 0.4736 | dt: 2966.65ms | tok/sec: 22090.94
step  7736 | loss: 3.312038 | lr 1.2939e-04 | norm: 0.4591 | dt: 2940.84ms | tok/sec: 22284.76
step  7737 | loss: 3.492780 | lr 1.2933e-04 | norm: 0.4677 | dt: 2937.27ms | tok/sec: 22311.85
step  7738 | loss: 3.325750 | lr 1.2927e-04 | norm: 0.4382 | dt: 2935.23ms | tok/sec: 22327.40
step  7739 | loss: 3.448863 | lr 1.2921e-04 | norm: 0.4588 | dt: 2944.20ms | tok/sec: 22259.38
step  7740 | loss: 3.518445 | lr 1.2916e-04 | norm: 0.4621 | dt: 2945.66ms | tok/sec: 22248.34
step  7741 | loss: 3.356754 | lr 1.2910e-04 | norm: 0.4697 | dt: 2975.17ms | tok/sec: 22027.68
step  7742 | loss: 3.630209 | lr 1.2904e-04 | norm: 0.6213 | dt: 2943.68ms | tok/sec: 22263.25
step  7743 | loss: 3.397513 | lr 1.2898e-04 | norm: 0.4480 | dt: 2950.88ms | tok/sec: 22208.93
step  7744 | loss: 3.546270 | lr 1.2892e-04 | norm: 0.8751 | dt: 2946.11ms | tok/sec: 22244.90
step  7745 | loss: 3.471773 | lr 1.2886e-04 | norm: 0.4576 | dt: 2955.47ms | tok/sec: 22174.51
step  7746 | loss: 3.488732 | lr 1.2881e-04 | norm: 0.4549 | dt: 2943.87ms | tok/sec: 22261.88
step  7747 | loss: 3.477803 | lr 1.2875e-04 | norm: 0.4733 | dt: 2961.84ms | tok/sec: 22126.78
step  7748 | loss: 3.377290 | lr 1.2869e-04 | norm: 0.4817 | dt: 2935.49ms | tok/sec: 22325.38
step  7749 | loss: 3.596392 | lr 1.2863e-04 | norm: 0.4627 | dt: 2945.01ms | tok/sec: 22253.25
step  7750 | loss: 3.419632 | lr 1.2857e-04 | norm: 0.4668 | dt: 2942.09ms | tok/sec: 22275.35
step  7751 | loss: 3.441081 | lr 1.2851e-04 | norm: 0.4958 | dt: 2945.20ms | tok/sec: 22251.78
step  7752 | loss: 3.464903 | lr 1.2846e-04 | norm: 0.4558 | dt: 2938.27ms | tok/sec: 22304.27
step  7753 | loss: 3.433065 | lr 1.2840e-04 | norm: 0.5591 | dt: 2949.87ms | tok/sec: 22216.59
step  7754 | loss: 3.612000 | lr 1.2834e-04 | norm: 0.4841 | dt: 2945.87ms | tok/sec: 22246.73
step  7755 | loss: 3.451861 | lr 1.2828e-04 | norm: 0.4682 | dt: 2966.22ms | tok/sec: 22094.15
step  7756 | loss: 3.434935 | lr 1.2822e-04 | norm: 0.4839 | dt: 2948.65ms | tok/sec: 22225.74
step  7757 | loss: 3.485287 | lr 1.2817e-04 | norm: 0.4977 | dt: 2945.26ms | tok/sec: 22251.37
step  7758 | loss: 3.458091 | lr 1.2811e-04 | norm: 0.4892 | dt: 2943.90ms | tok/sec: 22261.60
step  7759 | loss: 3.516003 | lr 1.2805e-04 | norm: 0.5072 | dt: 2940.49ms | tok/sec: 22287.48
step  7760 | loss: 3.663408 | lr 1.2799e-04 | norm: 0.5101 | dt: 2950.08ms | tok/sec: 22214.95
step  7761 | loss: 3.569343 | lr 1.2793e-04 | norm: 0.4643 | dt: 2991.02ms | tok/sec: 21910.91
step  7762 | loss: 3.575337 | lr 1.2788e-04 | norm: 0.4859 | dt: 2942.61ms | tok/sec: 22271.40
step  7763 | loss: 3.469319 | lr 1.2782e-04 | norm: 0.4674 | dt: 2944.68ms | tok/sec: 22255.71
step  7764 | loss: 3.557518 | lr 1.2776e-04 | norm: 0.4467 | dt: 2944.85ms | tok/sec: 22254.41
step  7765 | loss: 3.465753 | lr 1.2770e-04 | norm: 0.4700 | dt: 2964.21ms | tok/sec: 22109.10
step  7766 | loss: 3.362236 | lr 1.2764e-04 | norm: 0.4564 | dt: 2944.30ms | tok/sec: 22258.63
step  7767 | loss: 3.422112 | lr 1.2759e-04 | norm: 0.4638 | dt: 2938.45ms | tok/sec: 22302.90
step  7768 | loss: 3.425438 | lr 1.2753e-04 | norm: 0.4306 | dt: 2938.28ms | tok/sec: 22304.20
step  7769 | loss: 3.608658 | lr 1.2747e-04 | norm: 0.4487 | dt: 2936.21ms | tok/sec: 22319.93
step  7770 | loss: 3.657612 | lr 1.2741e-04 | norm: 0.5765 | dt: 2936.68ms | tok/sec: 22316.35
step  7771 | loss: 3.514428 | lr 1.2735e-04 | norm: 0.4708 | dt: 2947.89ms | tok/sec: 22231.46
step  7772 | loss: 3.453268 | lr 1.2730e-04 | norm: 0.4487 | dt: 2939.76ms | tok/sec: 22292.95
step  7773 | loss: 3.502817 | lr 1.2724e-04 | norm: 0.4384 | dt: 2948.99ms | tok/sec: 22223.19
step  7774 | loss: 3.551965 | lr 1.2718e-04 | norm: 0.5123 | dt: 2936.39ms | tok/sec: 22318.54
step  7775 | loss: 3.413176 | lr 1.2712e-04 | norm: 0.4389 | dt: 2934.00ms | tok/sec: 22336.72
step  7776 | loss: 3.580575 | lr 1.2707e-04 | norm: 0.4429 | dt: 2954.05ms | tok/sec: 22185.13
step  7777 | loss: 3.583214 | lr 1.2701e-04 | norm: 0.4421 | dt: 2941.07ms | tok/sec: 22283.05
step  7778 | loss: 3.362191 | lr 1.2695e-04 | norm: 0.4529 | dt: 2945.91ms | tok/sec: 22246.46
step  7779 | loss: 3.645854 | lr 1.2689e-04 | norm: 0.4855 | dt: 2951.73ms | tok/sec: 22202.60
step  7780 | loss: 3.613400 | lr 1.2684e-04 | norm: 0.4586 | dt: 2948.27ms | tok/sec: 22228.60
step  7781 | loss: 3.394779 | lr 1.2678e-04 | norm: 0.5040 | dt: 2976.11ms | tok/sec: 22020.69
step  7782 | loss: 3.473361 | lr 1.2672e-04 | norm: 0.4598 | dt: 2946.20ms | tok/sec: 22244.22
step  7783 | loss: 3.329852 | lr 1.2666e-04 | norm: 0.4565 | dt: 2947.85ms | tok/sec: 22231.81
step  7784 | loss: 3.435294 | lr 1.2660e-04 | norm: 0.4445 | dt: 2946.09ms | tok/sec: 22245.05
step  7785 | loss: 3.568486 | lr 1.2655e-04 | norm: 0.4722 | dt: 2944.61ms | tok/sec: 22256.22
step  7786 | loss: 3.517605 | lr 1.2649e-04 | norm: 0.4487 | dt: 2943.52ms | tok/sec: 22264.51
step  7787 | loss: 3.566722 | lr 1.2643e-04 | norm: 0.4356 | dt: 2947.60ms | tok/sec: 22233.70
step  7788 | loss: 3.694041 | lr 1.2638e-04 | norm: 0.4810 | dt: 2951.37ms | tok/sec: 22205.30
step  7789 | loss: 3.660211 | lr 1.2632e-04 | norm: 0.4506 | dt: 2943.68ms | tok/sec: 22263.25
step  7790 | loss: 3.599609 | lr 1.2626e-04 | norm: 0.4800 | dt: 2934.59ms | tok/sec: 22332.21
step  7791 | loss: 3.665507 | lr 1.2620e-04 | norm: 0.4846 | dt: 2938.18ms | tok/sec: 22304.96
step  7792 | loss: 3.578537 | lr 1.2615e-04 | norm: 0.4566 | dt: 2945.76ms | tok/sec: 22247.60
step  7793 | loss: 3.591483 | lr 1.2609e-04 | norm: 0.4574 | dt: 2945.98ms | tok/sec: 22245.92
step  7794 | loss: 3.519109 | lr 1.2603e-04 | norm: 0.4709 | dt: 2953.82ms | tok/sec: 22186.83
step  7795 | loss: 3.606632 | lr 1.2597e-04 | norm: 0.4576 | dt: 2963.21ms | tok/sec: 22116.57
step  7796 | loss: 3.688179 | lr 1.2592e-04 | norm: 0.5079 | dt: 2966.84ms | tok/sec: 22089.52
step  7797 | loss: 3.751178 | lr 1.2586e-04 | norm: 0.4907 | dt: 2948.00ms | tok/sec: 22230.64
step  7798 | loss: 3.660861 | lr 1.2580e-04 | norm: 0.4535 | dt: 2944.23ms | tok/sec: 22259.13
step  7799 | loss: 3.656715 | lr 1.2574e-04 | norm: 0.4789 | dt: 2936.13ms | tok/sec: 22320.56
step  7800 | loss: 3.597214 | lr 1.2569e-04 | norm: 0.5027 | dt: 2951.05ms | tok/sec: 22207.66
step  7801 | loss: 3.469936 | lr 1.2563e-04 | norm: 0.4684 | dt: 2950.84ms | tok/sec: 22209.28
step  7802 | loss: 3.661308 | lr 1.2557e-04 | norm: 0.5002 | dt: 2968.98ms | tok/sec: 22073.59
step  7803 | loss: 3.568065 | lr 1.2552e-04 | norm: 0.4931 | dt: 2951.43ms | tok/sec: 22204.85
step  7804 | loss: 3.530882 | lr 1.2546e-04 | norm: 0.4649 | dt: 2949.20ms | tok/sec: 22221.65
step  7805 | loss: 3.514410 | lr 1.2540e-04 | norm: 0.4951 | dt: 2942.27ms | tok/sec: 22273.93
step  7806 | loss: 3.686874 | lr 1.2534e-04 | norm: 0.4631 | dt: 2943.12ms | tok/sec: 22267.54
step  7807 | loss: 3.383611 | lr 1.2529e-04 | norm: 0.6818 | dt: 2944.53ms | tok/sec: 22256.90
step  7808 | loss: 3.730778 | lr 1.2523e-04 | norm: 0.4759 | dt: 2941.38ms | tok/sec: 22280.69
step  7809 | loss: 3.692379 | lr 1.2517e-04 | norm: 0.4701 | dt: 2942.13ms | tok/sec: 22275.01
step  7810 | loss: 3.613890 | lr 1.2512e-04 | norm: 0.4621 | dt: 2933.97ms | tok/sec: 22336.94
step  7811 | loss: 3.699519 | lr 1.2506e-04 | norm: 0.5521 | dt: 2954.26ms | tok/sec: 22183.55
step  7812 | loss: 3.734322 | lr 1.2500e-04 | norm: 0.4786 | dt: 2940.33ms | tok/sec: 22288.67
step  7813 | loss: 3.681428 | lr 1.2495e-04 | norm: 0.4491 | dt: 2940.67ms | tok/sec: 22286.08
step  7814 | loss: 3.613272 | lr 1.2489e-04 | norm: 0.4624 | dt: 2948.94ms | tok/sec: 22223.57
step  7815 | loss: 3.653155 | lr 1.2483e-04 | norm: 0.5107 | dt: 2968.96ms | tok/sec: 22073.73
step  7816 | loss: 3.629694 | lr 1.2478e-04 | norm: 0.4841 | dt: 2961.22ms | tok/sec: 22131.42
step  7817 | loss: 3.719296 | lr 1.2472e-04 | norm: 0.5959 | dt: 2941.81ms | tok/sec: 22277.46
step  7818 | loss: 3.685039 | lr 1.2466e-04 | norm: 0.9416 | dt: 2940.40ms | tok/sec: 22288.16
step  7819 | loss: 3.552480 | lr 1.2461e-04 | norm: 0.5147 | dt: 2947.61ms | tok/sec: 22233.59
step  7820 | loss: 3.762959 | lr 1.2455e-04 | norm: 0.5423 | dt: 2947.63ms | tok/sec: 22233.46
step  7821 | loss: 3.628340 | lr 1.2449e-04 | norm: 0.4727 | dt: 2947.33ms | tok/sec: 22235.70
step  7822 | loss: 3.723601 | lr 1.2444e-04 | norm: 0.4647 | dt: 2981.36ms | tok/sec: 21981.95
step  7823 | loss: 3.613883 | lr 1.2438e-04 | norm: 0.4740 | dt: 2947.23ms | tok/sec: 22236.47
step  7824 | loss: 3.564265 | lr 1.2432e-04 | norm: 0.4878 | dt: 2947.21ms | tok/sec: 22236.65
step  7825 | loss: 3.561721 | lr 1.2427e-04 | norm: 0.4743 | dt: 2948.55ms | tok/sec: 22226.54
step  7826 | loss: 3.609720 | lr 1.2421e-04 | norm: 0.4565 | dt: 2945.07ms | tok/sec: 22252.75
step  7827 | loss: 3.659488 | lr 1.2415e-04 | norm: 0.4891 | dt: 2946.00ms | tok/sec: 22245.74
step  7828 | loss: 3.718396 | lr 1.2410e-04 | norm: 0.4923 | dt: 2945.66ms | tok/sec: 22248.35
step  7829 | loss: 3.646464 | lr 1.2404e-04 | norm: 0.4410 | dt: 2945.62ms | tok/sec: 22248.61
step  7830 | loss: 3.663652 | lr 1.2398e-04 | norm: 0.4913 | dt: 2943.66ms | tok/sec: 22263.42
step  7831 | loss: 3.603497 | lr 1.2393e-04 | norm: 0.4893 | dt: 2936.13ms | tok/sec: 22320.51
step  7832 | loss: 3.850461 | lr 1.2387e-04 | norm: 0.4678 | dt: 2946.99ms | tok/sec: 22238.27
step  7833 | loss: 3.562126 | lr 1.2381e-04 | norm: 0.4734 | dt: 2940.70ms | tok/sec: 22285.85
step  7834 | loss: 3.859939 | lr 1.2376e-04 | norm: 0.4851 | dt: 2938.22ms | tok/sec: 22304.64
step  7835 | loss: 3.688598 | lr 1.2370e-04 | norm: 0.4430 | dt: 2973.00ms | tok/sec: 22043.72
step  7836 | loss: 3.566853 | lr 1.2364e-04 | norm: 0.5209 | dt: 2943.89ms | tok/sec: 22261.67
step  7837 | loss: 3.651996 | lr 1.2359e-04 | norm: 0.5335 | dt: 2965.51ms | tok/sec: 22099.38
step  7838 | loss: 3.702357 | lr 1.2353e-04 | norm: 0.5187 | dt: 2940.22ms | tok/sec: 22289.45
step  7839 | loss: 3.621202 | lr 1.2347e-04 | norm: 0.4866 | dt: 2942.35ms | tok/sec: 22273.32
step  7840 | loss: 3.595736 | lr 1.2342e-04 | norm: 0.4774 | dt: 2941.30ms | tok/sec: 22281.33
step  7841 | loss: 3.650591 | lr 1.2336e-04 | norm: 0.6715 | dt: 2945.27ms | tok/sec: 22251.29
step  7842 | loss: 3.655710 | lr 1.2331e-04 | norm: 0.5229 | dt: 2983.88ms | tok/sec: 21963.33
step  7843 | loss: 3.662606 | lr 1.2325e-04 | norm: 0.4973 | dt: 2945.27ms | tok/sec: 22251.28
step  7844 | loss: 3.725436 | lr 1.2319e-04 | norm: 0.4597 | dt: 2946.84ms | tok/sec: 22239.43
step  7845 | loss: 3.554698 | lr 1.2314e-04 | norm: 0.4526 | dt: 2947.76ms | tok/sec: 22232.51
step  7846 | loss: 3.658250 | lr 1.2308e-04 | norm: 0.4521 | dt: 2938.07ms | tok/sec: 22305.79
step  7847 | loss: 3.527102 | lr 1.2302e-04 | norm: 0.5135 | dt: 2934.88ms | tok/sec: 22330.05
step  7848 | loss: 3.657230 | lr 1.2297e-04 | norm: 0.4672 | dt: 2938.33ms | tok/sec: 22303.83
step  7849 | loss: 3.661051 | lr 1.2291e-04 | norm: 0.4982 | dt: 2939.73ms | tok/sec: 22293.20
step  7850 | loss: 3.744396 | lr 1.2286e-04 | norm: 0.4760 | dt: 2938.04ms | tok/sec: 22306.03
step  7851 | loss: 3.697205 | lr 1.2280e-04 | norm: 0.4702 | dt: 2937.30ms | tok/sec: 22311.61
step  7852 | loss: 3.559366 | lr 1.2274e-04 | norm: 0.4681 | dt: 2937.80ms | tok/sec: 22307.88
step  7853 | loss: 3.691761 | lr 1.2269e-04 | norm: 0.4475 | dt: 2947.61ms | tok/sec: 22233.57
step  7854 | loss: 3.530602 | lr 1.2263e-04 | norm: 0.5816 | dt: 2945.71ms | tok/sec: 22247.97
step  7855 | loss: 3.616089 | lr 1.2258e-04 | norm: 0.4699 | dt: 2939.37ms | tok/sec: 22295.95
step  7856 | loss: 3.563005 | lr 1.2252e-04 | norm: 0.4505 | dt: 2957.55ms | tok/sec: 22158.90
step  7857 | loss: 3.666758 | lr 1.2246e-04 | norm: 0.4716 | dt: 2963.13ms | tok/sec: 22117.15
step  7858 | loss: 3.605172 | lr 1.2241e-04 | norm: 0.4552 | dt: 2945.74ms | tok/sec: 22247.73
step  7859 | loss: 3.530274 | lr 1.2235e-04 | norm: 0.4828 | dt: 2942.43ms | tok/sec: 22272.76
step  7860 | loss: 3.647337 | lr 1.2230e-04 | norm: 0.5416 | dt: 2942.75ms | tok/sec: 22270.31
step  7861 | loss: 3.616621 | lr 1.2224e-04 | norm: 0.4402 | dt: 2940.62ms | tok/sec: 22286.49
step  7862 | loss: 3.609656 | lr 1.2218e-04 | norm: 0.4668 | dt: 2943.76ms | tok/sec: 22262.67
step  7863 | loss: 3.502488 | lr 1.2213e-04 | norm: 0.4218 | dt: 2971.94ms | tok/sec: 22051.59
step  7864 | loss: 3.583587 | lr 1.2207e-04 | norm: 0.5267 | dt: 2946.39ms | tok/sec: 22242.80
step  7865 | loss: 3.480768 | lr 1.2202e-04 | norm: 0.4378 | dt: 2944.99ms | tok/sec: 22253.41
step  7866 | loss: 3.600147 | lr 1.2196e-04 | norm: 0.4486 | dt: 2937.55ms | tok/sec: 22309.78
step  7867 | loss: 3.649351 | lr 1.2191e-04 | norm: 0.4717 | dt: 2951.41ms | tok/sec: 22205.00
step  7868 | loss: 3.678023 | lr 1.2185e-04 | norm: 0.4675 | dt: 2936.80ms | tok/sec: 22315.46
step  7869 | loss: 3.662445 | lr 1.2179e-04 | norm: 0.4579 | dt: 2955.78ms | tok/sec: 22172.14
step  7870 | loss: 3.634707 | lr 1.2174e-04 | norm: 0.4291 | dt: 2937.68ms | tok/sec: 22308.73
step  7871 | loss: 3.686835 | lr 1.2168e-04 | norm: 0.4905 | dt: 2936.23ms | tok/sec: 22319.81
step  7872 | loss: 3.546025 | lr 1.2163e-04 | norm: 0.4469 | dt: 2950.11ms | tok/sec: 22214.77
step  7873 | loss: 3.685546 | lr 1.2157e-04 | norm: 0.4626 | dt: 2943.37ms | tok/sec: 22265.67
step  7874 | loss: 3.613100 | lr 1.2152e-04 | norm: 0.4915 | dt: 2947.77ms | tok/sec: 22232.43
step  7875 | loss: 3.629893 | lr 1.2146e-04 | norm: 0.4510 | dt: 2940.89ms | tok/sec: 22284.45
step  7876 | loss: 3.558984 | lr 1.2141e-04 | norm: 0.4726 | dt: 2941.12ms | tok/sec: 22282.65
step  7877 | loss: 3.620387 | lr 1.2135e-04 | norm: 0.4707 | dt: 2965.80ms | tok/sec: 22097.27
step  7878 | loss: 3.685094 | lr 1.2129e-04 | norm: 0.4830 | dt: 2942.50ms | tok/sec: 22272.22
step  7879 | loss: 3.650890 | lr 1.2124e-04 | norm: 0.5378 | dt: 2944.38ms | tok/sec: 22258.02
step  7880 | loss: 3.658324 | lr 1.2118e-04 | norm: 0.4935 | dt: 2936.24ms | tok/sec: 22319.70
step  7881 | loss: 3.606546 | lr 1.2113e-04 | norm: 0.4734 | dt: 2943.25ms | tok/sec: 22266.55
step  7882 | loss: 3.572552 | lr 1.2107e-04 | norm: 0.4338 | dt: 2938.87ms | tok/sec: 22299.74
step  7883 | loss: 3.630143 | lr 1.2102e-04 | norm: 0.4627 | dt: 2982.08ms | tok/sec: 21976.61
step  7884 | loss: 3.578172 | lr 1.2096e-04 | norm: 0.4373 | dt: 2941.66ms | tok/sec: 22278.55
step  7885 | loss: 3.525656 | lr 1.2091e-04 | norm: 0.4604 | dt: 2948.85ms | tok/sec: 22224.23
step  7886 | loss: 3.665124 | lr 1.2085e-04 | norm: 0.4215 | dt: 2951.21ms | tok/sec: 22206.52
step  7887 | loss: 3.623184 | lr 1.2080e-04 | norm: 0.4610 | dt: 2940.77ms | tok/sec: 22285.34
step  7888 | loss: 3.506184 | lr 1.2074e-04 | norm: 0.4886 | dt: 2944.20ms | tok/sec: 22259.32
step  7889 | loss: 3.489407 | lr 1.2069e-04 | norm: 0.4641 | dt: 2930.47ms | tok/sec: 22363.68
step  7890 | loss: 3.832175 | lr 1.2063e-04 | norm: 0.5367 | dt: 2952.76ms | tok/sec: 22194.82
step  7891 | loss: 3.706189 | lr 1.2057e-04 | norm: 0.4688 | dt: 2932.46ms | tok/sec: 22348.45
step  7892 | loss: 3.599044 | lr 1.2052e-04 | norm: 0.4736 | dt: 2944.76ms | tok/sec: 22255.13
step  7893 | loss: 3.542049 | lr 1.2046e-04 | norm: 0.4901 | dt: 2945.02ms | tok/sec: 22253.17
step  7894 | loss: 3.557498 | lr 1.2041e-04 | norm: 0.4731 | dt: 2947.26ms | tok/sec: 22236.27
step  7895 | loss: 3.617225 | lr 1.2035e-04 | norm: 0.4632 | dt: 2949.54ms | tok/sec: 22219.05
step  7896 | loss: 3.585387 | lr 1.2030e-04 | norm: 0.4929 | dt: 2968.89ms | tok/sec: 22074.26
step  7897 | loss: 3.640980 | lr 1.2024e-04 | norm: 0.4716 | dt: 2970.67ms | tok/sec: 22061.01
step  7898 | loss: 3.567120 | lr 1.2019e-04 | norm: 0.5368 | dt: 2952.22ms | tok/sec: 22198.88
step  7899 | loss: 3.648877 | lr 1.2013e-04 | norm: 0.4570 | dt: 2943.27ms | tok/sec: 22266.39
step  7900 | loss: 3.586137 | lr 1.2008e-04 | norm: 0.4656 | dt: 2949.67ms | tok/sec: 22218.05
step  7901 | loss: 3.695081 | lr 1.2002e-04 | norm: 0.4547 | dt: 2945.06ms | tok/sec: 22252.87
step  7902 | loss: 3.652683 | lr 1.1997e-04 | norm: 0.5036 | dt: 2943.60ms | tok/sec: 22263.91
step  7903 | loss: 3.518754 | lr 1.1991e-04 | norm: 0.4654 | dt: 2978.13ms | tok/sec: 22005.72
step  7904 | loss: 3.671982 | lr 1.1986e-04 | norm: 0.4729 | dt: 2936.59ms | tok/sec: 22317.07
step  7905 | loss: 3.632579 | lr 1.1980e-04 | norm: 0.4462 | dt: 2942.63ms | tok/sec: 22271.25
step  7906 | loss: 3.898659 | lr 1.1975e-04 | norm: 0.8673 | dt: 2946.42ms | tok/sec: 22242.58
step  7907 | loss: 3.445610 | lr 1.1969e-04 | norm: 0.5295 | dt: 2944.76ms | tok/sec: 22255.11
step  7908 | loss: 3.650616 | lr 1.1964e-04 | norm: 0.5276 | dt: 2947.07ms | tok/sec: 22237.67
step  7909 | loss: 3.679113 | lr 1.1958e-04 | norm: 0.4884 | dt: 2940.37ms | tok/sec: 22288.37
step  7910 | loss: 3.647243 | lr 1.1953e-04 | norm: 0.4551 | dt: 2942.01ms | tok/sec: 22275.94
step  7911 | loss: 3.504575 | lr 1.1948e-04 | norm: 0.4629 | dt: 2943.01ms | tok/sec: 22268.40
step  7912 | loss: 3.561468 | lr 1.1942e-04 | norm: 0.5739 | dt: 2938.45ms | tok/sec: 22302.93
step  7913 | loss: 3.437549 | lr 1.1937e-04 | norm: 0.6021 | dt: 2935.48ms | tok/sec: 22325.51
step  7914 | loss: 3.735516 | lr 1.1931e-04 | norm: 0.4690 | dt: 2940.34ms | tok/sec: 22288.60
step  7915 | loss: 3.575206 | lr 1.1926e-04 | norm: 0.4620 | dt: 2929.17ms | tok/sec: 22373.58
step  7916 | loss: 3.558990 | lr 1.1920e-04 | norm: 0.4554 | dt: 2958.65ms | tok/sec: 22150.66
step  7917 | loss: 3.650458 | lr 1.1915e-04 | norm: 0.4782 | dt: 2944.01ms | tok/sec: 22260.83
step  7918 | loss: 3.549787 | lr 1.1909e-04 | norm: 0.5305 | dt: 2973.22ms | tok/sec: 22042.13
step  7919 | loss: 3.813321 | lr 1.1904e-04 | norm: 0.5096 | dt: 2953.40ms | tok/sec: 22190.05
step  7920 | loss: 3.563353 | lr 1.1898e-04 | norm: 0.4783 | dt: 2936.94ms | tok/sec: 22314.40
step  7921 | loss: 3.608955 | lr 1.1893e-04 | norm: 0.4889 | dt: 2939.62ms | tok/sec: 22294.07
step  7922 | loss: 3.596874 | lr 1.1887e-04 | norm: 0.4293 | dt: 2945.43ms | tok/sec: 22250.07
step  7923 | loss: 3.511193 | lr 1.1882e-04 | norm: 0.4884 | dt: 2947.69ms | tok/sec: 22232.97
step  7924 | loss: 3.566241 | lr 1.1877e-04 | norm: 0.4455 | dt: 2986.03ms | tok/sec: 21947.56
step  7925 | loss: 3.716495 | lr 1.1871e-04 | norm: 0.5509 | dt: 2946.96ms | tok/sec: 22238.51
step  7926 | loss: 3.569034 | lr 1.1866e-04 | norm: 0.4784 | dt: 2942.43ms | tok/sec: 22272.77
step  7927 | loss: 3.592935 | lr 1.1860e-04 | norm: 0.4878 | dt: 2943.83ms | tok/sec: 22262.12
step  7928 | loss: 3.533068 | lr 1.1855e-04 | norm: 0.4736 | dt: 2947.91ms | tok/sec: 22231.35
step  7929 | loss: 3.564757 | lr 1.1849e-04 | norm: 0.4559 | dt: 2947.28ms | tok/sec: 22236.12
step  7930 | loss: 3.629311 | lr 1.1844e-04 | norm: 0.4730 | dt: 2944.33ms | tok/sec: 22258.40
step  7931 | loss: 3.541337 | lr 1.1838e-04 | norm: 0.4559 | dt: 2966.65ms | tok/sec: 22090.88
step  7932 | loss: 3.736408 | lr 1.1833e-04 | norm: 0.4771 | dt: 2936.87ms | tok/sec: 22314.95
step  7933 | loss: 3.568692 | lr 1.1828e-04 | norm: 0.4790 | dt: 2942.68ms | tok/sec: 22270.85
step  7934 | loss: 3.746949 | lr 1.1822e-04 | norm: 0.5523 | dt: 2951.34ms | tok/sec: 22205.54
step  7935 | loss: 3.660926 | lr 1.1817e-04 | norm: 0.4542 | dt: 2928.36ms | tok/sec: 22379.75
step  7936 | loss: 3.723552 | lr 1.1811e-04 | norm: 0.4630 | dt: 2942.37ms | tok/sec: 22273.17
step  7937 | loss: 3.583008 | lr 1.1806e-04 | norm: 0.4700 | dt: 2944.20ms | tok/sec: 22259.38
step  7938 | loss: 3.664840 | lr 1.1801e-04 | norm: 0.4597 | dt: 2964.02ms | tok/sec: 22110.53
step  7939 | loss: 3.635700 | lr 1.1795e-04 | norm: 0.5144 | dt: 2941.94ms | tok/sec: 22276.47
step  7940 | loss: 3.594956 | lr 1.1790e-04 | norm: 0.5047 | dt: 2937.97ms | tok/sec: 22306.58
step  7941 | loss: 3.602782 | lr 1.1784e-04 | norm: 0.4305 | dt: 2939.67ms | tok/sec: 22293.64
step  7942 | loss: 3.669441 | lr 1.1779e-04 | norm: 0.4646 | dt: 2946.47ms | tok/sec: 22242.18
step  7943 | loss: 3.639858 | lr 1.1773e-04 | norm: 0.5755 | dt: 2927.86ms | tok/sec: 22383.60
step  7944 | loss: 3.514755 | lr 1.1768e-04 | norm: 0.5230 | dt: 2984.49ms | tok/sec: 21958.87
step  7945 | loss: 3.684950 | lr 1.1763e-04 | norm: 0.5134 | dt: 2942.53ms | tok/sec: 22271.98
step  7946 | loss: 3.497343 | lr 1.1757e-04 | norm: 0.4824 | dt: 2949.16ms | tok/sec: 22221.92
step  7947 | loss: 3.618361 | lr 1.1752e-04 | norm: 0.4723 | dt: 2935.32ms | tok/sec: 22326.70
step  7948 | loss: 3.659816 | lr 1.1746e-04 | norm: 0.5460 | dt: 2933.41ms | tok/sec: 22341.24
step  7949 | loss: 3.689550 | lr 1.1741e-04 | norm: 0.4461 | dt: 2943.60ms | tok/sec: 22263.93
step  7950 | loss: 3.532443 | lr 1.1736e-04 | norm: 0.5469 | dt: 2972.79ms | tok/sec: 22045.25
step  7951 | loss: 3.607434 | lr 1.1730e-04 | norm: 0.4907 | dt: 2934.10ms | tok/sec: 22336.00
step  7952 | loss: 3.621020 | lr 1.1725e-04 | norm: 0.4782 | dt: 2932.01ms | tok/sec: 22351.90
step  7953 | loss: 3.683247 | lr 1.1720e-04 | norm: 0.4636 | dt: 2939.40ms | tok/sec: 22295.71
step  7954 | loss: 3.204720 | lr 1.1714e-04 | norm: 0.7272 | dt: 2942.57ms | tok/sec: 22271.69
step  7955 | loss: 3.476649 | lr 1.1709e-04 | norm: 0.4527 | dt: 2945.15ms | tok/sec: 22252.20
step  7956 | loss: 3.581513 | lr 1.1703e-04 | norm: 0.4722 | dt: 2944.69ms | tok/sec: 22255.64
step  7957 | loss: 3.567735 | lr 1.1698e-04 | norm: 0.4407 | dt: 2949.31ms | tok/sec: 22220.81
step  7958 | loss: 3.597498 | lr 1.1693e-04 | norm: 0.4985 | dt: 2953.51ms | tok/sec: 22189.18
step  7959 | loss: 3.640125 | lr 1.1687e-04 | norm: 0.4455 | dt: 2958.75ms | tok/sec: 22149.89
step  7960 | loss: 3.645565 | lr 1.1682e-04 | norm: 0.6711 | dt: 2944.20ms | tok/sec: 22259.36
step  7961 | loss: 3.533118 | lr 1.1677e-04 | norm: 0.4535 | dt: 2950.62ms | tok/sec: 22210.90
step  7962 | loss: 3.580196 | lr 1.1671e-04 | norm: 0.4861 | dt: 2942.48ms | tok/sec: 22272.35
step  7963 | loss: 3.625654 | lr 1.1666e-04 | norm: 0.4597 | dt: 2938.81ms | tok/sec: 22300.15
step  7964 | loss: 3.622171 | lr 1.1660e-04 | norm: 0.4588 | dt: 2979.49ms | tok/sec: 21995.75
step  7965 | loss: 3.598126 | lr 1.1655e-04 | norm: 0.4528 | dt: 2943.67ms | tok/sec: 22263.39
step  7966 | loss: 3.662361 | lr 1.1650e-04 | norm: 0.4740 | dt: 2936.81ms | tok/sec: 22315.38
step  7967 | loss: 3.597486 | lr 1.1644e-04 | norm: 0.4634 | dt: 2947.23ms | tok/sec: 22236.45
step  7968 | loss: 3.647991 | lr 1.1639e-04 | norm: 0.4656 | dt: 2945.33ms | tok/sec: 22250.78
step  7969 | loss: 3.595231 | lr 1.1634e-04 | norm: 0.4515 | dt: 2957.23ms | tok/sec: 22161.32
step  7970 | loss: 3.713741 | lr 1.1628e-04 | norm: 0.4677 | dt: 2941.90ms | tok/sec: 22276.75
step  7971 | loss: 3.622463 | lr 1.1623e-04 | norm: 0.4371 | dt: 2949.82ms | tok/sec: 22216.92
step  7972 | loss: 3.520672 | lr 1.1618e-04 | norm: 0.4802 | dt: 2937.20ms | tok/sec: 22312.40
step  7973 | loss: 3.525806 | lr 1.1612e-04 | norm: 0.4973 | dt: 2943.53ms | tok/sec: 22264.42
step  7974 | loss: 3.471525 | lr 1.1607e-04 | norm: 0.4347 | dt: 2933.72ms | tok/sec: 22338.87
step  7975 | loss: 3.516182 | lr 1.1602e-04 | norm: 0.4529 | dt: 2940.76ms | tok/sec: 22285.40
step  7976 | loss: 3.557552 | lr 1.1596e-04 | norm: 0.4716 | dt: 2938.61ms | tok/sec: 22301.71
step  7977 | loss: 3.538782 | lr 1.1591e-04 | norm: 0.4339 | dt: 2949.17ms | tok/sec: 22221.82
step  7978 | loss: 3.611895 | lr 1.1586e-04 | norm: 0.4834 | dt: 2943.14ms | tok/sec: 22267.36
step  7979 | loss: 3.582026 | lr 1.1580e-04 | norm: 0.4315 | dt: 2953.61ms | tok/sec: 22188.45
step  7980 | loss: 3.491032 | lr 1.1575e-04 | norm: 0.5168 | dt: 2940.42ms | tok/sec: 22287.96
step  7981 | loss: 3.596465 | lr 1.1570e-04 | norm: 0.4373 | dt: 2942.23ms | tok/sec: 22274.24
step  7982 | loss: 3.549192 | lr 1.1564e-04 | norm: 0.4527 | dt: 2937.17ms | tok/sec: 22312.63
step  7983 | loss: 3.632719 | lr 1.1559e-04 | norm: 0.4705 | dt: 2953.64ms | tok/sec: 22188.25
step  7984 | loss: 3.726418 | lr 1.1554e-04 | norm: 0.4308 | dt: 2940.88ms | tok/sec: 22284.50
step  7985 | loss: 3.507230 | lr 1.1548e-04 | norm: 0.4564 | dt: 2977.99ms | tok/sec: 22006.76
step  7986 | loss: 3.553468 | lr 1.1543e-04 | norm: 0.4497 | dt: 2932.39ms | tok/sec: 22349.01
step  7987 | loss: 3.653765 | lr 1.1538e-04 | norm: 0.4184 | dt: 2937.77ms | tok/sec: 22308.06
step  7988 | loss: 3.525164 | lr 1.1533e-04 | norm: 0.4126 | dt: 2942.93ms | tok/sec: 22268.98
step  7989 | loss: 3.613572 | lr 1.1527e-04 | norm: 0.4699 | dt: 2938.78ms | tok/sec: 22300.43
step  7990 | loss: 3.587385 | lr 1.1522e-04 | norm: 0.4471 | dt: 2942.03ms | tok/sec: 22275.78
step  7991 | loss: 3.598902 | lr 1.1517e-04 | norm: 0.4204 | dt: 2934.59ms | tok/sec: 22332.24
step  7992 | loss: 3.618425 | lr 1.1511e-04 | norm: 0.4217 | dt: 2944.88ms | tok/sec: 22254.25
step  7993 | loss: 3.587564 | lr 1.1506e-04 | norm: 0.4401 | dt: 2943.68ms | tok/sec: 22263.26
step  7994 | loss: 3.537641 | lr 1.1501e-04 | norm: 0.4399 | dt: 2951.30ms | tok/sec: 22205.81
step  7995 | loss: 3.575721 | lr 1.1495e-04 | norm: 0.4429 | dt: 2937.30ms | tok/sec: 22311.67
step  7996 | loss: 3.470228 | lr 1.1490e-04 | norm: 0.4651 | dt: 2939.62ms | tok/sec: 22294.02
step  7997 | loss: 3.580179 | lr 1.1485e-04 | norm: 0.4405 | dt: 2945.18ms | tok/sec: 22251.95
step  7998 | loss: 3.634507 | lr 1.1480e-04 | norm: 0.4747 | dt: 2948.91ms | tok/sec: 22223.84
step  7999 | loss: 3.538110 | lr 1.1474e-04 | norm: 0.5613 | dt: 2952.14ms | tok/sec: 22199.50
validation loss: 3.5520
HellaSwag accuracy: 2616/10042=0.2605
rank 0 sample 0: Hello, I'm a language model, and I don't have any idea on I try to tell you some language models. So, let's just say the
rank 0 sample 1: Hello, I'm a language model, but for the most part, you shouldn't use either .
If you use .NET Framework or .NET Framework,
rank 0 sample 2: Hello, I'm a language model, but I understand how to model it properly. There are many variables and the model is not suitable for the model, so
rank 0 sample 3: Hello, I'm a language model, which takes a large amount of data, which needs to be generated independently in the classroom. A good example of the language
step  8000 | loss: 3.628831 | lr 1.1469e-04 | norm: 0.4985 | dt: 107023.58ms | tok/sec: 612.35
step  8001 | loss: 3.543823 | lr 1.1464e-04 | norm: 0.4429 | dt: 2942.90ms | tok/sec: 22269.19
step  8002 | loss: 3.379599 | lr 1.1458e-04 | norm: 0.6026 | dt: 2936.27ms | tok/sec: 22319.47
step  8003 | loss: 3.599332 | lr 1.1453e-04 | norm: 0.4654 | dt: 2944.67ms | tok/sec: 22255.79
step  8004 | loss: 3.585042 | lr 1.1448e-04 | norm: 0.4569 | dt: 2945.15ms | tok/sec: 22252.15
step  8005 | loss: 3.480909 | lr 1.1443e-04 | norm: 0.4542 | dt: 2973.53ms | tok/sec: 22039.79
step  8006 | loss: 3.523068 | lr 1.1437e-04 | norm: 0.4763 | dt: 2933.89ms | tok/sec: 22337.58
step  8007 | loss: 3.658349 | lr 1.1432e-04 | norm: 0.7176 | dt: 2937.88ms | tok/sec: 22307.23
step  8008 | loss: 3.430765 | lr 1.1427e-04 | norm: 0.4709 | dt: 2940.70ms | tok/sec: 22285.88
step  8009 | loss: 3.492234 | lr 1.1422e-04 | norm: 0.4783 | dt: 2936.99ms | tok/sec: 22314.01
step  8010 | loss: 3.841872 | lr 1.1416e-04 | norm: 0.8206 | dt: 2938.89ms | tok/sec: 22299.54
step  8011 | loss: 3.632294 | lr 1.1411e-04 | norm: 0.5260 | dt: 2976.77ms | tok/sec: 22015.81
step  8012 | loss: 3.719683 | lr 1.1406e-04 | norm: 0.6092 | dt: 2952.29ms | tok/sec: 22198.34
step  8013 | loss: 3.491624 | lr 1.1401e-04 | norm: 0.5224 | dt: 2942.00ms | tok/sec: 22276.00
step  8014 | loss: 3.566061 | lr 1.1395e-04 | norm: 0.4607 | dt: 2942.13ms | tok/sec: 22275.05
step  8015 | loss: 3.605642 | lr 1.1390e-04 | norm: 0.4874 | dt: 2938.43ms | tok/sec: 22303.10
step  8016 | loss: 3.673959 | lr 1.1385e-04 | norm: 0.4432 | dt: 2954.87ms | tok/sec: 22178.97
step  8017 | loss: 3.532514 | lr 1.1380e-04 | norm: 0.4524 | dt: 2940.57ms | tok/sec: 22286.85
step  8018 | loss: 3.620217 | lr 1.1374e-04 | norm: 0.4429 | dt: 2936.92ms | tok/sec: 22314.53
step  8019 | loss: 3.484229 | lr 1.1369e-04 | norm: 0.4609 | dt: 2932.58ms | tok/sec: 22347.58
step  8020 | loss: 3.473983 | lr 1.1364e-04 | norm: 0.7271 | dt: 2939.95ms | tok/sec: 22291.51
step  8021 | loss: 3.572250 | lr 1.1359e-04 | norm: 0.4703 | dt: 2946.26ms | tok/sec: 22243.82
step  8022 | loss: 3.631287 | lr 1.1354e-04 | norm: 0.4942 | dt: 2946.35ms | tok/sec: 22243.11
step  8023 | loss: 3.556936 | lr 1.1348e-04 | norm: 0.4420 | dt: 2942.03ms | tok/sec: 22275.78
step  8024 | loss: 3.524421 | lr 1.1343e-04 | norm: 0.4434 | dt: 2968.56ms | tok/sec: 22076.71
step  8025 | loss: 3.677651 | lr 1.1338e-04 | norm: 0.5042 | dt: 2971.00ms | tok/sec: 22058.53
step  8026 | loss: 3.633094 | lr 1.1333e-04 | norm: 0.4673 | dt: 2953.64ms | tok/sec: 22188.21
step  8027 | loss: 3.647133 | lr 1.1327e-04 | norm: 0.4480 | dt: 2953.67ms | tok/sec: 22187.97
step  8028 | loss: 3.631224 | lr 1.1322e-04 | norm: 0.5892 | dt: 2946.44ms | tok/sec: 22242.44
step  8029 | loss: 3.757869 | lr 1.1317e-04 | norm: 0.4621 | dt: 2942.70ms | tok/sec: 22270.67
step  8030 | loss: 3.537694 | lr 1.1312e-04 | norm: 0.4629 | dt: 2941.38ms | tok/sec: 22280.73
step  8031 | loss: 3.627824 | lr 1.1307e-04 | norm: 0.4957 | dt: 2966.63ms | tok/sec: 22091.02
step  8032 | loss: 3.584584 | lr 1.1301e-04 | norm: 0.4597 | dt: 2950.10ms | tok/sec: 22214.81
step  8033 | loss: 3.658401 | lr 1.1296e-04 | norm: 0.4746 | dt: 2956.87ms | tok/sec: 22163.98
step  8034 | loss: 3.585810 | lr 1.1291e-04 | norm: 0.4473 | dt: 2944.73ms | tok/sec: 22255.38
step  8035 | loss: 3.531123 | lr 1.1286e-04 | norm: 0.4429 | dt: 2940.49ms | tok/sec: 22287.46
step  8036 | loss: 3.606007 | lr 1.1281e-04 | norm: 0.4477 | dt: 2945.86ms | tok/sec: 22246.78
step  8037 | loss: 3.608319 | lr 1.1275e-04 | norm: 0.4481 | dt: 2939.01ms | tok/sec: 22298.65
step  8038 | loss: 3.651894 | lr 1.1270e-04 | norm: 0.4404 | dt: 2944.87ms | tok/sec: 22254.33
step  8039 | loss: 3.742178 | lr 1.1265e-04 | norm: 0.4525 | dt: 2944.17ms | tok/sec: 22259.57
step  8040 | loss: 3.578686 | lr 1.1260e-04 | norm: 0.4549 | dt: 2951.61ms | tok/sec: 22203.47
step  8041 | loss: 3.497926 | lr 1.1255e-04 | norm: 0.4355 | dt: 2953.80ms | tok/sec: 22187.04
step  8042 | loss: 3.516197 | lr 1.1249e-04 | norm: 0.4561 | dt: 2940.29ms | tok/sec: 22288.95
step  8043 | loss: 3.627403 | lr 1.1244e-04 | norm: 0.5122 | dt: 2946.83ms | tok/sec: 22239.46
step  8044 | loss: 3.285801 | lr 1.1239e-04 | norm: 0.4765 | dt: 2944.71ms | tok/sec: 22255.49
step  8045 | loss: 3.604028 | lr 1.1234e-04 | norm: 0.4536 | dt: 2951.23ms | tok/sec: 22206.34
step  8046 | loss: 3.681952 | lr 1.1229e-04 | norm: 0.4900 | dt: 2938.26ms | tok/sec: 22304.37
step  8047 | loss: 3.669997 | lr 1.1224e-04 | norm: 0.4519 | dt: 2943.41ms | tok/sec: 22265.32
step  8048 | loss: 3.718076 | lr 1.1218e-04 | norm: 0.4565 | dt: 2945.58ms | tok/sec: 22248.91
step  8049 | loss: 3.533690 | lr 1.1213e-04 | norm: 0.4724 | dt: 2941.97ms | tok/sec: 22276.23
step  8050 | loss: 3.539065 | lr 1.1208e-04 | norm: 0.4863 | dt: 2954.67ms | tok/sec: 22180.49
step  8051 | loss: 3.571173 | lr 1.1203e-04 | norm: 0.4464 | dt: 2984.38ms | tok/sec: 21959.71
step  8052 | loss: 3.414411 | lr 1.1198e-04 | norm: 0.4567 | dt: 2944.91ms | tok/sec: 22253.99
step  8053 | loss: 3.521267 | lr 1.1193e-04 | norm: 0.5056 | dt: 2956.93ms | tok/sec: 22163.49
step  8054 | loss: 3.592438 | lr 1.1187e-04 | norm: 0.4782 | dt: 2945.05ms | tok/sec: 22252.91
step  8055 | loss: 3.547354 | lr 1.1182e-04 | norm: 0.4926 | dt: 2939.95ms | tok/sec: 22291.52
step  8056 | loss: 3.548505 | lr 1.1177e-04 | norm: 0.4455 | dt: 2947.37ms | tok/sec: 22235.45
step  8057 | loss: 3.560658 | lr 1.1172e-04 | norm: 0.4741 | dt: 2939.10ms | tok/sec: 22298.02
step  8058 | loss: 3.581650 | lr 1.1167e-04 | norm: 0.4695 | dt: 2942.72ms | tok/sec: 22270.53
step  8059 | loss: 3.539729 | lr 1.1162e-04 | norm: 0.4444 | dt: 2937.20ms | tok/sec: 22312.44
step  8060 | loss: 3.424185 | lr 1.1157e-04 | norm: 0.5117 | dt: 2964.95ms | tok/sec: 22103.54
step  8061 | loss: 3.398603 | lr 1.1151e-04 | norm: 0.5263 | dt: 2945.68ms | tok/sec: 22248.19
step  8062 | loss: 3.450217 | lr 1.1146e-04 | norm: 0.4533 | dt: 2939.07ms | tok/sec: 22298.22
step  8063 | loss: 3.444888 | lr 1.1141e-04 | norm: 0.4568 | dt: 2947.53ms | tok/sec: 22234.24
step  8064 | loss: 3.462021 | lr 1.1136e-04 | norm: 0.5181 | dt: 2970.59ms | tok/sec: 22061.64
step  8065 | loss: 3.437927 | lr 1.1131e-04 | norm: 0.4551 | dt: 2941.25ms | tok/sec: 22281.66
step  8066 | loss: 3.469432 | lr 1.1126e-04 | norm: 0.4524 | dt: 2946.93ms | tok/sec: 22238.75
step  8067 | loss: 3.498481 | lr 1.1121e-04 | norm: 0.4631 | dt: 2943.15ms | tok/sec: 22267.29
step  8068 | loss: 3.586248 | lr 1.1115e-04 | norm: 0.5064 | dt: 2947.99ms | tok/sec: 22230.72
step  8069 | loss: 3.381559 | lr 1.1110e-04 | norm: 0.4978 | dt: 2947.63ms | tok/sec: 22233.42
step  8070 | loss: 3.564937 | lr 1.1105e-04 | norm: 0.4405 | dt: 2949.66ms | tok/sec: 22218.14
step  8071 | loss: 3.395975 | lr 1.1100e-04 | norm: 0.4472 | dt: 2945.84ms | tok/sec: 22246.95
step  8072 | loss: 3.481999 | lr 1.1095e-04 | norm: 0.4366 | dt: 2983.09ms | tok/sec: 21969.19
step  8073 | loss: 3.335088 | lr 1.1090e-04 | norm: 0.4698 | dt: 2949.93ms | tok/sec: 22216.09
step  8074 | loss: 3.411537 | lr 1.1085e-04 | norm: 0.4532 | dt: 2948.13ms | tok/sec: 22229.66
step  8075 | loss: 3.541361 | lr 1.1080e-04 | norm: 0.4561 | dt: 2946.86ms | tok/sec: 22239.29
step  8076 | loss: 3.439975 | lr 1.1075e-04 | norm: 0.5003 | dt: 2945.86ms | tok/sec: 22246.84
step  8077 | loss: 3.462873 | lr 1.1069e-04 | norm: 0.4380 | dt: 2942.09ms | tok/sec: 22275.34
step  8078 | loss: 3.518504 | lr 1.1064e-04 | norm: 0.4494 | dt: 2934.24ms | tok/sec: 22334.93
step  8079 | loss: 3.343078 | lr 1.1059e-04 | norm: 0.4375 | dt: 2939.49ms | tok/sec: 22295.06
step  8080 | loss: 3.358729 | lr 1.1054e-04 | norm: 0.4614 | dt: 2954.99ms | tok/sec: 22178.10
step  8081 | loss: 3.552699 | lr 1.1049e-04 | norm: 0.4563 | dt: 2944.72ms | tok/sec: 22255.41
step  8082 | loss: 3.371323 | lr 1.1044e-04 | norm: 0.4368 | dt: 2939.17ms | tok/sec: 22297.45
step  8083 | loss: 3.395574 | lr 1.1039e-04 | norm: 0.4100 | dt: 2951.32ms | tok/sec: 22205.69
step  8084 | loss: 3.595650 | lr 1.1034e-04 | norm: 0.4688 | dt: 2939.51ms | tok/sec: 22294.91
step  8085 | loss: 3.399518 | lr 1.1029e-04 | norm: 0.4351 | dt: 2980.28ms | tok/sec: 21989.86
step  8086 | loss: 3.490706 | lr 1.1024e-04 | norm: 0.5315 | dt: 2937.70ms | tok/sec: 22308.58
step  8087 | loss: 3.534443 | lr 1.1019e-04 | norm: 0.4540 | dt: 2941.27ms | tok/sec: 22281.56
step  8088 | loss: 3.522665 | lr 1.1014e-04 | norm: 0.5006 | dt: 2949.35ms | tok/sec: 22220.48
step  8089 | loss: 3.466974 | lr 1.1008e-04 | norm: 0.4481 | dt: 2940.18ms | tok/sec: 22289.79
step  8090 | loss: 3.547287 | lr 1.1003e-04 | norm: 0.4877 | dt: 2949.24ms | tok/sec: 22221.33
step  8091 | loss: 3.351665 | lr 1.0998e-04 | norm: 0.4267 | dt: 2941.29ms | tok/sec: 22281.40
step  8092 | loss: 3.459206 | lr 1.0993e-04 | norm: 0.4884 | dt: 2985.72ms | tok/sec: 21949.85
step  8093 | loss: 3.550911 | lr 1.0988e-04 | norm: 0.4363 | dt: 2938.39ms | tok/sec: 22303.37
step  8094 | loss: 3.489530 | lr 1.0983e-04 | norm: 0.4757 | dt: 2949.68ms | tok/sec: 22218.02
step  8095 | loss: 3.627732 | lr 1.0978e-04 | norm: 0.4855 | dt: 2939.34ms | tok/sec: 22296.18
step  8096 | loss: 3.466542 | lr 1.0973e-04 | norm: 0.5090 | dt: 2944.08ms | tok/sec: 22260.27
step  8097 | loss: 3.459300 | lr 1.0968e-04 | norm: 0.4303 | dt: 2954.04ms | tok/sec: 22185.24
step  8098 | loss: 3.574253 | lr 1.0963e-04 | norm: 0.4714 | dt: 2935.47ms | tok/sec: 22325.54
step  8099 | loss: 3.279670 | lr 1.0958e-04 | norm: 0.5516 | dt: 2963.92ms | tok/sec: 22111.24
step  8100 | loss: 3.481716 | lr 1.0953e-04 | norm: 0.4993 | dt: 2942.89ms | tok/sec: 22269.30
step  8101 | loss: 3.409042 | lr 1.0948e-04 | norm: 0.4434 | dt: 2962.95ms | tok/sec: 22118.52
step  8102 | loss: 3.407825 | lr 1.0943e-04 | norm: 0.4768 | dt: 2941.08ms | tok/sec: 22282.98
step  8103 | loss: 3.433634 | lr 1.0938e-04 | norm: 0.4315 | dt: 2948.39ms | tok/sec: 22227.74
step  8104 | loss: 3.567374 | lr 1.0933e-04 | norm: 0.4414 | dt: 2943.71ms | tok/sec: 22263.07
step  8105 | loss: 3.181951 | lr 1.0928e-04 | norm: 0.4697 | dt: 2950.27ms | tok/sec: 22213.54
step  8106 | loss: 3.351736 | lr 1.0923e-04 | norm: 0.4535 | dt: 2943.52ms | tok/sec: 22264.53
step  8107 | loss: 3.448606 | lr 1.0918e-04 | norm: 0.4950 | dt: 2947.79ms | tok/sec: 22232.22
step  8108 | loss: 3.511710 | lr 1.0912e-04 | norm: 0.4741 | dt: 2943.66ms | tok/sec: 22263.41
step  8109 | loss: 3.564580 | lr 1.0907e-04 | norm: 0.4869 | dt: 2953.87ms | tok/sec: 22186.52
step  8110 | loss: 3.425064 | lr 1.0902e-04 | norm: 0.4768 | dt: 2940.17ms | tok/sec: 22289.89
step  8111 | loss: 3.724145 | lr 1.0897e-04 | norm: 0.5783 | dt: 2947.09ms | tok/sec: 22237.51
step  8112 | loss: 3.683426 | lr 1.0892e-04 | norm: 0.4796 | dt: 2989.26ms | tok/sec: 21923.81
step  8113 | loss: 3.557953 | lr 1.0887e-04 | norm: 0.4296 | dt: 2939.93ms | tok/sec: 22291.66
step  8114 | loss: 3.410650 | lr 1.0882e-04 | norm: 0.4407 | dt: 2944.76ms | tok/sec: 22255.16
step  8115 | loss: 3.389277 | lr 1.0877e-04 | norm: 0.4474 | dt: 2946.37ms | tok/sec: 22242.98
step  8116 | loss: 3.455920 | lr 1.0872e-04 | norm: 0.4498 | dt: 2938.84ms | tok/sec: 22299.97
step  8117 | loss: 3.678394 | lr 1.0867e-04 | norm: 0.5122 | dt: 2949.63ms | tok/sec: 22218.38
step  8118 | loss: 3.452399 | lr 1.0862e-04 | norm: 0.4273 | dt: 2943.61ms | tok/sec: 22263.85
step  8119 | loss: 3.393328 | lr 1.0857e-04 | norm: 0.4723 | dt: 2942.39ms | tok/sec: 22273.05
step  8120 | loss: 3.409916 | lr 1.0852e-04 | norm: 0.4309 | dt: 2966.44ms | tok/sec: 22092.44
step  8121 | loss: 3.376535 | lr 1.0847e-04 | norm: 0.4687 | dt: 2970.04ms | tok/sec: 22065.66
step  8122 | loss: 3.522779 | lr 1.0842e-04 | norm: 0.4400 | dt: 2948.51ms | tok/sec: 22226.82
step  8123 | loss: 3.484296 | lr 1.0837e-04 | norm: 0.4459 | dt: 2943.34ms | tok/sec: 22265.86
step  8124 | loss: 3.539870 | lr 1.0832e-04 | norm: 0.4730 | dt: 2948.15ms | tok/sec: 22229.54
step  8125 | loss: 3.396886 | lr 1.0827e-04 | norm: 0.4593 | dt: 2939.29ms | tok/sec: 22296.51
step  8126 | loss: 3.444402 | lr 1.0822e-04 | norm: 0.4295 | dt: 2947.39ms | tok/sec: 22235.24
step  8127 | loss: 3.381935 | lr 1.0817e-04 | norm: 0.5067 | dt: 2939.92ms | tok/sec: 22291.74
step  8128 | loss: 3.417708 | lr 1.0812e-04 | norm: 0.4352 | dt: 2951.89ms | tok/sec: 22201.37
step  8129 | loss: 3.528280 | lr 1.0807e-04 | norm: 0.4758 | dt: 2944.04ms | tok/sec: 22260.56
step  8130 | loss: 3.535926 | lr 1.0802e-04 | norm: 0.4338 | dt: 2944.59ms | tok/sec: 22256.44
step  8131 | loss: 3.447047 | lr 1.0797e-04 | norm: 0.4575 | dt: 2954.99ms | tok/sec: 22178.08
step  8132 | loss: 3.420835 | lr 1.0792e-04 | norm: 0.4803 | dt: 2936.77ms | tok/sec: 22315.69
step  8133 | loss: 3.308897 | lr 1.0787e-04 | norm: 0.4397 | dt: 2982.73ms | tok/sec: 21971.85
step  8134 | loss: 3.622829 | lr 1.0782e-04 | norm: 0.6309 | dt: 2952.62ms | tok/sec: 22195.86
step  8135 | loss: 3.302338 | lr 1.0778e-04 | norm: 0.4800 | dt: 2954.01ms | tok/sec: 22185.44
step  8136 | loss: 3.381756 | lr 1.0773e-04 | norm: 0.4720 | dt: 2950.13ms | tok/sec: 22214.60
step  8137 | loss: 3.375691 | lr 1.0768e-04 | norm: 0.4719 | dt: 2948.95ms | tok/sec: 22223.50
step  8138 | loss: 3.483824 | lr 1.0763e-04 | norm: 0.4881 | dt: 2974.57ms | tok/sec: 22032.07
step  8139 | loss: 3.561139 | lr 1.0758e-04 | norm: 0.4990 | dt: 2952.97ms | tok/sec: 22193.23
step  8140 | loss: 3.528056 | lr 1.0753e-04 | norm: 0.4368 | dt: 2953.38ms | tok/sec: 22190.16
step  8141 | loss: 3.535101 | lr 1.0748e-04 | norm: 0.4857 | dt: 2952.25ms | tok/sec: 22198.67
step  8142 | loss: 3.442914 | lr 1.0743e-04 | norm: 0.4569 | dt: 2970.02ms | tok/sec: 22065.82
step  8143 | loss: 3.482524 | lr 1.0738e-04 | norm: 0.5209 | dt: 2943.93ms | tok/sec: 22261.40
step  8144 | loss: 3.431230 | lr 1.0733e-04 | norm: 0.4490 | dt: 2939.29ms | tok/sec: 22296.53
step  8145 | loss: 3.453851 | lr 1.0728e-04 | norm: 0.4627 | dt: 2953.42ms | tok/sec: 22189.90
step  8146 | loss: 3.382112 | lr 1.0723e-04 | norm: 0.4630 | dt: 2949.93ms | tok/sec: 22216.08
step  8147 | loss: 3.528343 | lr 1.0718e-04 | norm: 0.4561 | dt: 2949.34ms | tok/sec: 22220.59
step  8148 | loss: 3.484442 | lr 1.0713e-04 | norm: 0.4637 | dt: 2949.70ms | tok/sec: 22217.84
step  8149 | loss: 3.632908 | lr 1.0708e-04 | norm: 0.4938 | dt: 2946.18ms | tok/sec: 22244.43
step  8150 | loss: 3.417023 | lr 1.0703e-04 | norm: 0.4564 | dt: 2950.06ms | tok/sec: 22215.16
step  8151 | loss: 3.464333 | lr 1.0698e-04 | norm: 0.4280 | dt: 2946.92ms | tok/sec: 22238.83
step  8152 | loss: 3.582707 | lr 1.0693e-04 | norm: 0.5084 | dt: 2947.01ms | tok/sec: 22238.11
step  8153 | loss: 3.555955 | lr 1.0689e-04 | norm: 0.5246 | dt: 2991.44ms | tok/sec: 21907.88
step  8154 | loss: 3.564452 | lr 1.0684e-04 | norm: 0.4562 | dt: 2948.61ms | tok/sec: 22226.08
step  8155 | loss: 3.594560 | lr 1.0679e-04 | norm: 0.4525 | dt: 2944.18ms | tok/sec: 22259.51
step  8156 | loss: 3.498754 | lr 1.0674e-04 | norm: 0.4795 | dt: 2944.94ms | tok/sec: 22253.74
step  8157 | loss: 3.620409 | lr 1.0669e-04 | norm: 0.4775 | dt: 2948.22ms | tok/sec: 22229.00
step  8158 | loss: 3.637599 | lr 1.0664e-04 | norm: 0.4347 | dt: 2954.64ms | tok/sec: 22180.69
step  8159 | loss: 3.598567 | lr 1.0659e-04 | norm: 0.4518 | dt: 2943.32ms | tok/sec: 22266.00
step  8160 | loss: 3.907714 | lr 1.0654e-04 | norm: 0.6295 | dt: 2941.62ms | tok/sec: 22278.92
step  8161 | loss: 3.731829 | lr 1.0649e-04 | norm: 0.4724 | dt: 2947.69ms | tok/sec: 22233.01
step  8162 | loss: 3.575101 | lr 1.0644e-04 | norm: 0.4581 | dt: 2969.45ms | tok/sec: 22070.10
step  8163 | loss: 3.637709 | lr 1.0639e-04 | norm: 0.4915 | dt: 2954.54ms | tok/sec: 22181.48
step  8164 | loss: 3.547707 | lr 1.0634e-04 | norm: 0.4602 | dt: 2947.68ms | tok/sec: 22233.06
step  8165 | loss: 3.651116 | lr 1.0630e-04 | norm: 0.4810 | dt: 2947.80ms | tok/sec: 22232.16
step  8166 | loss: 3.628061 | lr 1.0625e-04 | norm: 0.4773 | dt: 2959.39ms | tok/sec: 22145.13
step  8167 | loss: 3.757160 | lr 1.0620e-04 | norm: 0.5515 | dt: 2939.20ms | tok/sec: 22297.20
step  8168 | loss: 3.800289 | lr 1.0615e-04 | norm: 0.4661 | dt: 2951.96ms | tok/sec: 22200.83
step  8169 | loss: 3.599710 | lr 1.0610e-04 | norm: 0.4533 | dt: 2940.58ms | tok/sec: 22286.77
step  8170 | loss: 3.531534 | lr 1.0605e-04 | norm: 0.4672 | dt: 2949.49ms | tok/sec: 22219.41
step  8171 | loss: 3.550908 | lr 1.0600e-04 | norm: 0.4567 | dt: 2950.62ms | tok/sec: 22210.94
step  8172 | loss: 3.611533 | lr 1.0595e-04 | norm: 0.4525 | dt: 2953.11ms | tok/sec: 22192.18
step  8173 | loss: 3.553406 | lr 1.0590e-04 | norm: 0.4434 | dt: 2983.93ms | tok/sec: 21963.01
step  8174 | loss: 3.714566 | lr 1.0586e-04 | norm: 0.5004 | dt: 2942.52ms | tok/sec: 22272.08
step  8175 | loss: 3.529307 | lr 1.0581e-04 | norm: 0.5019 | dt: 2950.51ms | tok/sec: 22211.76
step  8176 | loss: 3.592529 | lr 1.0576e-04 | norm: 0.4739 | dt: 2942.58ms | tok/sec: 22271.63
step  8177 | loss: 3.633501 | lr 1.0571e-04 | norm: 0.4371 | dt: 2943.75ms | tok/sec: 22262.74
step  8178 | loss: 3.605430 | lr 1.0566e-04 | norm: 0.4883 | dt: 2938.20ms | tok/sec: 22304.79
step  8179 | loss: 3.514514 | lr 1.0561e-04 | norm: 0.5492 | dt: 2946.37ms | tok/sec: 22243.00
step  8180 | loss: 3.663702 | lr 1.0556e-04 | norm: 0.4542 | dt: 2935.32ms | tok/sec: 22326.67
step  8181 | loss: 3.753869 | lr 1.0552e-04 | norm: 0.4842 | dt: 2948.45ms | tok/sec: 22227.24
step  8182 | loss: 3.613579 | lr 1.0547e-04 | norm: 0.4724 | dt: 2964.59ms | tok/sec: 22106.25
step  8183 | loss: 3.752105 | lr 1.0542e-04 | norm: 0.4814 | dt: 2936.29ms | tok/sec: 22319.31
step  8184 | loss: 3.462492 | lr 1.0537e-04 | norm: 0.4510 | dt: 2933.54ms | tok/sec: 22340.28
step  8185 | loss: 3.815647 | lr 1.0532e-04 | norm: 0.5303 | dt: 2945.29ms | tok/sec: 22251.12
step  8186 | loss: 3.707525 | lr 1.0527e-04 | norm: 0.4355 | dt: 2961.68ms | tok/sec: 22128.00
step  8187 | loss: 3.765753 | lr 1.0522e-04 | norm: 0.6503 | dt: 2944.35ms | tok/sec: 22258.21
step  8188 | loss: 3.551740 | lr 1.0518e-04 | norm: 0.4908 | dt: 2940.48ms | tok/sec: 22287.50
step  8189 | loss: 3.578193 | lr 1.0513e-04 | norm: 0.5579 | dt: 2954.50ms | tok/sec: 22181.74
step  8190 | loss: 3.552153 | lr 1.0508e-04 | norm: 0.4590 | dt: 2945.55ms | tok/sec: 22249.13
step  8191 | loss: 3.636283 | lr 1.0503e-04 | norm: 0.4606 | dt: 2945.56ms | tok/sec: 22249.06
step  8192 | loss: 3.708914 | lr 1.0498e-04 | norm: 0.5281 | dt: 2946.28ms | tok/sec: 22243.65
step  8193 | loss: 3.612982 | lr 1.0493e-04 | norm: 0.5237 | dt: 2937.67ms | tok/sec: 22308.85
step  8194 | loss: 3.574243 | lr 1.0489e-04 | norm: 0.4527 | dt: 2968.09ms | tok/sec: 22080.22
step  8195 | loss: 3.723190 | lr 1.0484e-04 | norm: 0.4995 | dt: 2957.96ms | tok/sec: 22155.81
step  8196 | loss: 3.459123 | lr 1.0479e-04 | norm: 0.5300 | dt: 2952.10ms | tok/sec: 22199.82
step  8197 | loss: 3.512782 | lr 1.0474e-04 | norm: 0.4599 | dt: 2943.54ms | tok/sec: 22264.36
step  8198 | loss: 3.676904 | lr 1.0469e-04 | norm: 0.4913 | dt: 2957.32ms | tok/sec: 22160.57
step  8199 | loss: 3.589231 | lr 1.0464e-04 | norm: 0.4717 | dt: 2939.70ms | tok/sec: 22293.42
step  8200 | loss: 3.676629 | lr 1.0460e-04 | norm: 0.4666 | dt: 2941.52ms | tok/sec: 22279.67
step  8201 | loss: 3.709287 | lr 1.0455e-04 | norm: 0.4897 | dt: 2954.19ms | tok/sec: 22184.09
step  8202 | loss: 3.681945 | lr 1.0450e-04 | norm: 0.4751 | dt: 2940.14ms | tok/sec: 22290.11
step  8203 | loss: 3.715181 | lr 1.0445e-04 | norm: 0.7006 | dt: 2959.60ms | tok/sec: 22143.55
step  8204 | loss: 3.675310 | lr 1.0440e-04 | norm: 0.4873 | dt: 2942.39ms | tok/sec: 22273.05
step  8205 | loss: 3.619200 | lr 1.0436e-04 | norm: 0.4724 | dt: 2942.58ms | tok/sec: 22271.60
step  8206 | loss: 3.633933 | lr 1.0431e-04 | norm: 0.4893 | dt: 2952.38ms | tok/sec: 22197.71
step  8207 | loss: 3.683368 | lr 1.0426e-04 | norm: 0.4794 | dt: 2961.95ms | tok/sec: 22125.96
step  8208 | loss: 3.632748 | lr 1.0421e-04 | norm: 0.4646 | dt: 2946.21ms | tok/sec: 22244.21
step  8209 | loss: 3.590708 | lr 1.0416e-04 | norm: 0.4746 | dt: 2950.74ms | tok/sec: 22210.03
step  8210 | loss: 3.630734 | lr 1.0412e-04 | norm: 0.4785 | dt: 2949.93ms | tok/sec: 22216.11
step  8211 | loss: 3.617928 | lr 1.0407e-04 | norm: 0.5124 | dt: 2951.00ms | tok/sec: 22208.03
step  8212 | loss: 3.829962 | lr 1.0402e-04 | norm: 0.5070 | dt: 2939.03ms | tok/sec: 22298.54
step  8213 | loss: 3.613209 | lr 1.0397e-04 | norm: 0.4584 | dt: 2937.20ms | tok/sec: 22312.41
step  8214 | loss: 3.602044 | lr 1.0392e-04 | norm: 0.4711 | dt: 2965.39ms | tok/sec: 22100.28
step  8215 | loss: 3.435305 | lr 1.0388e-04 | norm: 0.4326 | dt: 2933.33ms | tok/sec: 22341.81
step  8216 | loss: 3.547312 | lr 1.0383e-04 | norm: 0.4782 | dt: 2942.24ms | tok/sec: 22274.17
step  8217 | loss: 3.709995 | lr 1.0378e-04 | norm: 0.4775 | dt: 2943.61ms | tok/sec: 22263.83
step  8218 | loss: 3.752953 | lr 1.0373e-04 | norm: 0.4868 | dt: 2939.25ms | tok/sec: 22296.83
step  8219 | loss: 3.721725 | lr 1.0369e-04 | norm: 0.5252 | dt: 2938.70ms | tok/sec: 22300.99
step  8220 | loss: 3.591339 | lr 1.0364e-04 | norm: 0.4624 | dt: 2940.54ms | tok/sec: 22287.03
step  8221 | loss: 3.556234 | lr 1.0359e-04 | norm: 0.4555 | dt: 2938.28ms | tok/sec: 22304.23
step  8222 | loss: 3.721238 | lr 1.0354e-04 | norm: 0.4975 | dt: 2936.46ms | tok/sec: 22318.04
step  8223 | loss: 3.486133 | lr 1.0350e-04 | norm: 0.4911 | dt: 2958.92ms | tok/sec: 22148.64
step  8224 | loss: 3.563697 | lr 1.0345e-04 | norm: 0.5384 | dt: 2947.15ms | tok/sec: 22237.08
step  8225 | loss: 3.630039 | lr 1.0340e-04 | norm: 0.5116 | dt: 2947.70ms | tok/sec: 22232.96
step  8226 | loss: 3.610886 | lr 1.0335e-04 | norm: 0.4423 | dt: 2946.75ms | tok/sec: 22240.10
step  8227 | loss: 3.547324 | lr 1.0331e-04 | norm: 0.4536 | dt: 2962.77ms | tok/sec: 22119.87
step  8228 | loss: 3.612951 | lr 1.0326e-04 | norm: 0.4497 | dt: 2947.35ms | tok/sec: 22235.55
step  8229 | loss: 3.827190 | lr 1.0321e-04 | norm: 0.6759 | dt: 2948.70ms | tok/sec: 22225.37
step  8230 | loss: 3.487188 | lr 1.0316e-04 | norm: 0.4655 | dt: 2948.91ms | tok/sec: 22223.77
step  8231 | loss: 3.593153 | lr 1.0312e-04 | norm: 0.4812 | dt: 2945.50ms | tok/sec: 22249.53
step  8232 | loss: 3.751945 | lr 1.0307e-04 | norm: 0.4865 | dt: 2941.82ms | tok/sec: 22277.36
step  8233 | loss: 3.639572 | lr 1.0302e-04 | norm: 0.4926 | dt: 2941.54ms | tok/sec: 22279.52
step  8234 | loss: 3.540343 | lr 1.0297e-04 | norm: 0.4516 | dt: 2988.10ms | tok/sec: 21932.32
step  8235 | loss: 3.538516 | lr 1.0293e-04 | norm: 0.4747 | dt: 2950.28ms | tok/sec: 22213.46
step  8236 | loss: 3.711564 | lr 1.0288e-04 | norm: 0.4861 | dt: 2939.79ms | tok/sec: 22292.74
step  8237 | loss: 3.748646 | lr 1.0283e-04 | norm: 0.4947 | dt: 2944.63ms | tok/sec: 22256.10
step  8238 | loss: 3.639470 | lr 1.0278e-04 | norm: 0.4389 | dt: 2950.96ms | tok/sec: 22208.37
step  8239 | loss: 3.718527 | lr 1.0274e-04 | norm: 0.5289 | dt: 2934.53ms | tok/sec: 22332.72
step  8240 | loss: 3.619957 | lr 1.0269e-04 | norm: 0.5150 | dt: 2962.81ms | tok/sec: 22119.57
step  8241 | loss: 3.589164 | lr 1.0264e-04 | norm: 0.5093 | dt: 2941.98ms | tok/sec: 22276.18
step  8242 | loss: 3.607276 | lr 1.0260e-04 | norm: 0.4515 | dt: 2932.00ms | tok/sec: 22352.00
step  8243 | loss: 3.548618 | lr 1.0255e-04 | norm: 0.4550 | dt: 2979.43ms | tok/sec: 21996.12
step  8244 | loss: 3.553610 | lr 1.0250e-04 | norm: 0.4623 | dt: 2953.91ms | tok/sec: 22186.18
step  8245 | loss: 3.836690 | lr 1.0245e-04 | norm: 0.4988 | dt: 2942.35ms | tok/sec: 22273.33
step  8246 | loss: 3.495436 | lr 1.0241e-04 | norm: 0.4593 | dt: 2936.30ms | tok/sec: 22319.28
step  8247 | loss: 3.718105 | lr 1.0236e-04 | norm: 0.4962 | dt: 2944.56ms | tok/sec: 22256.63
step  8248 | loss: 3.616992 | lr 1.0231e-04 | norm: 0.4614 | dt: 2934.84ms | tok/sec: 22330.36
step  8249 | loss: 3.509561 | lr 1.0227e-04 | norm: 0.5143 | dt: 2941.85ms | tok/sec: 22277.18
step  8250 | loss: 3.599277 | lr 1.0222e-04 | norm: 0.4584 | dt: 2950.08ms | tok/sec: 22214.98
step  8251 | loss: 3.647358 | lr 1.0217e-04 | norm: 0.4419 | dt: 2943.26ms | tok/sec: 22266.49
step  8252 | loss: 3.427668 | lr 1.0213e-04 | norm: 0.4647 | dt: 2941.27ms | tok/sec: 22281.55
step  8253 | loss: 3.588782 | lr 1.0208e-04 | norm: 0.4401 | dt: 2951.36ms | tok/sec: 22205.32
step  8254 | loss: 3.592845 | lr 1.0203e-04 | norm: 0.4644 | dt: 2949.37ms | tok/sec: 22220.35
step  8255 | loss: 3.739624 | lr 1.0198e-04 | norm: 0.4619 | dt: 2978.95ms | tok/sec: 21999.72
step  8256 | loss: 3.604395 | lr 1.0194e-04 | norm: 0.4704 | dt: 2948.06ms | tok/sec: 22230.21
step  8257 | loss: 3.553591 | lr 1.0189e-04 | norm: 0.4325 | dt: 2946.14ms | tok/sec: 22244.72
step  8258 | loss: 3.633553 | lr 1.0184e-04 | norm: 0.4270 | dt: 2939.19ms | tok/sec: 22297.29
step  8259 | loss: 3.613039 | lr 1.0180e-04 | norm: 0.4454 | dt: 2943.83ms | tok/sec: 22262.16
step  8260 | loss: 3.743974 | lr 1.0175e-04 | norm: 0.4672 | dt: 2973.71ms | tok/sec: 22038.44
step  8261 | loss: 3.710350 | lr 1.0170e-04 | norm: 0.4549 | dt: 2938.26ms | tok/sec: 22304.39
step  8262 | loss: 3.567304 | lr 1.0166e-04 | norm: 0.4394 | dt: 2946.70ms | tok/sec: 22240.49
step  8263 | loss: 3.516153 | lr 1.0161e-04 | norm: 0.4379 | dt: 2943.19ms | tok/sec: 22267.03
step  8264 | loss: 3.571489 | lr 1.0156e-04 | norm: 0.4862 | dt: 2957.60ms | tok/sec: 22158.51
step  8265 | loss: 3.591597 | lr 1.0152e-04 | norm: 0.4352 | dt: 2940.02ms | tok/sec: 22290.98
step  8266 | loss: 3.643539 | lr 1.0147e-04 | norm: 0.4771 | dt: 2932.24ms | tok/sec: 22350.14
step  8267 | loss: 3.562891 | lr 1.0142e-04 | norm: 0.4509 | dt: 2948.67ms | tok/sec: 22225.64
step  8268 | loss: 3.669470 | lr 1.0138e-04 | norm: 0.4615 | dt: 2952.65ms | tok/sec: 22195.65
step  8269 | loss: 3.785951 | lr 1.0133e-04 | norm: 0.4575 | dt: 2940.49ms | tok/sec: 22287.47
step  8270 | loss: 3.599102 | lr 1.0128e-04 | norm: 0.4423 | dt: 2946.39ms | tok/sec: 22242.84
step  8271 | loss: 3.662414 | lr 1.0124e-04 | norm: 0.4666 | dt: 2948.18ms | tok/sec: 22229.33
step  8272 | loss: 3.516368 | lr 1.0119e-04 | norm: 0.4930 | dt: 2950.83ms | tok/sec: 22209.32
step  8273 | loss: 3.765262 | lr 1.0115e-04 | norm: 0.5177 | dt: 2942.26ms | tok/sec: 22274.06
step  8274 | loss: 3.587830 | lr 1.0110e-04 | norm: 0.4469 | dt: 2948.55ms | tok/sec: 22226.53
step  8275 | loss: 3.688243 | lr 1.0105e-04 | norm: 0.4259 | dt: 2979.90ms | tok/sec: 21992.69
step  8276 | loss: 3.752145 | lr 1.0101e-04 | norm: 0.4823 | dt: 2940.82ms | tok/sec: 22284.95
step  8277 | loss: 3.653883 | lr 1.0096e-04 | norm: 0.4708 | dt: 2944.30ms | tok/sec: 22258.61
step  8278 | loss: 3.593534 | lr 1.0091e-04 | norm: 0.4628 | dt: 2934.43ms | tok/sec: 22333.47
step  8279 | loss: 3.616019 | lr 1.0087e-04 | norm: 0.4946 | dt: 2942.73ms | tok/sec: 22270.48
step  8280 | loss: 3.968978 | lr 1.0082e-04 | norm: 0.5267 | dt: 2952.32ms | tok/sec: 22198.13
step  8281 | loss: 3.689872 | lr 1.0078e-04 | norm: 0.4721 | dt: 2966.59ms | tok/sec: 22091.36
step  8282 | loss: 3.493264 | lr 1.0073e-04 | norm: 0.4746 | dt: 2942.12ms | tok/sec: 22275.09
step  8283 | loss: 3.725372 | lr 1.0068e-04 | norm: 0.4754 | dt: 2942.05ms | tok/sec: 22275.63
step  8284 | loss: 3.526522 | lr 1.0064e-04 | norm: 0.4404 | dt: 2966.10ms | tok/sec: 22094.98
step  8285 | loss: 3.617042 | lr 1.0059e-04 | norm: 0.4551 | dt: 2944.05ms | tok/sec: 22260.46
step  8286 | loss: 3.659650 | lr 1.0054e-04 | norm: 0.4558 | dt: 2932.91ms | tok/sec: 22345.03
step  8287 | loss: 3.616100 | lr 1.0050e-04 | norm: 0.4601 | dt: 2943.71ms | tok/sec: 22263.08
step  8288 | loss: 3.623760 | lr 1.0045e-04 | norm: 0.4933 | dt: 2943.52ms | tok/sec: 22264.46
step  8289 | loss: 3.659598 | lr 1.0041e-04 | norm: 0.4551 | dt: 2937.72ms | tok/sec: 22308.49
step  8290 | loss: 3.584752 | lr 1.0036e-04 | norm: 0.4710 | dt: 2949.57ms | tok/sec: 22218.79
step  8291 | loss: 3.533214 | lr 1.0031e-04 | norm: 0.4563 | dt: 2939.09ms | tok/sec: 22298.07
step  8292 | loss: 3.632182 | lr 1.0027e-04 | norm: 0.4779 | dt: 2957.71ms | tok/sec: 22157.65
step  8293 | loss: 3.555330 | lr 1.0022e-04 | norm: 0.4348 | dt: 2949.33ms | tok/sec: 22220.61
step  8294 | loss: 3.759812 | lr 1.0018e-04 | norm: 0.4971 | dt: 2948.52ms | tok/sec: 22226.78
step  8295 | loss: 3.735514 | lr 1.0013e-04 | norm: 1.0706 | dt: 2940.37ms | tok/sec: 22288.34
step  8296 | loss: 3.582338 | lr 1.0008e-04 | norm: 0.5683 | dt: 2982.83ms | tok/sec: 21971.11
step  8297 | loss: 3.619408 | lr 1.0004e-04 | norm: 0.5888 | dt: 2950.74ms | tok/sec: 22210.03
step  8298 | loss: 3.629819 | lr 9.9993e-05 | norm: 0.5709 | dt: 2954.95ms | tok/sec: 22178.40
step  8299 | loss: 3.735446 | lr 9.9947e-05 | norm: 0.4961 | dt: 2958.38ms | tok/sec: 22152.68
step  8300 | loss: 3.529178 | lr 9.9901e-05 | norm: 0.4939 | dt: 2953.92ms | tok/sec: 22186.10
step  8301 | loss: 3.642179 | lr 9.9856e-05 | norm: 0.5695 | dt: 2957.80ms | tok/sec: 22156.97
step  8302 | loss: 3.512837 | lr 9.9810e-05 | norm: 0.5095 | dt: 2940.33ms | tok/sec: 22288.64
step  8303 | loss: 3.662747 | lr 9.9764e-05 | norm: 0.4703 | dt: 2950.13ms | tok/sec: 22214.62
step  8304 | loss: 3.522155 | lr 9.9719e-05 | norm: 0.5179 | dt: 2952.89ms | tok/sec: 22193.89
step  8305 | loss: 3.559257 | lr 9.9673e-05 | norm: 0.4630 | dt: 2961.75ms | tok/sec: 22127.46
step  8306 | loss: 3.518073 | lr 9.9627e-05 | norm: 0.5909 | dt: 2945.70ms | tok/sec: 22248.00
step  8307 | loss: 3.643781 | lr 9.9582e-05 | norm: 0.5011 | dt: 2944.43ms | tok/sec: 22257.61
step  8308 | loss: 3.593054 | lr 9.9536e-05 | norm: 0.4804 | dt: 2946.36ms | tok/sec: 22243.00
step  8309 | loss: 3.636152 | lr 9.9491e-05 | norm: 0.4521 | dt: 2949.45ms | tok/sec: 22219.76
step  8310 | loss: 3.613260 | lr 9.9445e-05 | norm: 0.4587 | dt: 2944.28ms | tok/sec: 22258.76
step  8311 | loss: 3.614769 | lr 9.9400e-05 | norm: 0.4662 | dt: 2941.34ms | tok/sec: 22281.02
step  8312 | loss: 3.551938 | lr 9.9354e-05 | norm: 0.4667 | dt: 2947.95ms | tok/sec: 22231.01
step  8313 | loss: 3.644813 | lr 9.9309e-05 | norm: 0.4999 | dt: 2937.80ms | tok/sec: 22307.86
step  8314 | loss: 3.519620 | lr 9.9263e-05 | norm: 0.5022 | dt: 2941.13ms | tok/sec: 22282.58
step  8315 | loss: 3.672178 | lr 9.9218e-05 | norm: 0.4908 | dt: 2946.99ms | tok/sec: 22238.25
step  8316 | loss: 3.507259 | lr 9.9173e-05 | norm: 0.4530 | dt: 2975.32ms | tok/sec: 22026.51
step  8317 | loss: 3.568599 | lr 9.9127e-05 | norm: 0.4476 | dt: 2945.28ms | tok/sec: 22251.18
step  8318 | loss: 3.666313 | lr 9.9082e-05 | norm: 0.6128 | dt: 2941.84ms | tok/sec: 22277.18
step  8319 | loss: 3.617534 | lr 9.9037e-05 | norm: 0.4702 | dt: 2947.82ms | tok/sec: 22232.01
step  8320 | loss: 3.609735 | lr 9.8991e-05 | norm: 0.5050 | dt: 2946.50ms | tok/sec: 22241.96
step  8321 | loss: 3.611793 | lr 9.8946e-05 | norm: 0.4792 | dt: 2974.69ms | tok/sec: 22031.18
step  8322 | loss: 3.526440 | lr 9.8901e-05 | norm: 0.4677 | dt: 2933.34ms | tok/sec: 22341.79
step  8323 | loss: 3.638995 | lr 9.8856e-05 | norm: 0.4425 | dt: 2947.73ms | tok/sec: 22232.70
step  8324 | loss: 3.582974 | lr 9.8810e-05 | norm: 0.4555 | dt: 2957.35ms | tok/sec: 22160.37
step  8325 | loss: 3.553171 | lr 9.8765e-05 | norm: 0.4401 | dt: 2975.56ms | tok/sec: 22024.77
step  8326 | loss: 3.476181 | lr 9.8720e-05 | norm: 0.4240 | dt: 2945.98ms | tok/sec: 22245.91
step  8327 | loss: 3.597729 | lr 9.8675e-05 | norm: 0.4509 | dt: 2946.53ms | tok/sec: 22241.79
step  8328 | loss: 3.475043 | lr 9.8630e-05 | norm: 0.4596 | dt: 2935.53ms | tok/sec: 22325.11
step  8329 | loss: 3.846032 | lr 9.8585e-05 | norm: 0.5590 | dt: 2936.36ms | tok/sec: 22318.75
step  8330 | loss: 3.611262 | lr 9.8540e-05 | norm: 0.4429 | dt: 2945.14ms | tok/sec: 22252.26
step  8331 | loss: 3.688820 | lr 9.8495e-05 | norm: 0.4367 | dt: 2940.36ms | tok/sec: 22288.42
step  8332 | loss: 3.537911 | lr 9.8450e-05 | norm: 0.4425 | dt: 2947.87ms | tok/sec: 22231.63
step  8333 | loss: 3.701080 | lr 9.8405e-05 | norm: 0.4855 | dt: 2951.03ms | tok/sec: 22207.84
step  8334 | loss: 3.595479 | lr 9.8360e-05 | norm: 0.5002 | dt: 2925.64ms | tok/sec: 22400.56
step  8335 | loss: 3.566651 | lr 9.8315e-05 | norm: 0.4564 | dt: 2943.09ms | tok/sec: 22267.76
step  8336 | loss: 3.563507 | lr 9.8270e-05 | norm: 0.4572 | dt: 2970.83ms | tok/sec: 22059.81
step  8337 | loss: 3.557549 | lr 9.8225e-05 | norm: 0.4463 | dt: 2936.21ms | tok/sec: 22319.95
step  8338 | loss: 3.659915 | lr 9.8180e-05 | norm: 0.4502 | dt: 2946.58ms | tok/sec: 22241.41
step  8339 | loss: 3.576941 | lr 9.8136e-05 | norm: 0.4647 | dt: 2944.01ms | tok/sec: 22260.76
step  8340 | loss: 3.574091 | lr 9.8091e-05 | norm: 0.4691 | dt: 2941.58ms | tok/sec: 22279.16
step  8341 | loss: 3.564898 | lr 9.8046e-05 | norm: 0.4594 | dt: 2942.99ms | tok/sec: 22268.49
step  8342 | loss: 3.553007 | lr 9.8001e-05 | norm: 0.4503 | dt: 2974.06ms | tok/sec: 22035.91
step  8343 | loss: 3.523186 | lr 9.7957e-05 | norm: 0.4474 | dt: 2945.01ms | tok/sec: 22253.21
step  8344 | loss: 3.552685 | lr 9.7912e-05 | norm: 0.4625 | dt: 2941.26ms | tok/sec: 22281.61
step  8345 | loss: 3.558949 | lr 9.7867e-05 | norm: 0.4319 | dt: 2969.92ms | tok/sec: 22066.60
step  8346 | loss: 3.482187 | lr 9.7823e-05 | norm: 0.4515 | dt: 2942.32ms | tok/sec: 22273.57
step  8347 | loss: 3.542660 | lr 9.7778e-05 | norm: 0.4371 | dt: 2939.61ms | tok/sec: 22294.12
step  8348 | loss: 3.468923 | lr 9.7733e-05 | norm: 0.4566 | dt: 2944.60ms | tok/sec: 22256.31
step  8349 | loss: 3.662465 | lr 9.7689e-05 | norm: 0.4548 | dt: 2949.58ms | tok/sec: 22218.76
step  8350 | loss: 3.534235 | lr 9.7644e-05 | norm: 0.4318 | dt: 2944.25ms | tok/sec: 22258.95
step  8351 | loss: 3.479649 | lr 9.7600e-05 | norm: 0.4465 | dt: 2944.17ms | tok/sec: 22259.57
step  8352 | loss: 3.498254 | lr 9.7555e-05 | norm: 0.4401 | dt: 2933.39ms | tok/sec: 22341.41
step  8353 | loss: 3.505226 | lr 9.7511e-05 | norm: 0.5484 | dt: 2938.77ms | tok/sec: 22300.50
step  8354 | loss: 3.463606 | lr 9.7466e-05 | norm: 0.7318 | dt: 2953.17ms | tok/sec: 22191.73
step  8355 | loss: 3.524637 | lr 9.7422e-05 | norm: 0.4804 | dt: 2949.38ms | tok/sec: 22220.27
step  8356 | loss: 3.633584 | lr 9.7377e-05 | norm: 0.4738 | dt: 2937.74ms | tok/sec: 22308.33
step  8357 | loss: 3.563763 | lr 9.7333e-05 | norm: 0.4822 | dt: 2977.54ms | tok/sec: 22010.11
step  8358 | loss: 3.628015 | lr 9.7289e-05 | norm: 0.4542 | dt: 2942.27ms | tok/sec: 22273.95
step  8359 | loss: 3.575045 | lr 9.7244e-05 | norm: 0.4539 | dt: 2943.81ms | tok/sec: 22262.28
step  8360 | loss: 3.647810 | lr 9.7200e-05 | norm: 0.4646 | dt: 2942.72ms | tok/sec: 22270.53
step  8361 | loss: 3.395249 | lr 9.7156e-05 | norm: 0.4301 | dt: 2936.45ms | tok/sec: 22318.08
step  8362 | loss: 3.570952 | lr 9.7111e-05 | norm: 0.4864 | dt: 2959.98ms | tok/sec: 22140.70
step  8363 | loss: 3.578161 | lr 9.7067e-05 | norm: 0.4534 | dt: 2943.52ms | tok/sec: 22264.52
step  8364 | loss: 3.471533 | lr 9.7023e-05 | norm: 0.4448 | dt: 2946.33ms | tok/sec: 22243.25
step  8365 | loss: 3.568513 | lr 9.6979e-05 | norm: 0.4429 | dt: 2944.66ms | tok/sec: 22255.88
step  8366 | loss: 3.417652 | lr 9.6935e-05 | norm: 0.4650 | dt: 2974.30ms | tok/sec: 22034.13
step  8367 | loss: 3.609704 | lr 9.6891e-05 | norm: 0.5996 | dt: 2945.38ms | tok/sec: 22250.44
step  8368 | loss: 3.594327 | lr 9.6846e-05 | norm: 0.4513 | dt: 2947.89ms | tok/sec: 22231.46
step  8369 | loss: 3.570436 | lr 9.6802e-05 | norm: 0.6171 | dt: 2937.67ms | tok/sec: 22308.80
step  8370 | loss: 3.524975 | lr 9.6758e-05 | norm: 0.4669 | dt: 2945.51ms | tok/sec: 22249.44
step  8371 | loss: 3.673625 | lr 9.6714e-05 | norm: 0.5206 | dt: 2945.27ms | tok/sec: 22251.29
step  8372 | loss: 3.717020 | lr 9.6670e-05 | norm: 0.5164 | dt: 2942.25ms | tok/sec: 22274.08
step  8373 | loss: 3.571540 | lr 9.6626e-05 | norm: 0.5001 | dt: 2949.40ms | tok/sec: 22220.13
step  8374 | loss: 3.430125 | lr 9.6582e-05 | norm: 0.4738 | dt: 2951.96ms | tok/sec: 22200.81
step  8375 | loss: 3.759330 | lr 9.6538e-05 | norm: 0.5184 | dt: 2947.40ms | tok/sec: 22235.17
step  8376 | loss: 3.542054 | lr 9.6494e-05 | norm: 0.5554 | dt: 2952.71ms | tok/sec: 22195.17
step  8377 | loss: 3.607997 | lr 9.6451e-05 | norm: 0.5370 | dt: 2977.72ms | tok/sec: 22008.77
step  8378 | loss: 3.529191 | lr 9.6407e-05 | norm: 0.4427 | dt: 2947.81ms | tok/sec: 22232.09
step  8379 | loss: 3.482439 | lr 9.6363e-05 | norm: 0.4770 | dt: 2945.92ms | tok/sec: 22246.35
step  8380 | loss: 3.455268 | lr 9.6319e-05 | norm: 0.5581 | dt: 2944.77ms | tok/sec: 22255.06
step  8381 | loss: 3.507157 | lr 9.6275e-05 | norm: 0.5418 | dt: 2942.00ms | tok/sec: 22276.02
step  8382 | loss: 3.465675 | lr 9.6231e-05 | norm: 0.5349 | dt: 2948.34ms | tok/sec: 22228.09
step  8383 | loss: 3.527758 | lr 9.6188e-05 | norm: 0.4616 | dt: 2949.21ms | tok/sec: 22221.51
step  8384 | loss: 3.514648 | lr 9.6144e-05 | norm: 0.4858 | dt: 2949.38ms | tok/sec: 22220.23
step  8385 | loss: 3.563766 | lr 9.6100e-05 | norm: 0.4989 | dt: 2946.97ms | tok/sec: 22238.41
step  8386 | loss: 3.484535 | lr 9.6057e-05 | norm: 0.5341 | dt: 2960.16ms | tok/sec: 22139.31
step  8387 | loss: 3.550234 | lr 9.6013e-05 | norm: 0.4798 | dt: 2941.69ms | tok/sec: 22278.33
step  8388 | loss: 3.419602 | lr 9.5969e-05 | norm: 0.4957 | dt: 2950.10ms | tok/sec: 22214.87
step  8389 | loss: 3.431177 | lr 9.5926e-05 | norm: 0.5771 | dt: 2950.64ms | tok/sec: 22210.80
step  8390 | loss: 3.491372 | lr 9.5882e-05 | norm: 0.4873 | dt: 2948.84ms | tok/sec: 22224.31
step  8391 | loss: 3.452161 | lr 9.5839e-05 | norm: 0.4844 | dt: 2946.31ms | tok/sec: 22243.42
step  8392 | loss: 3.696970 | lr 9.5795e-05 | norm: 0.4716 | dt: 2939.31ms | tok/sec: 22296.36
step  8393 | loss: 3.558594 | lr 9.5752e-05 | norm: 0.4925 | dt: 2947.28ms | tok/sec: 22236.11
step  8394 | loss: 3.546715 | lr 9.5708e-05 | norm: 0.4610 | dt: 2951.74ms | tok/sec: 22202.53
step  8395 | loss: 3.467377 | lr 9.5665e-05 | norm: 0.4519 | dt: 2956.27ms | tok/sec: 22168.51
step  8396 | loss: 3.652034 | lr 9.5621e-05 | norm: 0.5002 | dt: 2940.58ms | tok/sec: 22286.72
step  8397 | loss: 3.542404 | lr 9.5578e-05 | norm: 0.4575 | dt: 2973.49ms | tok/sec: 22040.10
step  8398 | loss: 3.639746 | lr 9.5535e-05 | norm: 0.5314 | dt: 2948.07ms | tok/sec: 22230.13
step  8399 | loss: 3.609959 | lr 9.5491e-05 | norm: 0.5759 | dt: 2949.27ms | tok/sec: 22221.08
step  8400 | loss: 3.618508 | lr 9.5448e-05 | norm: 0.4714 | dt: 2943.44ms | tok/sec: 22265.09
step  8401 | loss: 3.734193 | lr 9.5405e-05 | norm: 0.5028 | dt: 2943.81ms | tok/sec: 22262.30
step  8402 | loss: 3.563362 | lr 9.5361e-05 | norm: 0.4717 | dt: 2953.45ms | tok/sec: 22189.63
step  8403 | loss: 3.552325 | lr 9.5318e-05 | norm: 0.4710 | dt: 2950.04ms | tok/sec: 22215.29
step  8404 | loss: 3.539191 | lr 9.5275e-05 | norm: 0.4694 | dt: 2953.67ms | tok/sec: 22188.01
step  8405 | loss: 3.553685 | lr 9.5232e-05 | norm: 0.4482 | dt: 2953.41ms | tok/sec: 22189.94
step  8406 | loss: 3.399822 | lr 9.5188e-05 | norm: 0.8115 | dt: 2958.71ms | tok/sec: 22150.20
step  8407 | loss: 3.345969 | lr 9.5145e-05 | norm: 0.4955 | dt: 2948.69ms | tok/sec: 22225.46
step  8408 | loss: 3.655760 | lr 9.5102e-05 | norm: 0.5099 | dt: 2952.78ms | tok/sec: 22194.71
step  8409 | loss: 3.519790 | lr 9.5059e-05 | norm: 0.4528 | dt: 2949.47ms | tok/sec: 22219.62
step  8410 | loss: 3.497102 | lr 9.5016e-05 | norm: 0.4314 | dt: 2968.04ms | tok/sec: 22080.55
step  8411 | loss: 3.461166 | lr 9.4973e-05 | norm: 0.4689 | dt: 2949.70ms | tok/sec: 22217.87
step  8412 | loss: 3.612134 | lr 9.4930e-05 | norm: 0.4611 | dt: 2940.63ms | tok/sec: 22286.38
step  8413 | loss: 3.556930 | lr 9.4887e-05 | norm: 0.4759 | dt: 2943.05ms | tok/sec: 22268.05
step  8414 | loss: 3.653639 | lr 9.4844e-05 | norm: 0.4521 | dt: 2943.86ms | tok/sec: 22261.92
step  8415 | loss: 3.609125 | lr 9.4801e-05 | norm: 0.4836 | dt: 2940.35ms | tok/sec: 22288.53
step  8416 | loss: 3.515866 | lr 9.4758e-05 | norm: 0.4339 | dt: 2941.23ms | tok/sec: 22281.81
step  8417 | loss: 3.502903 | lr 9.4715e-05 | norm: 0.4349 | dt: 2942.35ms | tok/sec: 22273.33
step  8418 | loss: 3.722069 | lr 9.4672e-05 | norm: 0.4597 | dt: 2987.72ms | tok/sec: 21935.11
step  8419 | loss: 3.535736 | lr 9.4629e-05 | norm: 0.4508 | dt: 2944.23ms | tok/sec: 22259.15
step  8420 | loss: 3.617846 | lr 9.4586e-05 | norm: 0.4541 | dt: 2952.04ms | tok/sec: 22200.26
step  8421 | loss: 3.786136 | lr 9.4544e-05 | norm: 0.5544 | dt: 2946.27ms | tok/sec: 22243.71
step  8422 | loss: 3.505763 | lr 9.4501e-05 | norm: 0.4457 | dt: 2942.74ms | tok/sec: 22270.42
step  8423 | loss: 3.383530 | lr 9.4458e-05 | norm: 0.4544 | dt: 2939.87ms | tok/sec: 22292.14
step  8424 | loss: 3.490011 | lr 9.4415e-05 | norm: 0.4645 | dt: 2952.28ms | tok/sec: 22198.42
step  8425 | loss: 3.505145 | lr 9.4373e-05 | norm: 0.4627 | dt: 2938.22ms | tok/sec: 22304.69
step  8426 | loss: 3.417708 | lr 9.4330e-05 | norm: 0.4434 | dt: 2946.90ms | tok/sec: 22238.97
step  8427 | loss: 3.341950 | lr 9.4287e-05 | norm: 0.4348 | dt: 2962.14ms | tok/sec: 22124.54
step  8428 | loss: 3.336230 | lr 9.4245e-05 | norm: 0.5028 | dt: 2944.59ms | tok/sec: 22256.45
step  8429 | loss: 3.564487 | lr 9.4202e-05 | norm: 0.4583 | dt: 2952.53ms | tok/sec: 22196.53
step  8430 | loss: 3.439582 | lr 9.4160e-05 | norm: 0.4395 | dt: 2933.88ms | tok/sec: 22337.66
step  8431 | loss: 3.448652 | lr 9.4117e-05 | norm: 0.4352 | dt: 2954.13ms | tok/sec: 22184.51
step  8432 | loss: 3.509063 | lr 9.4074e-05 | norm: 0.4325 | dt: 2945.24ms | tok/sec: 22251.50
step  8433 | loss: 3.341684 | lr 9.4032e-05 | norm: 0.4664 | dt: 2951.53ms | tok/sec: 22204.11
step  8434 | loss: 3.470344 | lr 9.3989e-05 | norm: 0.4891 | dt: 2942.73ms | tok/sec: 22270.50
step  8435 | loss: 3.477689 | lr 9.3947e-05 | norm: 0.4426 | dt: 2942.72ms | tok/sec: 22270.57
step  8436 | loss: 3.405165 | lr 9.3905e-05 | norm: 0.4327 | dt: 2943.16ms | tok/sec: 22267.23
step  8437 | loss: 3.427143 | lr 9.3862e-05 | norm: 0.4385 | dt: 2942.69ms | tok/sec: 22270.76
step  8438 | loss: 3.501690 | lr 9.3820e-05 | norm: 0.4274 | dt: 2982.08ms | tok/sec: 21976.58
step  8439 | loss: 3.455582 | lr 9.3777e-05 | norm: 0.4605 | dt: 2943.91ms | tok/sec: 22261.53
step  8440 | loss: 3.497155 | lr 9.3735e-05 | norm: 0.4395 | dt: 2943.61ms | tok/sec: 22263.81
step  8441 | loss: 3.306417 | lr 9.3693e-05 | norm: 0.6905 | dt: 2952.79ms | tok/sec: 22194.59
step  8442 | loss: 3.535163 | lr 9.3650e-05 | norm: 0.4580 | dt: 2946.86ms | tok/sec: 22239.29
step  8443 | loss: 3.638269 | lr 9.3608e-05 | norm: 0.4537 | dt: 2939.32ms | tok/sec: 22296.34
step  8444 | loss: 3.315542 | lr 9.3566e-05 | norm: 0.4389 | dt: 2973.03ms | tok/sec: 22043.48
step  8445 | loss: 3.466426 | lr 9.3524e-05 | norm: 0.4360 | dt: 2934.06ms | tok/sec: 22336.27
step  8446 | loss: 3.452232 | lr 9.3482e-05 | norm: 0.4443 | dt: 2944.67ms | tok/sec: 22255.78
step  8447 | loss: 3.613662 | lr 9.3439e-05 | norm: 1.0302 | dt: 2959.68ms | tok/sec: 22142.94
step  8448 | loss: 3.511304 | lr 9.3397e-05 | norm: 0.4371 | dt: 2940.44ms | tok/sec: 22287.79
step  8449 | loss: 3.228018 | lr 9.3355e-05 | norm: 0.4346 | dt: 2939.70ms | tok/sec: 22293.44
step  8450 | loss: 3.428090 | lr 9.3313e-05 | norm: 0.4386 | dt: 2943.81ms | tok/sec: 22262.34
step  8451 | loss: 3.582196 | lr 9.3271e-05 | norm: 0.4498 | dt: 2947.89ms | tok/sec: 22231.46
step  8452 | loss: 3.451184 | lr 9.3229e-05 | norm: 0.5012 | dt: 2945.23ms | tok/sec: 22251.61
step  8453 | loss: 3.581829 | lr 9.3187e-05 | norm: 0.4661 | dt: 2932.53ms | tok/sec: 22347.92
step  8454 | loss: 3.424133 | lr 9.3145e-05 | norm: 0.4561 | dt: 2939.53ms | tok/sec: 22294.74
step  8455 | loss: 3.518590 | lr 9.3103e-05 | norm: 0.4354 | dt: 2944.60ms | tok/sec: 22256.31
step  8456 | loss: 3.506748 | lr 9.3061e-05 | norm: 0.4339 | dt: 2940.93ms | tok/sec: 22284.09
step  8457 | loss: 3.843730 | lr 9.3019e-05 | norm: 0.6905 | dt: 2940.80ms | tok/sec: 22285.07
step  8458 | loss: 3.758995 | lr 9.2977e-05 | norm: 0.7160 | dt: 2984.77ms | tok/sec: 21956.78
step  8459 | loss: 3.336001 | lr 9.2935e-05 | norm: 0.5187 | dt: 2941.67ms | tok/sec: 22278.50
step  8460 | loss: 3.472171 | lr 9.2893e-05 | norm: 0.5055 | dt: 2946.74ms | tok/sec: 22240.15
step  8461 | loss: 3.453379 | lr 9.2852e-05 | norm: 0.4657 | dt: 2939.53ms | tok/sec: 22294.72
step  8462 | loss: 3.453130 | lr 9.2810e-05 | norm: 0.4778 | dt: 2938.15ms | tok/sec: 22305.22
step  8463 | loss: 3.386525 | lr 9.2768e-05 | norm: 0.4872 | dt: 2944.50ms | tok/sec: 22257.08
step  8464 | loss: 3.499897 | lr 9.2726e-05 | norm: 0.4762 | dt: 2950.48ms | tok/sec: 22212.00
step  8465 | loss: 3.467872 | lr 9.2685e-05 | norm: 0.4908 | dt: 2969.03ms | tok/sec: 22073.23
step  8466 | loss: 3.500485 | lr 9.2643e-05 | norm: 0.5041 | dt: 2938.64ms | tok/sec: 22301.50
step  8467 | loss: 3.395092 | lr 9.2601e-05 | norm: 0.4697 | dt: 2963.72ms | tok/sec: 22112.73
step  8468 | loss: 3.533582 | lr 9.2560e-05 | norm: 0.5245 | dt: 2948.66ms | tok/sec: 22225.67
step  8469 | loss: 3.382004 | lr 9.2518e-05 | norm: 0.4769 | dt: 2942.37ms | tok/sec: 22273.20
step  8470 | loss: 3.502441 | lr 9.2476e-05 | norm: 0.4639 | dt: 2941.22ms | tok/sec: 22281.87
step  8471 | loss: 3.447250 | lr 9.2435e-05 | norm: 0.4749 | dt: 2946.45ms | tok/sec: 22242.39
step  8472 | loss: 3.334861 | lr 9.2393e-05 | norm: 0.4724 | dt: 2943.78ms | tok/sec: 22262.52
step  8473 | loss: 3.788951 | lr 9.2352e-05 | norm: 0.7679 | dt: 2945.25ms | tok/sec: 22251.43
step  8474 | loss: 3.468772 | lr 9.2310e-05 | norm: 0.5023 | dt: 2940.26ms | tok/sec: 22289.18
step  8475 | loss: 3.424537 | lr 9.2269e-05 | norm: 0.5685 | dt: 2952.28ms | tok/sec: 22198.44
step  8476 | loss: 3.395296 | lr 9.2227e-05 | norm: 0.5219 | dt: 2947.61ms | tok/sec: 22233.57
step  8477 | loss: 3.522728 | lr 9.2186e-05 | norm: 0.5144 | dt: 2952.57ms | tok/sec: 22196.29
step  8478 | loss: 3.399889 | lr 9.2145e-05 | norm: 0.4744 | dt: 2942.98ms | tok/sec: 22268.55
step  8479 | loss: 3.455714 | lr 9.2103e-05 | norm: 0.4928 | dt: 2971.64ms | tok/sec: 22053.84
step  8480 | loss: 3.410537 | lr 9.2062e-05 | norm: 0.5620 | dt: 2952.03ms | tok/sec: 22200.30
step  8481 | loss: 3.547051 | lr 9.2021e-05 | norm: 0.4685 | dt: 2946.58ms | tok/sec: 22241.40
step  8482 | loss: 3.495782 | lr 9.1979e-05 | norm: 0.5096 | dt: 2947.92ms | tok/sec: 22231.25
step  8483 | loss: 3.443661 | lr 9.1938e-05 | norm: 0.4634 | dt: 2947.64ms | tok/sec: 22233.39
step  8484 | loss: 3.723528 | lr 9.1897e-05 | norm: 0.5548 | dt: 2938.87ms | tok/sec: 22299.75
step  8485 | loss: 3.534992 | lr 9.1855e-05 | norm: 0.5642 | dt: 2960.44ms | tok/sec: 22137.25
step  8486 | loss: 3.244017 | lr 9.1814e-05 | norm: 0.4792 | dt: 2946.92ms | tok/sec: 22238.83
step  8487 | loss: 3.616242 | lr 9.1773e-05 | norm: 0.4668 | dt: 2943.12ms | tok/sec: 22267.54
step  8488 | loss: 3.332503 | lr 9.1732e-05 | norm: 0.4451 | dt: 2957.54ms | tok/sec: 22158.93
step  8489 | loss: 3.229884 | lr 9.1691e-05 | norm: 0.4646 | dt: 2936.03ms | tok/sec: 22321.33
step  8490 | loss: 3.325068 | lr 9.1650e-05 | norm: 0.4329 | dt: 2939.56ms | tok/sec: 22294.52
step  8491 | loss: 3.526364 | lr 9.1609e-05 | norm: 0.4613 | dt: 2944.95ms | tok/sec: 22253.69
step  8492 | loss: 3.713523 | lr 9.1568e-05 | norm: 0.7474 | dt: 2940.29ms | tok/sec: 22288.92
step  8493 | loss: 3.780358 | lr 9.1527e-05 | norm: 0.6118 | dt: 2956.50ms | tok/sec: 22166.77
step  8494 | loss: 3.569600 | lr 9.1486e-05 | norm: 0.5298 | dt: 2947.99ms | tok/sec: 22230.74
step  8495 | loss: 3.449825 | lr 9.1445e-05 | norm: 0.5720 | dt: 2943.64ms | tok/sec: 22263.58
step  8496 | loss: 3.415192 | lr 9.1404e-05 | norm: 0.4618 | dt: 2949.74ms | tok/sec: 22217.59
step  8497 | loss: 3.623837 | lr 9.1363e-05 | norm: 0.4710 | dt: 2956.12ms | tok/sec: 22169.60
step  8498 | loss: 3.519331 | lr 9.1322e-05 | norm: 0.5560 | dt: 2946.49ms | tok/sec: 22242.08
step  8499 | loss: 3.499841 | lr 9.1281e-05 | norm: 0.4887 | dt: 2970.60ms | tok/sec: 22061.53
validation loss: 3.5416
HellaSwag accuracy: 2591/10042=0.2580
rank 0 sample 0: Hello, I'm a language model, and I know that it's pretty important to recognize that even if language language isn't a particular one (e.g
rank 0 sample 1: Hello, I'm a language model, so my point is to build my database. So is all the work done by my students. I just need to use
rank 0 sample 2: Hello, I'm a language model, but I need to add them to this. There's a huge database and I like it.
I'm a pretty
rank 0 sample 3: Hello, I'm a language model, it seems like the same thing, is, no, very long. The basic design language. It will be the kind
step  8500 | loss: 3.400333 | lr 9.1240e-05 | norm: 0.4402 | dt: 107609.61ms | tok/sec: 609.02
step  8501 | loss: 3.389195 | lr 9.1199e-05 | norm: 0.5019 | dt: 2940.88ms | tok/sec: 22284.49
step  8502 | loss: 3.485393 | lr 9.1159e-05 | norm: 0.4790 | dt: 2943.08ms | tok/sec: 22267.81
step  8503 | loss: 3.505759 | lr 9.1118e-05 | norm: 0.4786 | dt: 2938.25ms | tok/sec: 22304.42
step  8504 | loss: 3.339784 | lr 9.1077e-05 | norm: 0.4543 | dt: 2975.10ms | tok/sec: 22028.17
step  8505 | loss: 3.313796 | lr 9.1036e-05 | norm: 0.4534 | dt: 2935.36ms | tok/sec: 22326.38
step  8506 | loss: 3.400774 | lr 9.0996e-05 | norm: 0.4413 | dt: 2939.11ms | tok/sec: 22297.93
step  8507 | loss: 3.425803 | lr 9.0955e-05 | norm: 0.4517 | dt: 2942.25ms | tok/sec: 22274.07
step  8508 | loss: 3.466200 | lr 9.0914e-05 | norm: 0.4570 | dt: 2935.13ms | tok/sec: 22328.12
step  8509 | loss: 3.450335 | lr 9.0874e-05 | norm: 0.4590 | dt: 2944.82ms | tok/sec: 22254.64
step  8510 | loss: 3.425914 | lr 9.0833e-05 | norm: 0.4663 | dt: 2966.59ms | tok/sec: 22091.37
step  8511 | loss: 3.456443 | lr 9.0793e-05 | norm: 0.4820 | dt: 2942.84ms | tok/sec: 22269.61
step  8512 | loss: 3.299983 | lr 9.0752e-05 | norm: 0.5782 | dt: 2939.22ms | tok/sec: 22297.09
step  8513 | loss: 3.391790 | lr 9.0712e-05 | norm: 0.4487 | dt: 2950.30ms | tok/sec: 22213.35
step  8514 | loss: 3.370008 | lr 9.0671e-05 | norm: 0.4391 | dt: 2933.55ms | tok/sec: 22340.18
step  8515 | loss: 3.335321 | lr 9.0631e-05 | norm: 0.4590 | dt: 2933.33ms | tok/sec: 22341.86
step  8516 | loss: 3.554777 | lr 9.0590e-05 | norm: 0.5062 | dt: 2939.86ms | tok/sec: 22292.21
step  8517 | loss: 3.541952 | lr 9.0550e-05 | norm: 0.4603 | dt: 2934.92ms | tok/sec: 22329.72
step  8518 | loss: 3.526700 | lr 9.0509e-05 | norm: 0.4890 | dt: 2945.37ms | tok/sec: 22250.48
step  8519 | loss: 3.465921 | lr 9.0469e-05 | norm: 0.5291 | dt: 2934.53ms | tok/sec: 22332.73
step  8520 | loss: 3.503599 | lr 9.0429e-05 | norm: 0.4607 | dt: 2945.79ms | tok/sec: 22247.32
step  8521 | loss: 3.657323 | lr 9.0388e-05 | norm: 0.4663 | dt: 2938.17ms | tok/sec: 22305.07
step  8522 | loss: 3.765568 | lr 9.0348e-05 | norm: 0.5131 | dt: 2941.95ms | tok/sec: 22276.40
step  8523 | loss: 3.640342 | lr 9.0308e-05 | norm: 0.4864 | dt: 2946.22ms | tok/sec: 22244.11
step  8524 | loss: 3.547735 | lr 9.0267e-05 | norm: 0.4850 | dt: 2937.41ms | tok/sec: 22310.80
step  8525 | loss: 3.619835 | lr 9.0227e-05 | norm: 0.4518 | dt: 2974.87ms | tok/sec: 22029.86
step  8526 | loss: 3.582933 | lr 9.0187e-05 | norm: 0.5767 | dt: 2940.72ms | tok/sec: 22285.67
step  8527 | loss: 3.664023 | lr 9.0147e-05 | norm: 0.5029 | dt: 2943.92ms | tok/sec: 22261.48
step  8528 | loss: 3.832236 | lr 9.0107e-05 | norm: 0.5938 | dt: 2936.79ms | tok/sec: 22315.54
step  8529 | loss: 3.725229 | lr 9.0067e-05 | norm: 0.5970 | dt: 2936.50ms | tok/sec: 22317.70
step  8530 | loss: 3.628680 | lr 9.0027e-05 | norm: 0.4730 | dt: 2930.41ms | tok/sec: 22364.12
step  8531 | loss: 3.811858 | lr 8.9987e-05 | norm: 0.5855 | dt: 2955.30ms | tok/sec: 22175.73
step  8532 | loss: 3.610146 | lr 8.9946e-05 | norm: 0.5138 | dt: 2940.19ms | tok/sec: 22289.72
step  8533 | loss: 3.570038 | lr 8.9906e-05 | norm: 0.5322 | dt: 2953.72ms | tok/sec: 22187.61
step  8534 | loss: 3.652743 | lr 8.9866e-05 | norm: 0.5255 | dt: 2961.61ms | tok/sec: 22128.52
step  8535 | loss: 3.674299 | lr 8.9826e-05 | norm: 0.5048 | dt: 2936.98ms | tok/sec: 22314.09
step  8536 | loss: 3.702951 | lr 8.9787e-05 | norm: 0.5017 | dt: 2946.20ms | tok/sec: 22244.26
step  8537 | loss: 3.636367 | lr 8.9747e-05 | norm: 0.4611 | dt: 2944.49ms | tok/sec: 22257.17
step  8538 | loss: 3.658063 | lr 8.9707e-05 | norm: 0.5455 | dt: 2948.19ms | tok/sec: 22229.23
step  8539 | loss: 3.714203 | lr 8.9667e-05 | norm: 0.4933 | dt: 2947.20ms | tok/sec: 22236.72
step  8540 | loss: 3.930100 | lr 8.9627e-05 | norm: 0.8681 | dt: 2936.23ms | tok/sec: 22319.79
step  8541 | loss: 3.824716 | lr 8.9587e-05 | norm: 0.7194 | dt: 2934.76ms | tok/sec: 22330.92
step  8542 | loss: 3.544183 | lr 8.9547e-05 | norm: 0.5018 | dt: 2942.42ms | tok/sec: 22272.81
step  8543 | loss: 3.505017 | lr 8.9508e-05 | norm: 0.5113 | dt: 2939.35ms | tok/sec: 22296.11
step  8544 | loss: 3.695341 | lr 8.9468e-05 | norm: 0.5424 | dt: 2941.20ms | tok/sec: 22282.07
step  8545 | loss: 3.617101 | lr 8.9428e-05 | norm: 0.5086 | dt: 2972.65ms | tok/sec: 22046.33
step  8546 | loss: 3.649489 | lr 8.9389e-05 | norm: 0.4923 | dt: 2935.92ms | tok/sec: 22322.15
step  8547 | loss: 3.663702 | lr 8.9349e-05 | norm: 0.4811 | dt: 2936.19ms | tok/sec: 22320.09
step  8548 | loss: 3.519888 | lr 8.9309e-05 | norm: 0.4866 | dt: 2934.06ms | tok/sec: 22336.31
step  8549 | loss: 3.718268 | lr 8.9270e-05 | norm: 0.5704 | dt: 2944.74ms | tok/sec: 22255.31
step  8550 | loss: 3.506017 | lr 8.9230e-05 | norm: 0.4916 | dt: 2934.06ms | tok/sec: 22336.28
step  8551 | loss: 3.570741 | lr 8.9190e-05 | norm: 0.4922 | dt: 2939.20ms | tok/sec: 22297.22
step  8552 | loss: 3.511858 | lr 8.9151e-05 | norm: 0.4856 | dt: 2945.41ms | tok/sec: 22250.21
step  8553 | loss: 3.617243 | lr 8.9111e-05 | norm: 0.5933 | dt: 2942.93ms | tok/sec: 22268.94
step  8554 | loss: 3.642109 | lr 8.9072e-05 | norm: 0.4848 | dt: 2960.09ms | tok/sec: 22139.89
step  8555 | loss: 3.644472 | lr 8.9033e-05 | norm: 0.4705 | dt: 2939.05ms | tok/sec: 22298.38
step  8556 | loss: 3.648162 | lr 8.8993e-05 | norm: 0.5428 | dt: 2948.11ms | tok/sec: 22229.80
step  8557 | loss: 3.575125 | lr 8.8954e-05 | norm: 0.4364 | dt: 2936.27ms | tok/sec: 22319.51
step  8558 | loss: 3.667100 | lr 8.8914e-05 | norm: 0.4593 | dt: 2936.53ms | tok/sec: 22317.50
step  8559 | loss: 3.583143 | lr 8.8875e-05 | norm: 0.4772 | dt: 2944.74ms | tok/sec: 22255.30
step  8560 | loss: 3.477409 | lr 8.8836e-05 | norm: 0.4586 | dt: 2938.77ms | tok/sec: 22300.51
step  8561 | loss: 3.498153 | lr 8.8796e-05 | norm: 0.4753 | dt: 2939.81ms | tok/sec: 22292.57
step  8562 | loss: 3.621955 | lr 8.8757e-05 | norm: 0.4590 | dt: 2938.88ms | tok/sec: 22299.68
step  8563 | loss: 3.575628 | lr 8.8718e-05 | norm: 0.5953 | dt: 2944.71ms | tok/sec: 22255.50
step  8564 | loss: 3.615977 | lr 8.8679e-05 | norm: 0.5340 | dt: 2938.00ms | tok/sec: 22306.30
step  8565 | loss: 3.611826 | lr 8.8639e-05 | norm: 0.4660 | dt: 2969.05ms | tok/sec: 22073.09
step  8566 | loss: 3.804043 | lr 8.8600e-05 | norm: 0.5805 | dt: 2939.26ms | tok/sec: 22296.76
step  8567 | loss: 3.647327 | lr 8.8561e-05 | norm: 0.6186 | dt: 2944.15ms | tok/sec: 22259.73
step  8568 | loss: 3.640471 | lr 8.8522e-05 | norm: 0.5123 | dt: 2946.51ms | tok/sec: 22241.90
step  8569 | loss: 3.608869 | lr 8.8483e-05 | norm: 0.5259 | dt: 2934.76ms | tok/sec: 22330.97
step  8570 | loss: 3.561143 | lr 8.8444e-05 | norm: 0.4890 | dt: 2952.54ms | tok/sec: 22196.51
step  8571 | loss: 3.481081 | lr 8.8405e-05 | norm: 0.5110 | dt: 2942.28ms | tok/sec: 22273.89
step  8572 | loss: 3.674489 | lr 8.8366e-05 | norm: 0.4887 | dt: 2939.87ms | tok/sec: 22292.12
step  8573 | loss: 3.617828 | lr 8.8327e-05 | norm: 0.5124 | dt: 2948.53ms | tok/sec: 22226.71
step  8574 | loss: 3.585030 | lr 8.8288e-05 | norm: 0.4769 | dt: 2938.13ms | tok/sec: 22305.36
step  8575 | loss: 3.555168 | lr 8.8249e-05 | norm: 0.4998 | dt: 2969.26ms | tok/sec: 22071.46
step  8576 | loss: 3.535423 | lr 8.8210e-05 | norm: 0.4653 | dt: 2947.77ms | tok/sec: 22232.42
step  8577 | loss: 3.583340 | lr 8.8171e-05 | norm: 0.4503 | dt: 2950.94ms | tok/sec: 22208.55
step  8578 | loss: 3.652858 | lr 8.8132e-05 | norm: 0.4606 | dt: 2967.52ms | tok/sec: 22084.42
step  8579 | loss: 3.706177 | lr 8.8093e-05 | norm: 0.5721 | dt: 2954.57ms | tok/sec: 22181.26
step  8580 | loss: 3.557180 | lr 8.8054e-05 | norm: 0.4627 | dt: 2947.59ms | tok/sec: 22233.77
step  8581 | loss: 3.563804 | lr 8.8015e-05 | norm: 0.4710 | dt: 2943.78ms | tok/sec: 22262.50
step  8582 | loss: 3.607235 | lr 8.7977e-05 | norm: 0.4993 | dt: 2943.96ms | tok/sec: 22261.17
step  8583 | loss: 3.578930 | lr 8.7938e-05 | norm: 0.5872 | dt: 2942.86ms | tok/sec: 22269.52
step  8584 | loss: 3.571406 | lr 8.7899e-05 | norm: 0.4538 | dt: 2940.23ms | tok/sec: 22289.42
step  8585 | loss: 3.824248 | lr 8.7860e-05 | norm: 0.5227 | dt: 2934.34ms | tok/sec: 22334.13
step  8586 | loss: 3.744882 | lr 8.7822e-05 | norm: 0.7083 | dt: 2977.41ms | tok/sec: 22011.07
step  8587 | loss: 3.574105 | lr 8.7783e-05 | norm: 0.5008 | dt: 2966.84ms | tok/sec: 22089.47
step  8588 | loss: 3.450823 | lr 8.7745e-05 | norm: 0.4672 | dt: 2937.66ms | tok/sec: 22308.95
step  8589 | loss: 3.526078 | lr 8.7706e-05 | norm: 0.4707 | dt: 2949.07ms | tok/sec: 22222.63
step  8590 | loss: 3.550346 | lr 8.7667e-05 | norm: 0.4788 | dt: 2944.28ms | tok/sec: 22258.75
step  8591 | loss: 3.864218 | lr 8.7629e-05 | norm: 0.5382 | dt: 2957.29ms | tok/sec: 22160.85
step  8592 | loss: 3.647256 | lr 8.7590e-05 | norm: 0.4910 | dt: 2944.43ms | tok/sec: 22257.63
step  8593 | loss: 3.572720 | lr 8.7552e-05 | norm: 0.4893 | dt: 2946.43ms | tok/sec: 22242.52
step  8594 | loss: 3.627199 | lr 8.7513e-05 | norm: 0.4962 | dt: 2951.17ms | tok/sec: 22206.82
step  8595 | loss: 3.626220 | lr 8.7475e-05 | norm: 0.4830 | dt: 2977.85ms | tok/sec: 22007.84
step  8596 | loss: 3.626814 | lr 8.7436e-05 | norm: 0.4840 | dt: 2949.58ms | tok/sec: 22218.75
step  8597 | loss: 3.654127 | lr 8.7398e-05 | norm: 0.4770 | dt: 2970.89ms | tok/sec: 22059.38
step  8598 | loss: 3.676258 | lr 8.7360e-05 | norm: 0.4550 | dt: 2944.66ms | tok/sec: 22255.85
step  8599 | loss: 3.625276 | lr 8.7321e-05 | norm: 0.4343 | dt: 2945.64ms | tok/sec: 22248.50
step  8600 | loss: 3.541421 | lr 8.7283e-05 | norm: 0.4339 | dt: 2946.98ms | tok/sec: 22238.36
step  8601 | loss: 3.625953 | lr 8.7245e-05 | norm: 0.4820 | dt: 2950.59ms | tok/sec: 22211.11
step  8602 | loss: 3.536897 | lr 8.7206e-05 | norm: 0.4447 | dt: 2956.07ms | tok/sec: 22170.01
step  8603 | loss: 3.396347 | lr 8.7168e-05 | norm: 0.4737 | dt: 2942.00ms | tok/sec: 22275.98
step  8604 | loss: 3.530859 | lr 8.7130e-05 | norm: 0.4463 | dt: 2943.31ms | tok/sec: 22266.10
step  8605 | loss: 3.533316 | lr 8.7092e-05 | norm: 0.4353 | dt: 2937.94ms | tok/sec: 22306.82
step  8606 | loss: 3.560926 | lr 8.7054e-05 | norm: 0.4813 | dt: 2981.49ms | tok/sec: 21980.98
step  8607 | loss: 3.715219 | lr 8.7016e-05 | norm: 0.4916 | dt: 2950.67ms | tok/sec: 22210.57
step  8608 | loss: 3.479834 | lr 8.6977e-05 | norm: 0.4259 | dt: 2954.07ms | tok/sec: 22184.97
step  8609 | loss: 3.542630 | lr 8.6939e-05 | norm: 0.4912 | dt: 2949.35ms | tok/sec: 22220.47
step  8610 | loss: 3.638778 | lr 8.6901e-05 | norm: 0.4612 | dt: 2954.12ms | tok/sec: 22184.62
step  8611 | loss: 3.599119 | lr 8.6863e-05 | norm: 0.4826 | dt: 2940.30ms | tok/sec: 22288.89
step  8612 | loss: 3.654246 | lr 8.6825e-05 | norm: 0.4617 | dt: 2942.47ms | tok/sec: 22272.44
step  8613 | loss: 3.657183 | lr 8.6787e-05 | norm: 0.4661 | dt: 2960.92ms | tok/sec: 22133.66
step  8614 | loss: 3.463387 | lr 8.6749e-05 | norm: 0.4381 | dt: 2947.20ms | tok/sec: 22236.73
step  8615 | loss: 3.656821 | lr 8.6711e-05 | norm: 0.4395 | dt: 2976.49ms | tok/sec: 22017.91
step  8616 | loss: 3.475795 | lr 8.6673e-05 | norm: 0.5074 | dt: 2944.80ms | tok/sec: 22254.85
step  8617 | loss: 3.479846 | lr 8.6636e-05 | norm: 0.4464 | dt: 2933.72ms | tok/sec: 22338.87
step  8618 | loss: 3.547236 | lr 8.6598e-05 | norm: 0.4281 | dt: 2949.30ms | tok/sec: 22220.90
step  8619 | loss: 3.534515 | lr 8.6560e-05 | norm: 0.4976 | dt: 2946.47ms | tok/sec: 22242.23
step  8620 | loss: 3.613925 | lr 8.6522e-05 | norm: 0.4516 | dt: 2953.96ms | tok/sec: 22185.80
step  8621 | loss: 3.611269 | lr 8.6484e-05 | norm: 0.4591 | dt: 2940.04ms | tok/sec: 22290.83
step  8622 | loss: 3.732648 | lr 8.6446e-05 | norm: 0.8028 | dt: 2938.58ms | tok/sec: 22301.97
step  8623 | loss: 3.662181 | lr 8.6409e-05 | norm: 0.4611 | dt: 2946.35ms | tok/sec: 22243.10
step  8624 | loss: 3.602951 | lr 8.6371e-05 | norm: 0.5195 | dt: 2951.37ms | tok/sec: 22205.26
step  8625 | loss: 3.557129 | lr 8.6333e-05 | norm: 0.4895 | dt: 2943.66ms | tok/sec: 22263.42
step  8626 | loss: 3.517613 | lr 8.6296e-05 | norm: 0.4653 | dt: 2928.68ms | tok/sec: 22377.29
step  8627 | loss: 3.664181 | lr 8.6258e-05 | norm: 0.6741 | dt: 2979.12ms | tok/sec: 21998.42
step  8628 | loss: 3.660745 | lr 8.6220e-05 | norm: 0.4664 | dt: 2957.27ms | tok/sec: 22160.98
step  8629 | loss: 3.555052 | lr 8.6183e-05 | norm: 0.5139 | dt: 2934.54ms | tok/sec: 22332.64
step  8630 | loss: 3.609491 | lr 8.6145e-05 | norm: 0.4776 | dt: 2945.36ms | tok/sec: 22250.58
step  8631 | loss: 3.596941 | lr 8.6108e-05 | norm: 0.4904 | dt: 2937.90ms | tok/sec: 22307.06
step  8632 | loss: 3.561510 | lr 8.6070e-05 | norm: 0.4576 | dt: 2941.37ms | tok/sec: 22280.80
step  8633 | loss: 3.736475 | lr 8.6033e-05 | norm: 0.5407 | dt: 2963.05ms | tok/sec: 22117.75
step  8634 | loss: 3.696442 | lr 8.5995e-05 | norm: 0.4740 | dt: 2941.84ms | tok/sec: 22277.21
step  8635 | loss: 3.554493 | lr 8.5958e-05 | norm: 0.4477 | dt: 2952.09ms | tok/sec: 22199.88
step  8636 | loss: 3.490439 | lr 8.5921e-05 | norm: 0.4894 | dt: 2936.79ms | tok/sec: 22315.53
step  8637 | loss: 3.703644 | lr 8.5883e-05 | norm: 0.4614 | dt: 2941.60ms | tok/sec: 22279.00
step  8638 | loss: 3.670735 | lr 8.5846e-05 | norm: 0.4766 | dt: 2935.50ms | tok/sec: 22325.36
step  8639 | loss: 3.605498 | lr 8.5809e-05 | norm: 0.4303 | dt: 2936.30ms | tok/sec: 22319.24
step  8640 | loss: 3.540941 | lr 8.5771e-05 | norm: 0.4898 | dt: 2939.44ms | tok/sec: 22295.44
step  8641 | loss: 3.662310 | lr 8.5734e-05 | norm: 0.4928 | dt: 2949.38ms | tok/sec: 22220.25
step  8642 | loss: 3.521374 | lr 8.5697e-05 | norm: 0.4852 | dt: 2948.47ms | tok/sec: 22227.14
step  8643 | loss: 3.656008 | lr 8.5659e-05 | norm: 0.4645 | dt: 2938.22ms | tok/sec: 22304.69
step  8644 | loss: 3.628839 | lr 8.5622e-05 | norm: 0.4817 | dt: 2951.15ms | tok/sec: 22206.96
step  8645 | loss: 3.597707 | lr 8.5585e-05 | norm: 0.4742 | dt: 2949.56ms | tok/sec: 22218.94
step  8646 | loss: 3.585692 | lr 8.5548e-05 | norm: 0.4477 | dt: 2996.96ms | tok/sec: 21867.49
step  8647 | loss: 3.695735 | lr 8.5511e-05 | norm: 0.4695 | dt: 2943.57ms | tok/sec: 22264.12
step  8648 | loss: 3.524277 | lr 8.5474e-05 | norm: 0.5155 | dt: 2947.80ms | tok/sec: 22232.18
step  8649 | loss: 3.590179 | lr 8.5437e-05 | norm: 0.4247 | dt: 2948.96ms | tok/sec: 22223.42
step  8650 | loss: 3.642121 | lr 8.5400e-05 | norm: 0.4966 | dt: 2947.34ms | tok/sec: 22235.65
step  8651 | loss: 3.748635 | lr 8.5363e-05 | norm: 0.4675 | dt: 2949.88ms | tok/sec: 22216.51
step  8652 | loss: 3.711422 | lr 8.5326e-05 | norm: 0.5530 | dt: 2930.77ms | tok/sec: 22361.38
step  8653 | loss: 3.606871 | lr 8.5289e-05 | norm: 0.4475 | dt: 2950.11ms | tok/sec: 22214.76
step  8654 | loss: 3.564242 | lr 8.5252e-05 | norm: 0.4226 | dt: 2942.59ms | tok/sec: 22271.57
step  8655 | loss: 3.592938 | lr 8.5215e-05 | norm: 0.4509 | dt: 2930.51ms | tok/sec: 22363.37
step  8656 | loss: 3.606321 | lr 8.5178e-05 | norm: 0.4951 | dt: 2964.16ms | tok/sec: 22109.44
step  8657 | loss: 3.506222 | lr 8.5141e-05 | norm: 0.4464 | dt: 2956.54ms | tok/sec: 22166.49
step  8658 | loss: 3.668935 | lr 8.5104e-05 | norm: 0.4801 | dt: 2943.40ms | tok/sec: 22265.44
step  8659 | loss: 3.541999 | lr 8.5067e-05 | norm: 0.4259 | dt: 2942.07ms | tok/sec: 22275.44
step  8660 | loss: 3.660724 | lr 8.5031e-05 | norm: 0.4717 | dt: 2938.92ms | tok/sec: 22299.32
step  8661 | loss: 3.549540 | lr 8.4994e-05 | norm: 0.4881 | dt: 2945.36ms | tok/sec: 22250.56
step  8662 | loss: 3.633649 | lr 8.4957e-05 | norm: 0.4703 | dt: 2949.05ms | tok/sec: 22222.79
step  8663 | loss: 3.643786 | lr 8.4920e-05 | norm: 0.4449 | dt: 2938.02ms | tok/sec: 22306.20
step  8664 | loss: 3.492348 | lr 8.4884e-05 | norm: 0.4549 | dt: 2951.75ms | tok/sec: 22202.43
step  8665 | loss: 3.447703 | lr 8.4847e-05 | norm: 0.4989 | dt: 2943.49ms | tok/sec: 22264.74
step  8666 | loss: 3.626303 | lr 8.4810e-05 | norm: 0.4451 | dt: 2942.94ms | tok/sec: 22268.88
step  8667 | loss: 3.636656 | lr 8.4774e-05 | norm: 0.4506 | dt: 2976.22ms | tok/sec: 22019.84
step  8668 | loss: 3.610234 | lr 8.4737e-05 | norm: 0.4356 | dt: 2939.43ms | tok/sec: 22295.44
step  8669 | loss: 3.499787 | lr 8.4701e-05 | norm: 0.5389 | dt: 2944.30ms | tok/sec: 22258.59
step  8670 | loss: 3.581749 | lr 8.4664e-05 | norm: 0.4804 | dt: 2940.83ms | tok/sec: 22284.86
step  8671 | loss: 3.598337 | lr 8.4628e-05 | norm: 0.4323 | dt: 2945.19ms | tok/sec: 22251.88
step  8672 | loss: 3.598520 | lr 8.4591e-05 | norm: 0.4379 | dt: 2939.67ms | tok/sec: 22293.69
step  8673 | loss: 3.579438 | lr 8.4555e-05 | norm: 0.4459 | dt: 2938.48ms | tok/sec: 22302.66
step  8674 | loss: 3.593716 | lr 8.4518e-05 | norm: 0.4575 | dt: 2941.42ms | tok/sec: 22280.41
step  8675 | loss: 3.570281 | lr 8.4482e-05 | norm: 0.4577 | dt: 2971.63ms | tok/sec: 22053.89
step  8676 | loss: 3.497437 | lr 8.4446e-05 | norm: 0.4781 | dt: 2949.33ms | tok/sec: 22220.62
step  8677 | loss: 3.525599 | lr 8.4409e-05 | norm: 0.4610 | dt: 2939.90ms | tok/sec: 22291.90
step  8678 | loss: 3.669785 | lr 8.4373e-05 | norm: 0.4986 | dt: 2933.02ms | tok/sec: 22344.20
step  8679 | loss: 3.519858 | lr 8.4337e-05 | norm: 0.4799 | dt: 2934.16ms | tok/sec: 22335.53
step  8680 | loss: 3.549126 | lr 8.4300e-05 | norm: 0.4644 | dt: 2944.70ms | tok/sec: 22255.58
step  8681 | loss: 3.571137 | lr 8.4264e-05 | norm: 0.4305 | dt: 2943.39ms | tok/sec: 22265.49
step  8682 | loss: 3.531828 | lr 8.4228e-05 | norm: 0.4898 | dt: 2937.92ms | tok/sec: 22306.94
step  8683 | loss: 3.724697 | lr 8.4192e-05 | norm: 0.4684 | dt: 2946.39ms | tok/sec: 22242.78
step  8684 | loss: 3.636738 | lr 8.4156e-05 | norm: 0.4977 | dt: 2933.24ms | tok/sec: 22342.52
step  8685 | loss: 3.594945 | lr 8.4119e-05 | norm: 0.4712 | dt: 2949.68ms | tok/sec: 22218.02
step  8686 | loss: 3.593982 | lr 8.4083e-05 | norm: 0.5381 | dt: 2935.17ms | tok/sec: 22327.84
step  8687 | loss: 3.648600 | lr 8.4047e-05 | norm: 0.4402 | dt: 2978.50ms | tok/sec: 22002.99
step  8688 | loss: 3.547528 | lr 8.4011e-05 | norm: 0.4786 | dt: 2945.03ms | tok/sec: 22253.09
step  8689 | loss: 3.732612 | lr 8.3975e-05 | norm: 0.6154 | dt: 2951.39ms | tok/sec: 22205.17
step  8690 | loss: 3.591753 | lr 8.3939e-05 | norm: 0.4455 | dt: 2940.56ms | tok/sec: 22286.88
step  8691 | loss: 3.438736 | lr 8.3903e-05 | norm: 0.4521 | dt: 2945.33ms | tok/sec: 22250.79
step  8692 | loss: 3.570867 | lr 8.3867e-05 | norm: 0.4794 | dt: 2934.22ms | tok/sec: 22335.04
step  8693 | loss: 3.647916 | lr 8.3831e-05 | norm: 0.4772 | dt: 2944.18ms | tok/sec: 22259.55
step  8694 | loss: 3.582335 | lr 8.3795e-05 | norm: 0.5045 | dt: 2934.79ms | tok/sec: 22330.69
step  8695 | loss: 3.557194 | lr 8.3759e-05 | norm: 0.4368 | dt: 2958.46ms | tok/sec: 22152.03
step  8696 | loss: 3.696819 | lr 8.3724e-05 | norm: 0.4858 | dt: 2935.46ms | tok/sec: 22325.61
step  8697 | loss: 3.786216 | lr 8.3688e-05 | norm: 0.5692 | dt: 2978.99ms | tok/sec: 21999.41
step  8698 | loss: 3.865712 | lr 8.3652e-05 | norm: 0.6352 | dt: 2940.13ms | tok/sec: 22290.15
step  8699 | loss: 3.549190 | lr 8.3616e-05 | norm: 0.4792 | dt: 2939.85ms | tok/sec: 22292.31
step  8700 | loss: 3.593908 | lr 8.3580e-05 | norm: 0.5278 | dt: 2943.01ms | tok/sec: 22268.37
step  8701 | loss: 3.509480 | lr 8.3545e-05 | norm: 0.5432 | dt: 2940.01ms | tok/sec: 22291.08
step  8702 | loss: 3.727228 | lr 8.3509e-05 | norm: 0.4673 | dt: 2955.86ms | tok/sec: 22171.51
step  8703 | loss: 3.701298 | lr 8.3473e-05 | norm: 0.5248 | dt: 2943.59ms | tok/sec: 22263.96
step  8704 | loss: 3.580381 | lr 8.3438e-05 | norm: 0.4692 | dt: 2943.31ms | tok/sec: 22266.11
step  8705 | loss: 3.596790 | lr 8.3402e-05 | norm: 0.6163 | dt: 2946.75ms | tok/sec: 22240.13
step  8706 | loss: 3.517404 | lr 8.3366e-05 | norm: 0.4798 | dt: 2941.55ms | tok/sec: 22279.42
step  8707 | loss: 3.615738 | lr 8.3331e-05 | norm: 0.4752 | dt: 2938.07ms | tok/sec: 22305.80
step  8708 | loss: 3.597827 | lr 8.3295e-05 | norm: 0.5190 | dt: 2990.77ms | tok/sec: 21912.77
step  8709 | loss: 3.504211 | lr 8.3260e-05 | norm: 0.4760 | dt: 2948.43ms | tok/sec: 22227.43
step  8710 | loss: 3.556528 | lr 8.3224e-05 | norm: 0.5658 | dt: 2945.48ms | tok/sec: 22249.68
step  8711 | loss: 3.606394 | lr 8.3189e-05 | norm: 0.5055 | dt: 2947.44ms | tok/sec: 22234.91
step  8712 | loss: 3.636358 | lr 8.3153e-05 | norm: 0.5029 | dt: 2931.49ms | tok/sec: 22355.90
step  8713 | loss: 3.444335 | lr 8.3118e-05 | norm: 0.5037 | dt: 2944.65ms | tok/sec: 22255.98
step  8714 | loss: 3.526189 | lr 8.3083e-05 | norm: 0.4521 | dt: 2946.40ms | tok/sec: 22242.72
step  8715 | loss: 3.661248 | lr 8.3047e-05 | norm: 0.5427 | dt: 2969.61ms | tok/sec: 22068.89
step  8716 | loss: 3.779722 | lr 8.3012e-05 | norm: 0.7590 | dt: 2947.89ms | tok/sec: 22231.51
step  8717 | loss: 3.598434 | lr 8.2977e-05 | norm: 0.5103 | dt: 2960.19ms | tok/sec: 22139.15
step  8718 | loss: 3.514913 | lr 8.2941e-05 | norm: 0.4847 | dt: 2944.19ms | tok/sec: 22259.44
step  8719 | loss: 3.598998 | lr 8.2906e-05 | norm: 0.5350 | dt: 2950.43ms | tok/sec: 22212.34
step  8720 | loss: 3.568586 | lr 8.2871e-05 | norm: 0.4602 | dt: 2942.32ms | tok/sec: 22273.57
step  8721 | loss: 4.098532 | lr 8.2836e-05 | norm: 0.9012 | dt: 2941.44ms | tok/sec: 22280.21
step  8722 | loss: 3.562759 | lr 8.2800e-05 | norm: 0.5050 | dt: 2946.65ms | tok/sec: 22240.82
step  8723 | loss: 3.682559 | lr 8.2765e-05 | norm: 0.5172 | dt: 2936.06ms | tok/sec: 22321.04
step  8724 | loss: 3.582766 | lr 8.2730e-05 | norm: 0.5298 | dt: 2944.77ms | tok/sec: 22255.04
step  8725 | loss: 3.608117 | lr 8.2695e-05 | norm: 0.5234 | dt: 2943.30ms | tok/sec: 22266.14
step  8726 | loss: 3.571800 | lr 8.2660e-05 | norm: 0.4884 | dt: 2939.84ms | tok/sec: 22292.35
step  8727 | loss: 3.602136 | lr 8.2625e-05 | norm: 0.5034 | dt: 2941.44ms | tok/sec: 22280.25
step  8728 | loss: 3.647083 | lr 8.2590e-05 | norm: 0.5381 | dt: 2982.10ms | tok/sec: 21976.47
step  8729 | loss: 3.556129 | lr 8.2555e-05 | norm: 0.4887 | dt: 2948.28ms | tok/sec: 22228.57
step  8730 | loss: 3.495656 | lr 8.2520e-05 | norm: 0.4879 | dt: 2955.90ms | tok/sec: 22171.21
step  8731 | loss: 3.584527 | lr 8.2485e-05 | norm: 0.4922 | dt: 2943.18ms | tok/sec: 22267.04
step  8732 | loss: 3.612494 | lr 8.2450e-05 | norm: 0.4945 | dt: 2949.34ms | tok/sec: 22220.57
step  8733 | loss: 3.552714 | lr 8.2415e-05 | norm: 0.5466 | dt: 2946.58ms | tok/sec: 22241.37
step  8734 | loss: 3.489728 | lr 8.2380e-05 | norm: 0.5023 | dt: 2943.55ms | tok/sec: 22264.25
step  8735 | loss: 3.528530 | lr 8.2345e-05 | norm: 0.4828 | dt: 2943.66ms | tok/sec: 22263.46
step  8736 | loss: 3.562855 | lr 8.2311e-05 | norm: 0.4859 | dt: 2941.93ms | tok/sec: 22276.55
step  8737 | loss: 3.641300 | lr 8.2276e-05 | norm: 0.4507 | dt: 2973.84ms | tok/sec: 22037.50
step  8738 | loss: 3.567364 | lr 8.2241e-05 | norm: 0.4251 | dt: 2946.43ms | tok/sec: 22242.54
step  8739 | loss: 3.478381 | lr 8.2206e-05 | norm: 0.4504 | dt: 2951.43ms | tok/sec: 22204.83
step  8740 | loss: 3.397901 | lr 8.2172e-05 | norm: 0.4821 | dt: 2939.36ms | tok/sec: 22295.99
step  8741 | loss: 3.531104 | lr 8.2137e-05 | norm: 0.4338 | dt: 2967.30ms | tok/sec: 22086.05
step  8742 | loss: 3.517333 | lr 8.2102e-05 | norm: 0.4588 | dt: 2948.93ms | tok/sec: 22223.63
step  8743 | loss: 3.561737 | lr 8.2068e-05 | norm: 0.4846 | dt: 2943.33ms | tok/sec: 22265.97
step  8744 | loss: 3.495080 | lr 8.2033e-05 | norm: 0.4428 | dt: 2942.64ms | tok/sec: 22271.12
step  8745 | loss: 3.576324 | lr 8.1998e-05 | norm: 0.4209 | dt: 2949.23ms | tok/sec: 22221.41
step  8746 | loss: 3.595307 | lr 8.1964e-05 | norm: 0.4299 | dt: 2946.48ms | tok/sec: 22242.13
step  8747 | loss: 3.519772 | lr 8.1929e-05 | norm: 0.5162 | dt: 2943.63ms | tok/sec: 22263.66
step  8748 | loss: 3.575163 | lr 8.1895e-05 | norm: 0.4546 | dt: 2973.52ms | tok/sec: 22039.84
step  8749 | loss: 3.690699 | lr 8.1860e-05 | norm: 0.4778 | dt: 2940.73ms | tok/sec: 22285.61
step  8750 | loss: 3.557816 | lr 8.1826e-05 | norm: 0.4569 | dt: 2951.35ms | tok/sec: 22205.44
step  8751 | loss: 3.535431 | lr 8.1791e-05 | norm: 0.4355 | dt: 2946.67ms | tok/sec: 22240.67
step  8752 | loss: 3.661236 | lr 8.1757e-05 | norm: 0.4387 | dt: 2942.60ms | tok/sec: 22271.47
step  8753 | loss: 3.544304 | lr 8.1723e-05 | norm: 0.4421 | dt: 2939.69ms | tok/sec: 22293.49
step  8754 | loss: 3.600170 | lr 8.1688e-05 | norm: 0.5137 | dt: 2949.89ms | tok/sec: 22216.40
step  8755 | loss: 3.590026 | lr 8.1654e-05 | norm: 0.4688 | dt: 2945.82ms | tok/sec: 22247.13
step  8756 | loss: 3.516032 | lr 8.1620e-05 | norm: 0.4366 | dt: 2934.42ms | tok/sec: 22333.55
step  8757 | loss: 3.450603 | lr 8.1585e-05 | norm: 0.5763 | dt: 2939.54ms | tok/sec: 22294.67
step  8758 | loss: 3.524328 | lr 8.1551e-05 | norm: 0.4416 | dt: 2969.75ms | tok/sec: 22067.89
step  8759 | loss: 3.533574 | lr 8.1517e-05 | norm: 0.4381 | dt: 2940.12ms | tok/sec: 22290.23
step  8760 | loss: 3.600445 | lr 8.1483e-05 | norm: 0.4697 | dt: 2940.15ms | tok/sec: 22289.99
step  8761 | loss: 3.525244 | lr 8.1449e-05 | norm: 0.5275 | dt: 2954.72ms | tok/sec: 22180.09
step  8762 | loss: 3.496146 | lr 8.1414e-05 | norm: 0.4286 | dt: 2943.78ms | tok/sec: 22262.55
step  8763 | loss: 3.640646 | lr 8.1380e-05 | norm: 0.5166 | dt: 2950.21ms | tok/sec: 22214.00
step  8764 | loss: 3.601532 | lr 8.1346e-05 | norm: 0.5292 | dt: 2941.58ms | tok/sec: 22279.21
step  8765 | loss: 3.615807 | lr 8.1312e-05 | norm: 0.4559 | dt: 2944.91ms | tok/sec: 22253.99
step  8766 | loss: 3.582723 | lr 8.1278e-05 | norm: 0.4684 | dt: 2947.12ms | tok/sec: 22237.34
step  8767 | loss: 3.512482 | lr 8.1244e-05 | norm: 0.4343 | dt: 2939.39ms | tok/sec: 22295.80
step  8768 | loss: 3.648785 | lr 8.1210e-05 | norm: 0.4610 | dt: 2942.22ms | tok/sec: 22274.31
step  8769 | loss: 3.485947 | lr 8.1176e-05 | norm: 0.4990 | dt: 2980.47ms | tok/sec: 21988.46
step  8770 | loss: 3.695505 | lr 8.1142e-05 | norm: 0.4655 | dt: 2946.67ms | tok/sec: 22240.69
step  8771 | loss: 3.507087 | lr 8.1108e-05 | norm: 0.4723 | dt: 2936.22ms | tok/sec: 22319.82
step  8772 | loss: 3.444089 | lr 8.1074e-05 | norm: 0.4883 | dt: 2948.47ms | tok/sec: 22227.15
step  8773 | loss: 3.696529 | lr 8.1041e-05 | norm: 0.4694 | dt: 2951.49ms | tok/sec: 22204.36
step  8774 | loss: 3.671177 | lr 8.1007e-05 | norm: 0.4617 | dt: 2940.47ms | tok/sec: 22287.58
step  8775 | loss: 3.597052 | lr 8.0973e-05 | norm: 0.4979 | dt: 2945.10ms | tok/sec: 22252.57
step  8776 | loss: 3.618531 | lr 8.0939e-05 | norm: 0.4542 | dt: 2949.86ms | tok/sec: 22216.62
step  8777 | loss: 3.616646 | lr 8.0905e-05 | norm: 0.4768 | dt: 2950.14ms | tok/sec: 22214.54
step  8778 | loss: 3.561030 | lr 8.0872e-05 | norm: 0.4419 | dt: 2966.95ms | tok/sec: 22088.68
step  8779 | loss: 3.531181 | lr 8.0838e-05 | norm: 0.4726 | dt: 2949.17ms | tok/sec: 22221.86
step  8780 | loss: 3.562208 | lr 8.0804e-05 | norm: 0.5305 | dt: 2945.64ms | tok/sec: 22248.47
step  8781 | loss: 3.599057 | lr 8.0771e-05 | norm: 0.4519 | dt: 2964.46ms | tok/sec: 22107.25
step  8782 | loss: 3.506154 | lr 8.0737e-05 | norm: 0.4455 | dt: 2953.63ms | tok/sec: 22188.29
step  8783 | loss: 3.437501 | lr 8.0703e-05 | norm: 0.4526 | dt: 2941.18ms | tok/sec: 22282.22
step  8784 | loss: 3.422863 | lr 8.0670e-05 | norm: 0.4405 | dt: 2940.20ms | tok/sec: 22289.67
step  8785 | loss: 3.541164 | lr 8.0636e-05 | norm: 0.4552 | dt: 2951.54ms | tok/sec: 22204.02
step  8786 | loss: 3.479727 | lr 8.0603e-05 | norm: 0.4340 | dt: 2942.19ms | tok/sec: 22274.57
step  8787 | loss: 3.685807 | lr 8.0569e-05 | norm: 0.4512 | dt: 2941.31ms | tok/sec: 22281.23
step  8788 | loss: 3.679797 | lr 8.0536e-05 | norm: 0.5069 | dt: 2938.83ms | tok/sec: 22300.04
step  8789 | loss: 3.564387 | lr 8.0502e-05 | norm: 0.4459 | dt: 2965.31ms | tok/sec: 22100.92
step  8790 | loss: 3.386592 | lr 8.0469e-05 | norm: 0.4366 | dt: 2946.52ms | tok/sec: 22241.86
step  8791 | loss: 3.493644 | lr 8.0436e-05 | norm: 0.4397 | dt: 2933.54ms | tok/sec: 22340.21
step  8792 | loss: 3.524719 | lr 8.0402e-05 | norm: 0.4463 | dt: 2946.86ms | tok/sec: 22239.29
step  8793 | loss: 3.502661 | lr 8.0369e-05 | norm: 0.4580 | dt: 2941.05ms | tok/sec: 22283.19
step  8794 | loss: 3.401764 | lr 8.0336e-05 | norm: 0.4886 | dt: 2946.83ms | tok/sec: 22239.51
step  8795 | loss: 3.419737 | lr 8.0302e-05 | norm: 0.5193 | dt: 2948.77ms | tok/sec: 22224.88
step  8796 | loss: 3.363824 | lr 8.0269e-05 | norm: 0.4394 | dt: 2940.45ms | tok/sec: 22287.75
step  8797 | loss: 3.287605 | lr 8.0236e-05 | norm: 0.4306 | dt: 2944.40ms | tok/sec: 22257.83
step  8798 | loss: 3.352347 | lr 8.0203e-05 | norm: 0.4956 | dt: 2974.57ms | tok/sec: 22032.10
step  8799 | loss: 3.394058 | lr 8.0169e-05 | norm: 0.5379 | dt: 2940.99ms | tok/sec: 22283.65
step  8800 | loss: 3.428544 | lr 8.0136e-05 | norm: 0.4849 | dt: 2946.01ms | tok/sec: 22245.71
step  8801 | loss: 3.420419 | lr 8.0103e-05 | norm: 0.4888 | dt: 2940.88ms | tok/sec: 22284.49
step  8802 | loss: 3.356095 | lr 8.0070e-05 | norm: 0.4578 | dt: 2955.54ms | tok/sec: 22173.96
step  8803 | loss: 3.357366 | lr 8.0037e-05 | norm: 0.4585 | dt: 2944.95ms | tok/sec: 22253.71
step  8804 | loss: 3.654221 | lr 8.0004e-05 | norm: 0.4696 | dt: 2947.00ms | tok/sec: 22238.20
step  8805 | loss: 3.318214 | lr 7.9971e-05 | norm: 0.4359 | dt: 2955.35ms | tok/sec: 22175.38
step  8806 | loss: 3.349192 | lr 7.9938e-05 | norm: 0.4490 | dt: 2943.67ms | tok/sec: 22263.34
step  8807 | loss: 3.604334 | lr 7.9905e-05 | norm: 0.4619 | dt: 2947.68ms | tok/sec: 22233.06
step  8808 | loss: 3.552659 | lr 7.9872e-05 | norm: 0.4560 | dt: 2942.76ms | tok/sec: 22270.25
step  8809 | loss: 3.328005 | lr 7.9839e-05 | norm: 0.4392 | dt: 2973.17ms | tok/sec: 22042.44
step  8810 | loss: 3.390453 | lr 7.9806e-05 | norm: 0.4536 | dt: 2945.96ms | tok/sec: 22246.06
step  8811 | loss: 3.559156 | lr 7.9773e-05 | norm: 0.4662 | dt: 2947.44ms | tok/sec: 22234.87
step  8812 | loss: 3.304113 | lr 7.9741e-05 | norm: 0.4593 | dt: 2955.87ms | tok/sec: 22171.49
step  8813 | loss: 3.528142 | lr 7.9708e-05 | norm: 0.4675 | dt: 2944.13ms | tok/sec: 22259.87
step  8814 | loss: 3.429083 | lr 7.9675e-05 | norm: 0.5000 | dt: 2928.93ms | tok/sec: 22375.41
step  8815 | loss: 3.580178 | lr 7.9642e-05 | norm: 0.4383 | dt: 2941.54ms | tok/sec: 22279.49
step  8816 | loss: 3.432462 | lr 7.9609e-05 | norm: 0.5174 | dt: 2950.60ms | tok/sec: 22211.08
step  8817 | loss: 3.428562 | lr 7.9577e-05 | norm: 0.4643 | dt: 2972.64ms | tok/sec: 22046.40
step  8818 | loss: 3.328051 | lr 7.9544e-05 | norm: 0.4654 | dt: 2932.72ms | tok/sec: 22346.46
step  8819 | loss: 3.477418 | lr 7.9511e-05 | norm: 0.4309 | dt: 2948.44ms | tok/sec: 22227.38
step  8820 | loss: 3.344445 | lr 7.9479e-05 | norm: 0.4534 | dt: 2942.75ms | tok/sec: 22270.30
step  8821 | loss: 3.415426 | lr 7.9446e-05 | norm: 0.4467 | dt: 2938.75ms | tok/sec: 22300.63
step  8822 | loss: 3.362439 | lr 7.9414e-05 | norm: 0.4416 | dt: 2946.22ms | tok/sec: 22244.11
step  8823 | loss: 3.393167 | lr 7.9381e-05 | norm: 0.4551 | dt: 2946.65ms | tok/sec: 22240.88
step  8824 | loss: 3.491959 | lr 7.9349e-05 | norm: 0.4894 | dt: 2952.67ms | tok/sec: 22195.50
step  8825 | loss: 3.493031 | lr 7.9316e-05 | norm: 0.4436 | dt: 2940.80ms | tok/sec: 22285.12
step  8826 | loss: 3.389278 | lr 7.9284e-05 | norm: 0.4436 | dt: 2945.56ms | tok/sec: 22249.09
step  8827 | loss: 3.532828 | lr 7.9251e-05 | norm: 0.4842 | dt: 2949.33ms | tok/sec: 22220.62
step  8828 | loss: 3.360162 | lr 7.9219e-05 | norm: 0.4292 | dt: 2934.12ms | tok/sec: 22335.81
step  8829 | loss: 3.362537 | lr 7.9186e-05 | norm: 0.5242 | dt: 2947.00ms | tok/sec: 22238.20
step  8830 | loss: 3.450252 | lr 7.9154e-05 | norm: 0.4818 | dt: 2971.23ms | tok/sec: 22056.84
step  8831 | loss: 3.269420 | lr 7.9122e-05 | norm: 0.4666 | dt: 2949.67ms | tok/sec: 22218.07
step  8832 | loss: 3.330821 | lr 7.9089e-05 | norm: 0.4446 | dt: 2940.89ms | tok/sec: 22284.44
step  8833 | loss: 3.413155 | lr 7.9057e-05 | norm: 0.4655 | dt: 2944.65ms | tok/sec: 22255.96
step  8834 | loss: 3.322927 | lr 7.9025e-05 | norm: 0.4343 | dt: 2936.40ms | tok/sec: 22318.50
step  8835 | loss: 3.510587 | lr 7.8993e-05 | norm: 0.4805 | dt: 2942.03ms | tok/sec: 22275.81
step  8836 | loss: 3.455002 | lr 7.8960e-05 | norm: 0.4811 | dt: 2934.75ms | tok/sec: 22331.01
step  8837 | loss: 3.330622 | lr 7.8928e-05 | norm: 0.4898 | dt: 2960.21ms | tok/sec: 22138.98
step  8838 | loss: 3.400554 | lr 7.8896e-05 | norm: 0.4702 | dt: 2943.77ms | tok/sec: 22262.60
step  8839 | loss: 3.292905 | lr 7.8864e-05 | norm: 0.4678 | dt: 2970.22ms | tok/sec: 22064.36
step  8840 | loss: 3.400037 | lr 7.8832e-05 | norm: 0.4844 | dt: 2942.69ms | tok/sec: 22270.79
step  8841 | loss: 3.381336 | lr 7.8800e-05 | norm: 0.4460 | dt: 2938.44ms | tok/sec: 22302.98
step  8842 | loss: 3.452297 | lr 7.8768e-05 | norm: 0.4877 | dt: 2938.58ms | tok/sec: 22301.89
step  8843 | loss: 3.493868 | lr 7.8736e-05 | norm: 0.4834 | dt: 2944.64ms | tok/sec: 22256.02
step  8844 | loss: 3.333016 | lr 7.8704e-05 | norm: 0.4558 | dt: 2943.97ms | tok/sec: 22261.12
step  8845 | loss: 3.390465 | lr 7.8672e-05 | norm: 0.4427 | dt: 2950.27ms | tok/sec: 22213.58
step  8846 | loss: 3.366224 | lr 7.8640e-05 | norm: 0.4600 | dt: 2942.08ms | tok/sec: 22275.38
step  8847 | loss: 3.416443 | lr 7.8608e-05 | norm: 0.4767 | dt: 2944.80ms | tok/sec: 22254.81
step  8848 | loss: 3.474084 | lr 7.8576e-05 | norm: 0.4606 | dt: 2945.91ms | tok/sec: 22246.44
step  8849 | loss: 3.350081 | lr 7.8544e-05 | norm: 0.4614 | dt: 2938.78ms | tok/sec: 22300.44
step  8850 | loss: 3.461936 | lr 7.8512e-05 | norm: 1.0962 | dt: 2971.96ms | tok/sec: 22051.42
step  8851 | loss: 3.576382 | lr 7.8480e-05 | norm: 0.4573 | dt: 2946.15ms | tok/sec: 22244.60
step  8852 | loss: 3.767869 | lr 7.8449e-05 | norm: 0.8604 | dt: 2940.84ms | tok/sec: 22284.79
step  8853 | loss: 3.645452 | lr 7.8417e-05 | norm: 0.4732 | dt: 2944.40ms | tok/sec: 22257.84
step  8854 | loss: 3.458233 | lr 7.8385e-05 | norm: 0.4959 | dt: 2942.37ms | tok/sec: 22273.18
step  8855 | loss: 3.421256 | lr 7.8353e-05 | norm: 0.4530 | dt: 2937.01ms | tok/sec: 22313.88
step  8856 | loss: 3.413851 | lr 7.8322e-05 | norm: 0.6049 | dt: 2949.98ms | tok/sec: 22215.73
step  8857 | loss: 3.484794 | lr 7.8290e-05 | norm: 0.4810 | dt: 2968.49ms | tok/sec: 22077.24
step  8858 | loss: 3.651759 | lr 7.8259e-05 | norm: 0.4758 | dt: 2943.66ms | tok/sec: 22263.44
step  8859 | loss: 3.382215 | lr 7.8227e-05 | norm: 0.4599 | dt: 2935.56ms | tok/sec: 22324.89
step  8860 | loss: 3.423207 | lr 7.8195e-05 | norm: 0.4695 | dt: 2968.35ms | tok/sec: 22078.24
step  8861 | loss: 3.572601 | lr 7.8164e-05 | norm: 0.4693 | dt: 2939.92ms | tok/sec: 22291.76
step  8862 | loss: 3.504126 | lr 7.8132e-05 | norm: 0.4576 | dt: 2941.57ms | tok/sec: 22279.27
step  8863 | loss: 3.715413 | lr 7.8101e-05 | norm: 0.5746 | dt: 2938.88ms | tok/sec: 22299.66
step  8864 | loss: 4.005147 | lr 7.8069e-05 | norm: 0.8009 | dt: 2946.54ms | tok/sec: 22241.70
step  8865 | loss: 3.196159 | lr 7.8038e-05 | norm: 0.4781 | dt: 2941.91ms | tok/sec: 22276.67
step  8866 | loss: 3.313013 | lr 7.8006e-05 | norm: 0.4914 | dt: 2938.20ms | tok/sec: 22304.81
step  8867 | loss: 3.415349 | lr 7.7975e-05 | norm: 0.4933 | dt: 2951.07ms | tok/sec: 22207.55
step  8868 | loss: 3.407809 | lr 7.7944e-05 | norm: 0.4542 | dt: 2937.92ms | tok/sec: 22306.94
step  8869 | loss: 3.435185 | lr 7.7912e-05 | norm: 0.4516 | dt: 2930.19ms | tok/sec: 22365.81
step  8870 | loss: 3.427408 | lr 7.7881e-05 | norm: 0.4497 | dt: 2977.96ms | tok/sec: 22007.02
step  8871 | loss: 3.403381 | lr 7.7850e-05 | norm: 0.5079 | dt: 2940.66ms | tok/sec: 22286.13
step  8872 | loss: 3.455922 | lr 7.7819e-05 | norm: 0.4932 | dt: 2936.44ms | tok/sec: 22318.19
step  8873 | loss: 3.370309 | lr 7.7787e-05 | norm: 0.4816 | dt: 2952.38ms | tok/sec: 22197.70
step  8874 | loss: 3.435555 | lr 7.7756e-05 | norm: 0.5222 | dt: 2947.12ms | tok/sec: 22237.29
step  8875 | loss: 3.336480 | lr 7.7725e-05 | norm: 0.4685 | dt: 2946.00ms | tok/sec: 22245.77
step  8876 | loss: 3.424131 | lr 7.7694e-05 | norm: 0.4493 | dt: 2941.05ms | tok/sec: 22283.17
step  8877 | loss: 3.477911 | lr 7.7663e-05 | norm: 0.4613 | dt: 2941.02ms | tok/sec: 22283.46
step  8878 | loss: 3.460079 | lr 7.7632e-05 | norm: 0.5008 | dt: 2959.60ms | tok/sec: 22143.53
step  8879 | loss: 3.483793 | lr 7.7601e-05 | norm: 0.4524 | dt: 2945.58ms | tok/sec: 22248.95
step  8880 | loss: 3.400168 | lr 7.7569e-05 | norm: 0.4777 | dt: 2966.61ms | tok/sec: 22091.21
step  8881 | loss: 3.487823 | lr 7.7538e-05 | norm: 0.5561 | dt: 2946.22ms | tok/sec: 22244.13
step  8882 | loss: 3.485248 | lr 7.7507e-05 | norm: 0.6199 | dt: 2944.85ms | tok/sec: 22254.41
step  8883 | loss: 3.563280 | lr 7.7477e-05 | norm: 0.4731 | dt: 2943.94ms | tok/sec: 22261.31
step  8884 | loss: 3.410620 | lr 7.7446e-05 | norm: 0.4567 | dt: 2949.53ms | tok/sec: 22219.10
step  8885 | loss: 3.486080 | lr 7.7415e-05 | norm: 0.5143 | dt: 2937.75ms | tok/sec: 22308.20
step  8886 | loss: 3.526546 | lr 7.7384e-05 | norm: 0.5202 | dt: 2947.95ms | tok/sec: 22231.03
step  8887 | loss: 3.421705 | lr 7.7353e-05 | norm: 0.4341 | dt: 2944.90ms | tok/sec: 22254.05
step  8888 | loss: 3.538607 | lr 7.7322e-05 | norm: 0.4610 | dt: 2939.21ms | tok/sec: 22297.11
step  8889 | loss: 3.302972 | lr 7.7291e-05 | norm: 0.7913 | dt: 2933.94ms | tok/sec: 22337.19
step  8890 | loss: 3.440790 | lr 7.7261e-05 | norm: 0.5904 | dt: 2947.42ms | tok/sec: 22235.05
step  8891 | loss: 3.558116 | lr 7.7230e-05 | norm: 0.4751 | dt: 2982.38ms | tok/sec: 21974.39
step  8892 | loss: 3.639507 | lr 7.7199e-05 | norm: 0.4822 | dt: 2941.34ms | tok/sec: 22281.02
step  8893 | loss: 3.633771 | lr 7.7168e-05 | norm: 0.5106 | dt: 2936.44ms | tok/sec: 22318.16
step  8894 | loss: 3.578093 | lr 7.7138e-05 | norm: 0.4971 | dt: 2941.33ms | tok/sec: 22281.08
step  8895 | loss: 3.538532 | lr 7.7107e-05 | norm: 0.4884 | dt: 2942.38ms | tok/sec: 22273.12
step  8896 | loss: 3.413365 | lr 7.7076e-05 | norm: 0.4607 | dt: 2938.72ms | tok/sec: 22300.89
step  8897 | loss: 3.458117 | lr 7.7046e-05 | norm: 0.4885 | dt: 2938.27ms | tok/sec: 22304.29
step  8898 | loss: 3.676291 | lr 7.7015e-05 | norm: 0.6140 | dt: 2964.17ms | tok/sec: 22109.39
step  8899 | loss: 3.545372 | lr 7.6985e-05 | norm: 0.4925 | dt: 2943.44ms | tok/sec: 22265.09
step  8900 | loss: 3.519082 | lr 7.6954e-05 | norm: 0.4625 | dt: 2968.89ms | tok/sec: 22074.21
step  8901 | loss: 3.546482 | lr 7.6924e-05 | norm: 0.4992 | dt: 2941.99ms | tok/sec: 22276.08
step  8902 | loss: 3.709315 | lr 7.6893e-05 | norm: 0.5007 | dt: 2933.05ms | tok/sec: 22343.94
step  8903 | loss: 3.773856 | lr 7.6863e-05 | norm: 0.5397 | dt: 2943.57ms | tok/sec: 22264.14
step  8904 | loss: 3.468293 | lr 7.6832e-05 | norm: 0.4857 | dt: 2945.63ms | tok/sec: 22248.58
step  8905 | loss: 3.559434 | lr 7.6802e-05 | norm: 0.5026 | dt: 2949.78ms | tok/sec: 22217.23
step  8906 | loss: 3.478280 | lr 7.6772e-05 | norm: 0.4895 | dt: 2936.28ms | tok/sec: 22319.39
step  8907 | loss: 3.662971 | lr 7.6741e-05 | norm: 0.4899 | dt: 2943.92ms | tok/sec: 22261.48
step  8908 | loss: 3.526934 | lr 7.6711e-05 | norm: 0.4630 | dt: 2953.66ms | tok/sec: 22188.04
step  8909 | loss: 3.490036 | lr 7.6681e-05 | norm: 0.5042 | dt: 2938.33ms | tok/sec: 22303.80
step  8910 | loss: 3.507428 | lr 7.6651e-05 | norm: 0.4590 | dt: 2932.01ms | tok/sec: 22351.92
step  8911 | loss: 3.546347 | lr 7.6620e-05 | norm: 0.4924 | dt: 2981.31ms | tok/sec: 21982.29
step  8912 | loss: 3.661125 | lr 7.6590e-05 | norm: 0.4846 | dt: 2948.19ms | tok/sec: 22229.22
step  8913 | loss: 3.541389 | lr 7.6560e-05 | norm: 0.4398 | dt: 2935.95ms | tok/sec: 22321.94
step  8914 | loss: 3.575339 | lr 7.6530e-05 | norm: 0.4789 | dt: 2944.24ms | tok/sec: 22259.05
step  8915 | loss: 3.660541 | lr 7.6500e-05 | norm: 0.4919 | dt: 2942.51ms | tok/sec: 22272.14
step  8916 | loss: 3.550241 | lr 7.6470e-05 | norm: 0.4921 | dt: 2940.90ms | tok/sec: 22284.35
step  8917 | loss: 3.359615 | lr 7.6440e-05 | norm: 0.4918 | dt: 2942.54ms | tok/sec: 22271.92
step  8918 | loss: 3.532370 | lr 7.6410e-05 | norm: 0.4549 | dt: 2942.52ms | tok/sec: 22272.07
step  8919 | loss: 3.443012 | lr 7.6380e-05 | norm: 0.4380 | dt: 2957.53ms | tok/sec: 22159.00
step  8920 | loss: 3.688522 | lr 7.6350e-05 | norm: 0.6092 | dt: 2945.32ms | tok/sec: 22250.90
step  8921 | loss: 3.513172 | lr 7.6320e-05 | norm: 0.4457 | dt: 2958.58ms | tok/sec: 22151.19
step  8922 | loss: 3.598253 | lr 7.6290e-05 | norm: 0.5439 | dt: 2946.48ms | tok/sec: 22242.11
step  8923 | loss: 3.494661 | lr 7.6260e-05 | norm: 0.5378 | dt: 2949.97ms | tok/sec: 22215.79
step  8924 | loss: 3.654901 | lr 7.6230e-05 | norm: 0.4959 | dt: 2941.01ms | tok/sec: 22283.47
step  8925 | loss: 3.582594 | lr 7.6200e-05 | norm: 0.5018 | dt: 2947.68ms | tok/sec: 22233.06
step  8926 | loss: 3.537407 | lr 7.6170e-05 | norm: 0.4734 | dt: 2939.07ms | tok/sec: 22298.23
step  8927 | loss: 3.648905 | lr 7.6140e-05 | norm: 0.5015 | dt: 2952.41ms | tok/sec: 22197.43
step  8928 | loss: 3.518155 | lr 7.6111e-05 | norm: 0.5549 | dt: 2938.86ms | tok/sec: 22299.84
step  8929 | loss: 3.497461 | lr 7.6081e-05 | norm: 0.4476 | dt: 2944.57ms | tok/sec: 22256.55
step  8930 | loss: 3.628483 | lr 7.6051e-05 | norm: 0.4725 | dt: 2948.25ms | tok/sec: 22228.75
step  8931 | loss: 3.447593 | lr 7.6021e-05 | norm: 0.4492 | dt: 2930.69ms | tok/sec: 22361.94
step  8932 | loss: 3.625964 | lr 7.5992e-05 | norm: 0.4407 | dt: 2979.05ms | tok/sec: 21998.92
step  8933 | loss: 3.472296 | lr 7.5962e-05 | norm: 0.4456 | dt: 2944.95ms | tok/sec: 22253.70
step  8934 | loss: 3.495890 | lr 7.5933e-05 | norm: 0.5118 | dt: 2949.20ms | tok/sec: 22221.64
step  8935 | loss: 3.558830 | lr 7.5903e-05 | norm: 0.4551 | dt: 2936.10ms | tok/sec: 22320.74
step  8936 | loss: 3.551311 | lr 7.5873e-05 | norm: 0.4319 | dt: 2936.14ms | tok/sec: 22320.49
step  8937 | loss: 3.466886 | lr 7.5844e-05 | norm: 0.4296 | dt: 2945.46ms | tok/sec: 22249.84
step  8938 | loss: 3.475693 | lr 7.5814e-05 | norm: 0.4570 | dt: 2940.10ms | tok/sec: 22290.41
step  8939 | loss: 3.587496 | lr 7.5785e-05 | norm: 0.6309 | dt: 2962.59ms | tok/sec: 22121.18
step  8940 | loss: 3.742155 | lr 7.5755e-05 | norm: 0.5033 | dt: 2934.69ms | tok/sec: 22331.46
step  8941 | loss: 3.577990 | lr 7.5726e-05 | norm: 0.5172 | dt: 2958.75ms | tok/sec: 22149.88
step  8942 | loss: 3.459815 | lr 7.5697e-05 | norm: 0.4901 | dt: 2946.76ms | tok/sec: 22240.02
step  8943 | loss: 3.483034 | lr 7.5667e-05 | norm: 0.4926 | dt: 2941.16ms | tok/sec: 22282.36
step  8944 | loss: 3.574032 | lr 7.5638e-05 | norm: 1.0207 | dt: 2937.84ms | tok/sec: 22307.56
step  8945 | loss: 3.324787 | lr 7.5609e-05 | norm: 0.4777 | dt: 2931.87ms | tok/sec: 22352.97
step  8946 | loss: 3.550112 | lr 7.5579e-05 | norm: 0.5167 | dt: 2941.78ms | tok/sec: 22277.65
step  8947 | loss: 3.614766 | lr 7.5550e-05 | norm: 0.5185 | dt: 2936.81ms | tok/sec: 22315.39
step  8948 | loss: 3.496892 | lr 7.5521e-05 | norm: 0.8416 | dt: 2946.39ms | tok/sec: 22242.78
step  8949 | loss: 3.551481 | lr 7.5492e-05 | norm: 0.4832 | dt: 2945.79ms | tok/sec: 22247.33
step  8950 | loss: 3.571448 | lr 7.5462e-05 | norm: 0.5258 | dt: 2951.02ms | tok/sec: 22207.94
step  8951 | loss: 3.332507 | lr 7.5433e-05 | norm: 0.5794 | dt: 2940.90ms | tok/sec: 22284.31
step  8952 | loss: 3.475209 | lr 7.5404e-05 | norm: 0.5720 | dt: 2982.40ms | tok/sec: 21974.23
step  8953 | loss: 3.509753 | lr 7.5375e-05 | norm: 0.4780 | dt: 2941.63ms | tok/sec: 22278.77
step  8954 | loss: 3.518012 | lr 7.5346e-05 | norm: 0.5351 | dt: 2937.14ms | tok/sec: 22312.88
step  8955 | loss: 3.603360 | lr 7.5317e-05 | norm: 0.4609 | dt: 2945.76ms | tok/sec: 22247.60
step  8956 | loss: 3.474005 | lr 7.5288e-05 | norm: 0.4893 | dt: 2946.44ms | tok/sec: 22242.41
step  8957 | loss: 3.416182 | lr 7.5259e-05 | norm: 0.4477 | dt: 2944.08ms | tok/sec: 22260.27
step  8958 | loss: 3.482548 | lr 7.5230e-05 | norm: 0.5034 | dt: 2941.67ms | tok/sec: 22278.49
step  8959 | loss: 3.437304 | lr 7.5201e-05 | norm: 0.4639 | dt: 2947.42ms | tok/sec: 22235.03
step  8960 | loss: 3.591898 | lr 7.5172e-05 | norm: 0.5207 | dt: 2935.23ms | tok/sec: 22327.36
step  8961 | loss: 3.513081 | lr 7.5143e-05 | norm: 0.4846 | dt: 2967.38ms | tok/sec: 22085.44
step  8962 | loss: 3.457226 | lr 7.5114e-05 | norm: 0.4623 | dt: 2943.73ms | tok/sec: 22262.94
step  8963 | loss: 3.678843 | lr 7.5086e-05 | norm: 0.5179 | dt: 2940.95ms | tok/sec: 22283.93
step  8964 | loss: 3.648876 | lr 7.5057e-05 | norm: 0.4835 | dt: 2941.21ms | tok/sec: 22282.02
step  8965 | loss: 3.634936 | lr 7.5028e-05 | norm: 0.6018 | dt: 2939.44ms | tok/sec: 22295.40
step  8966 | loss: 3.624429 | lr 7.4999e-05 | norm: 0.4939 | dt: 2949.75ms | tok/sec: 22217.47
step  8967 | loss: 3.634126 | lr 7.4970e-05 | norm: 0.4747 | dt: 2944.07ms | tok/sec: 22260.38
step  8968 | loss: 3.527701 | lr 7.4942e-05 | norm: 0.4950 | dt: 2939.18ms | tok/sec: 22297.38
step  8969 | loss: 3.439033 | lr 7.4913e-05 | norm: 0.4903 | dt: 2944.60ms | tok/sec: 22256.34
step  8970 | loss: 3.568752 | lr 7.4884e-05 | norm: 0.4764 | dt: 2950.58ms | tok/sec: 22211.24
step  8971 | loss: 3.615521 | lr 7.4856e-05 | norm: 0.4696 | dt: 2950.33ms | tok/sec: 22213.12
step  8972 | loss: 3.495886 | lr 7.4827e-05 | norm: 0.5962 | dt: 2961.55ms | tok/sec: 22128.93
step  8973 | loss: 3.539585 | lr 7.4799e-05 | norm: 0.4492 | dt: 2932.31ms | tok/sec: 22349.59
step  8974 | loss: 3.623077 | lr 7.4770e-05 | norm: 0.5215 | dt: 2939.66ms | tok/sec: 22293.75
step  8975 | loss: 3.564690 | lr 7.4742e-05 | norm: 0.4755 | dt: 2939.10ms | tok/sec: 22298.00
step  8976 | loss: 3.524840 | lr 7.4713e-05 | norm: 0.4692 | dt: 2939.63ms | tok/sec: 22293.98
step  8977 | loss: 3.695115 | lr 7.4685e-05 | norm: 0.4560 | dt: 2948.95ms | tok/sec: 22223.49
step  8978 | loss: 3.571425 | lr 7.4656e-05 | norm: 0.4617 | dt: 2950.52ms | tok/sec: 22211.69
step  8979 | loss: 3.663161 | lr 7.4628e-05 | norm: 0.4860 | dt: 2944.31ms | tok/sec: 22258.54
step  8980 | loss: 3.571946 | lr 7.4599e-05 | norm: 0.4351 | dt: 2945.68ms | tok/sec: 22248.18
step  8981 | loss: 3.632664 | lr 7.4571e-05 | norm: 0.4844 | dt: 2934.53ms | tok/sec: 22332.67
step  8982 | loss: 3.494987 | lr 7.4543e-05 | norm: 0.4637 | dt: 2953.16ms | tok/sec: 22191.86
step  8983 | loss: 3.610457 | lr 7.4514e-05 | norm: 0.4652 | dt: 2945.82ms | tok/sec: 22247.12
step  8984 | loss: 3.666241 | lr 7.4486e-05 | norm: 0.5417 | dt: 2946.49ms | tok/sec: 22242.08
step  8985 | loss: 3.615830 | lr 7.4458e-05 | norm: 0.4579 | dt: 2965.00ms | tok/sec: 22103.21
step  8986 | loss: 3.559126 | lr 7.4430e-05 | norm: 0.4449 | dt: 2942.63ms | tok/sec: 22271.26
step  8987 | loss: 3.483218 | lr 7.4402e-05 | norm: 0.5321 | dt: 2953.16ms | tok/sec: 22191.81
step  8988 | loss: 3.602561 | lr 7.4373e-05 | norm: 0.5083 | dt: 2946.99ms | tok/sec: 22238.29
step  8989 | loss: 3.606943 | lr 7.4345e-05 | norm: 0.5561 | dt: 2942.83ms | tok/sec: 22269.75
step  8990 | loss: 3.519010 | lr 7.4317e-05 | norm: 0.4814 | dt: 2946.58ms | tok/sec: 22241.39
step  8991 | loss: 3.664052 | lr 7.4289e-05 | norm: 0.5649 | dt: 2946.58ms | tok/sec: 22241.34
step  8992 | loss: 3.768179 | lr 7.4261e-05 | norm: 0.5188 | dt: 2945.70ms | tok/sec: 22247.99
step  8993 | loss: 3.544180 | lr 7.4233e-05 | norm: 0.4704 | dt: 2981.26ms | tok/sec: 21982.67
step  8994 | loss: 3.661332 | lr 7.4205e-05 | norm: 0.4885 | dt: 2944.98ms | tok/sec: 22253.48
step  8995 | loss: 3.625109 | lr 7.4177e-05 | norm: 0.4390 | dt: 2936.07ms | tok/sec: 22320.97
step  8996 | loss: 3.575583 | lr 7.4149e-05 | norm: 0.4326 | dt: 2945.68ms | tok/sec: 22248.19
step  8997 | loss: 3.605318 | lr 7.4121e-05 | norm: 0.4770 | dt: 2944.84ms | tok/sec: 22254.54
step  8998 | loss: 3.545033 | lr 7.4093e-05 | norm: 0.4367 | dt: 2943.20ms | tok/sec: 22266.94
step  8999 | loss: 3.702861 | lr 7.4065e-05 | norm: 0.4642 | dt: 2937.91ms | tok/sec: 22306.98
validation loss: 3.5171
HellaSwag accuracy: 2620/10042=0.2609
rank 0 sample 0: Hello, I'm a language model, and I don't have it all on in here. I've learned too many languages at school because it is so complex
rank 0 sample 1: Hello, I'm a language model, but in the case of the rest of the code to implement it, the language is the object. But it's also
rank 0 sample 2: Hello, I'm a language model, but I believe you really care about your language if you're really in it.
Here is a list of some helpful
rank 0 sample 3: Hello, I'm a language model, and can be used to build the system that defines the language. A language can handle some sort of things, such as
step  9000 | loss: 3.498862 | lr 7.4038e-05 | norm: 0.4503 | dt: 105788.22ms | tok/sec: 619.50
step  9001 | loss: 3.560426 | lr 7.4010e-05 | norm: 0.4536 | dt: 2942.43ms | tok/sec: 22272.72
step  9002 | loss: 3.513749 | lr 7.3982e-05 | norm: 0.4319 | dt: 2941.22ms | tok/sec: 22281.90
step  9003 | loss: 3.571949 | lr 7.3954e-05 | norm: 0.4659 | dt: 2943.31ms | tok/sec: 22266.10
step  9004 | loss: 3.542866 | lr 7.3926e-05 | norm: 0.4902 | dt: 2935.86ms | tok/sec: 22322.57
step  9005 | loss: 3.568177 | lr 7.3899e-05 | norm: 0.4508 | dt: 2930.91ms | tok/sec: 22360.28
step  9006 | loss: 3.493024 | lr 7.3871e-05 | norm: 0.4471 | dt: 2946.60ms | tok/sec: 22241.22
step  9007 | loss: 3.659720 | lr 7.3843e-05 | norm: 0.4715 | dt: 2942.28ms | tok/sec: 22273.88
step  9008 | loss: 3.566715 | lr 7.3816e-05 | norm: 0.4604 | dt: 2958.36ms | tok/sec: 22152.79
step  9009 | loss: 3.382155 | lr 7.3788e-05 | norm: 0.5637 | dt: 2947.91ms | tok/sec: 22231.36
step  9010 | loss: 3.626569 | lr 7.3761e-05 | norm: 0.4533 | dt: 2949.09ms | tok/sec: 22222.47
step  9011 | loss: 3.482060 | lr 7.3733e-05 | norm: 0.5392 | dt: 2949.06ms | tok/sec: 22222.66
step  9012 | loss: 3.689618 | lr 7.3706e-05 | norm: 0.4687 | dt: 2945.37ms | tok/sec: 22250.53
step  9013 | loss: 3.560478 | lr 7.3678e-05 | norm: 0.4267 | dt: 2934.96ms | tok/sec: 22329.44
step  9014 | loss: 3.737947 | lr 7.3651e-05 | norm: 0.4803 | dt: 2945.71ms | tok/sec: 22247.97
step  9015 | loss: 3.545679 | lr 7.3623e-05 | norm: 0.4494 | dt: 2947.57ms | tok/sec: 22233.89
step  9016 | loss: 3.496325 | lr 7.3596e-05 | norm: 0.4579 | dt: 2952.94ms | tok/sec: 22193.45
step  9017 | loss: 3.570612 | lr 7.3568e-05 | norm: 0.4607 | dt: 2955.37ms | tok/sec: 22175.22
step  9018 | loss: 3.680724 | lr 7.3541e-05 | norm: 0.4714 | dt: 2939.61ms | tok/sec: 22294.09
step  9019 | loss: 3.541219 | lr 7.3514e-05 | norm: 0.4665 | dt: 2986.14ms | tok/sec: 21946.71
step  9020 | loss: 3.647722 | lr 7.3486e-05 | norm: 0.4892 | dt: 2943.55ms | tok/sec: 22264.25
step  9021 | loss: 3.547966 | lr 7.3459e-05 | norm: 0.4991 | dt: 2935.44ms | tok/sec: 22325.80
step  9022 | loss: 3.575716 | lr 7.3432e-05 | norm: 0.4789 | dt: 2948.00ms | tok/sec: 22230.68
step  9023 | loss: 3.364200 | lr 7.3405e-05 | norm: 0.4757 | dt: 2941.55ms | tok/sec: 22279.44
step  9024 | loss: 3.583602 | lr 7.3377e-05 | norm: 0.4561 | dt: 2946.98ms | tok/sec: 22238.37
step  9025 | loss: 3.534966 | lr 7.3350e-05 | norm: 0.4679 | dt: 2943.38ms | tok/sec: 22265.53
step  9026 | loss: 3.613611 | lr 7.3323e-05 | norm: 0.4767 | dt: 2946.85ms | tok/sec: 22239.37
step  9027 | loss: 3.492250 | lr 7.3296e-05 | norm: 0.4332 | dt: 2962.31ms | tok/sec: 22123.31
step  9028 | loss: 3.499798 | lr 7.3269e-05 | norm: 0.4450 | dt: 2957.80ms | tok/sec: 22157.02
step  9029 | loss: 3.536781 | lr 7.3242e-05 | norm: 0.4347 | dt: 2949.25ms | tok/sec: 22221.22
step  9030 | loss: 3.513558 | lr 7.3215e-05 | norm: 0.4783 | dt: 2939.76ms | tok/sec: 22292.95
step  9031 | loss: 3.625648 | lr 7.3188e-05 | norm: 0.4951 | dt: 2953.76ms | tok/sec: 22187.29
step  9032 | loss: 3.527984 | lr 7.3161e-05 | norm: 0.4409 | dt: 2940.01ms | tok/sec: 22291.11
step  9033 | loss: 3.538876 | lr 7.3134e-05 | norm: 0.4569 | dt: 2945.43ms | tok/sec: 22250.06
step  9034 | loss: 3.537549 | lr 7.3107e-05 | norm: 0.5033 | dt: 2947.64ms | tok/sec: 22233.36
step  9035 | loss: 3.511434 | lr 7.3080e-05 | norm: 0.4660 | dt: 2958.73ms | tok/sec: 22150.01
step  9036 | loss: 3.605189 | lr 7.3053e-05 | norm: 0.4459 | dt: 2941.06ms | tok/sec: 22283.14
step  9037 | loss: 3.560095 | lr 7.3026e-05 | norm: 0.4806 | dt: 2944.18ms | tok/sec: 22259.49
step  9038 | loss: 3.579418 | lr 7.2999e-05 | norm: 0.4546 | dt: 2931.62ms | tok/sec: 22354.86
step  9039 | loss: 3.651460 | lr 7.2973e-05 | norm: 0.4695 | dt: 2981.15ms | tok/sec: 21983.46
step  9040 | loss: 3.796650 | lr 7.2946e-05 | norm: 0.4774 | dt: 2949.60ms | tok/sec: 22218.61
step  9041 | loss: 3.508171 | lr 7.2919e-05 | norm: 0.4940 | dt: 2948.98ms | tok/sec: 22223.25
step  9042 | loss: 3.567494 | lr 7.2892e-05 | norm: 0.4641 | dt: 2952.31ms | tok/sec: 22198.22
step  9043 | loss: 3.688134 | lr 7.2866e-05 | norm: 0.4652 | dt: 2942.90ms | tok/sec: 22269.21
step  9044 | loss: 3.581529 | lr 7.2839e-05 | norm: 0.4819 | dt: 2936.94ms | tok/sec: 22314.36
step  9045 | loss: 3.721764 | lr 7.2812e-05 | norm: 0.4582 | dt: 2938.83ms | tok/sec: 22300.00
step  9046 | loss: 3.491566 | lr 7.2786e-05 | norm: 0.4409 | dt: 2944.05ms | tok/sec: 22260.46
step  9047 | loss: 3.775853 | lr 7.2759e-05 | norm: 0.4751 | dt: 2965.30ms | tok/sec: 22101.00
step  9048 | loss: 3.587062 | lr 7.2733e-05 | norm: 0.4626 | dt: 2941.69ms | tok/sec: 22278.38
step  9049 | loss: 3.504644 | lr 7.2706e-05 | norm: 0.4708 | dt: 2970.30ms | tok/sec: 22063.79
step  9050 | loss: 3.582397 | lr 7.2680e-05 | norm: 0.4513 | dt: 2944.87ms | tok/sec: 22254.30
step  9051 | loss: 3.533590 | lr 7.2653e-05 | norm: 0.4376 | dt: 2942.63ms | tok/sec: 22271.20
step  9052 | loss: 3.792166 | lr 7.2627e-05 | norm: 0.5160 | dt: 2950.54ms | tok/sec: 22211.53
step  9053 | loss: 3.502884 | lr 7.2600e-05 | norm: 0.6515 | dt: 2949.80ms | tok/sec: 22217.13
step  9054 | loss: 3.446643 | lr 7.2574e-05 | norm: 0.6508 | dt: 2948.29ms | tok/sec: 22228.46
step  9055 | loss: 3.596000 | lr 7.2548e-05 | norm: 0.5002 | dt: 2947.55ms | tok/sec: 22234.03
step  9056 | loss: 3.511044 | lr 7.2521e-05 | norm: 0.5031 | dt: 2951.41ms | tok/sec: 22204.97
step  9057 | loss: 3.614262 | lr 7.2495e-05 | norm: 0.5433 | dt: 2946.42ms | tok/sec: 22242.60
step  9058 | loss: 3.580222 | lr 7.2469e-05 | norm: 0.5613 | dt: 2940.55ms | tok/sec: 22286.96
step  9059 | loss: 3.589196 | lr 7.2442e-05 | norm: 0.4908 | dt: 2950.66ms | tok/sec: 22210.60
step  9060 | loss: 3.564717 | lr 7.2416e-05 | norm: 0.4951 | dt: 2979.65ms | tok/sec: 21994.50
step  9061 | loss: 3.531928 | lr 7.2390e-05 | norm: 0.4687 | dt: 2945.31ms | tok/sec: 22250.94
step  9062 | loss: 3.657150 | lr 7.2364e-05 | norm: 0.5019 | dt: 2944.14ms | tok/sec: 22259.79
step  9063 | loss: 3.483722 | lr 7.2338e-05 | norm: 0.4858 | dt: 2943.79ms | tok/sec: 22262.48
step  9064 | loss: 3.622870 | lr 7.2312e-05 | norm: 0.4832 | dt: 2947.61ms | tok/sec: 22233.58
step  9065 | loss: 3.584629 | lr 7.2285e-05 | norm: 0.4699 | dt: 2954.52ms | tok/sec: 22181.59
step  9066 | loss: 3.567626 | lr 7.2259e-05 | norm: 0.4430 | dt: 2947.73ms | tok/sec: 22232.70
step  9067 | loss: 3.635964 | lr 7.2233e-05 | norm: 0.4635 | dt: 2952.78ms | tok/sec: 22194.68
step  9068 | loss: 3.661999 | lr 7.2207e-05 | norm: 0.4343 | dt: 2968.65ms | tok/sec: 22076.03
step  9069 | loss: 3.579507 | lr 7.2181e-05 | norm: 0.5353 | dt: 2965.96ms | tok/sec: 22096.06
step  9070 | loss: 3.672357 | lr 7.2155e-05 | norm: 0.5434 | dt: 2946.75ms | tok/sec: 22240.09
step  9071 | loss: 3.596180 | lr 7.2129e-05 | norm: 0.4605 | dt: 2945.04ms | tok/sec: 22253.00
step  9072 | loss: 3.578384 | lr 7.2104e-05 | norm: 0.4868 | dt: 2950.76ms | tok/sec: 22209.84
step  9073 | loss: 3.720350 | lr 7.2078e-05 | norm: 0.4579 | dt: 2955.74ms | tok/sec: 22172.46
step  9074 | loss: 3.562906 | lr 7.2052e-05 | norm: 0.4802 | dt: 2950.41ms | tok/sec: 22212.47
step  9075 | loss: 3.579746 | lr 7.2026e-05 | norm: 0.4361 | dt: 2953.56ms | tok/sec: 22188.83
step  9076 | loss: 3.537773 | lr 7.2000e-05 | norm: 0.4688 | dt: 2952.75ms | tok/sec: 22194.91
step  9077 | loss: 3.646458 | lr 7.1974e-05 | norm: 0.4915 | dt: 2949.78ms | tok/sec: 22217.28
step  9078 | loss: 3.549430 | lr 7.1949e-05 | norm: 0.4980 | dt: 2935.47ms | tok/sec: 22325.57
step  9079 | loss: 3.576671 | lr 7.1923e-05 | norm: 0.4526 | dt: 2941.53ms | tok/sec: 22279.53
step  9080 | loss: 3.482015 | lr 7.1897e-05 | norm: 0.4600 | dt: 2988.94ms | tok/sec: 21926.15
step  9081 | loss: 3.546867 | lr 7.1872e-05 | norm: 0.4476 | dt: 2937.53ms | tok/sec: 22309.91
step  9082 | loss: 3.475230 | lr 7.1846e-05 | norm: 0.4295 | dt: 2949.16ms | tok/sec: 22221.89
step  9083 | loss: 3.624070 | lr 7.1820e-05 | norm: 0.4634 | dt: 2943.05ms | tok/sec: 22268.06
step  9084 | loss: 3.371102 | lr 7.1795e-05 | norm: 0.4707 | dt: 2947.37ms | tok/sec: 22235.44
step  9085 | loss: 3.314971 | lr 7.1769e-05 | norm: 0.6093 | dt: 2955.41ms | tok/sec: 22174.91
step  9086 | loss: 3.527785 | lr 7.1744e-05 | norm: 0.4435 | dt: 2939.36ms | tok/sec: 22296.05
step  9087 | loss: 3.591866 | lr 7.1718e-05 | norm: 0.5115 | dt: 2941.00ms | tok/sec: 22283.58
step  9088 | loss: 3.641915 | lr 7.1693e-05 | norm: 0.4729 | dt: 2966.50ms | tok/sec: 22092.06
step  9089 | loss: 3.539138 | lr 7.1667e-05 | norm: 0.4709 | dt: 2955.59ms | tok/sec: 22173.58
step  9090 | loss: 3.495689 | lr 7.1642e-05 | norm: 0.4483 | dt: 2956.47ms | tok/sec: 22166.97
step  9091 | loss: 3.615041 | lr 7.1617e-05 | norm: 0.4711 | dt: 2943.83ms | tok/sec: 22262.17
step  9092 | loss: 3.502453 | lr 7.1591e-05 | norm: 0.4969 | dt: 2942.37ms | tok/sec: 22273.21
step  9093 | loss: 3.491908 | lr 7.1566e-05 | norm: 0.4413 | dt: 2951.79ms | tok/sec: 22202.11
step  9094 | loss: 3.596040 | lr 7.1541e-05 | norm: 0.4715 | dt: 2943.51ms | tok/sec: 22264.55
step  9095 | loss: 3.578046 | lr 7.1515e-05 | norm: 0.4471 | dt: 2944.17ms | tok/sec: 22259.55
step  9096 | loss: 3.607977 | lr 7.1490e-05 | norm: 0.5041 | dt: 2943.92ms | tok/sec: 22261.48
step  9097 | loss: 3.633188 | lr 7.1465e-05 | norm: 0.4562 | dt: 2944.81ms | tok/sec: 22254.75
step  9098 | loss: 3.533209 | lr 7.1440e-05 | norm: 0.4776 | dt: 2947.44ms | tok/sec: 22234.85
step  9099 | loss: 3.464741 | lr 7.1414e-05 | norm: 0.4483 | dt: 2937.49ms | tok/sec: 22310.19
step  9100 | loss: 3.574891 | lr 7.1389e-05 | norm: 0.4615 | dt: 2989.43ms | tok/sec: 21922.59
step  9101 | loss: 3.617427 | lr 7.1364e-05 | norm: 0.5660 | dt: 2947.08ms | tok/sec: 22237.61
step  9102 | loss: 3.528490 | lr 7.1339e-05 | norm: 0.4637 | dt: 2960.90ms | tok/sec: 22133.81
step  9103 | loss: 3.470677 | lr 7.1314e-05 | norm: 0.4760 | dt: 2940.22ms | tok/sec: 22289.50
step  9104 | loss: 3.624007 | lr 7.1289e-05 | norm: 0.4959 | dt: 2944.52ms | tok/sec: 22256.93
step  9105 | loss: 3.651385 | lr 7.1264e-05 | norm: 0.4837 | dt: 2943.67ms | tok/sec: 22263.36
step  9106 | loss: 3.484978 | lr 7.1239e-05 | norm: 0.4745 | dt: 2935.27ms | tok/sec: 22327.05
step  9107 | loss: 3.457733 | lr 7.1214e-05 | norm: 0.4389 | dt: 2937.50ms | tok/sec: 22310.12
step  9108 | loss: 3.761558 | lr 7.1189e-05 | norm: 0.5571 | dt: 2957.15ms | tok/sec: 22161.87
step  9109 | loss: 3.648520 | lr 7.1164e-05 | norm: 0.5081 | dt: 2940.61ms | tok/sec: 22286.54
step  9110 | loss: 3.631055 | lr 7.1139e-05 | norm: 0.4782 | dt: 2970.47ms | tok/sec: 22062.47
step  9111 | loss: 3.494664 | lr 7.1115e-05 | norm: 0.4749 | dt: 2945.08ms | tok/sec: 22252.74
step  9112 | loss: 3.665226 | lr 7.1090e-05 | norm: 0.5211 | dt: 2950.26ms | tok/sec: 22213.65
step  9113 | loss: 3.681807 | lr 7.1065e-05 | norm: 0.6145 | dt: 2940.51ms | tok/sec: 22287.27
step  9114 | loss: 3.546351 | lr 7.1040e-05 | norm: 0.7639 | dt: 2945.27ms | tok/sec: 22251.30
step  9115 | loss: 3.436818 | lr 7.1015e-05 | norm: 0.4646 | dt: 2954.99ms | tok/sec: 22178.10
step  9116 | loss: 3.350946 | lr 7.0991e-05 | norm: 0.5146 | dt: 2946.56ms | tok/sec: 22241.50
step  9117 | loss: 3.626798 | lr 7.0966e-05 | norm: 0.5025 | dt: 2942.80ms | tok/sec: 22269.93
step  9118 | loss: 3.608232 | lr 7.0941e-05 | norm: 0.4781 | dt: 2942.68ms | tok/sec: 22270.87
step  9119 | loss: 3.547652 | lr 7.0917e-05 | norm: 0.4491 | dt: 2945.17ms | tok/sec: 22252.04
step  9120 | loss: 3.467337 | lr 7.0892e-05 | norm: 0.4426 | dt: 2949.13ms | tok/sec: 22222.12
step  9121 | loss: 3.701716 | lr 7.0868e-05 | norm: 0.6222 | dt: 2980.91ms | tok/sec: 21985.21
step  9122 | loss: 3.746338 | lr 7.0843e-05 | norm: 0.4789 | dt: 2935.92ms | tok/sec: 22322.14
step  9123 | loss: 3.631129 | lr 7.0819e-05 | norm: 0.4601 | dt: 2932.24ms | tok/sec: 22350.18
step  9124 | loss: 3.661695 | lr 7.0794e-05 | norm: 0.4968 | dt: 2943.92ms | tok/sec: 22261.49
step  9125 | loss: 3.611553 | lr 7.0770e-05 | norm: 0.4631 | dt: 2949.62ms | tok/sec: 22218.46
step  9126 | loss: 3.605336 | lr 7.0745e-05 | norm: 0.4741 | dt: 2949.45ms | tok/sec: 22219.76
step  9127 | loss: 3.564712 | lr 7.0721e-05 | norm: 0.4958 | dt: 2949.55ms | tok/sec: 22218.98
step  9128 | loss: 3.632838 | lr 7.0696e-05 | norm: 0.4674 | dt: 2937.02ms | tok/sec: 22313.75
step  9129 | loss: 3.556490 | lr 7.0672e-05 | norm: 0.4841 | dt: 2967.43ms | tok/sec: 22085.08
step  9130 | loss: 3.584105 | lr 7.0648e-05 | norm: 0.4695 | dt: 2975.37ms | tok/sec: 22026.16
step  9131 | loss: 3.514448 | lr 7.0623e-05 | norm: 0.4963 | dt: 2936.92ms | tok/sec: 22314.57
step  9132 | loss: 3.522216 | lr 7.0599e-05 | norm: 0.4694 | dt: 2947.59ms | tok/sec: 22233.76
step  9133 | loss: 3.609558 | lr 7.0575e-05 | norm: 0.4417 | dt: 2939.24ms | tok/sec: 22296.93
step  9134 | loss: 3.542761 | lr 7.0551e-05 | norm: 0.4968 | dt: 2942.84ms | tok/sec: 22269.63
step  9135 | loss: 3.582291 | lr 7.0526e-05 | norm: 0.5446 | dt: 2945.52ms | tok/sec: 22249.37
step  9136 | loss: 3.591923 | lr 7.0502e-05 | norm: 0.4769 | dt: 2929.50ms | tok/sec: 22371.03
step  9137 | loss: 3.525743 | lr 7.0478e-05 | norm: 0.4925 | dt: 2935.81ms | tok/sec: 22322.95
step  9138 | loss: 3.644423 | lr 7.0454e-05 | norm: 0.4529 | dt: 2941.67ms | tok/sec: 22278.53
step  9139 | loss: 3.408274 | lr 7.0430e-05 | norm: 0.4511 | dt: 2932.12ms | tok/sec: 22351.10
step  9140 | loss: 3.508327 | lr 7.0406e-05 | norm: 0.5159 | dt: 2944.34ms | tok/sec: 22258.31
step  9141 | loss: 3.532353 | lr 7.0382e-05 | norm: 0.4438 | dt: 2974.63ms | tok/sec: 22031.65
step  9142 | loss: 3.755649 | lr 7.0358e-05 | norm: 0.5135 | dt: 2935.93ms | tok/sec: 22322.09
step  9143 | loss: 3.630453 | lr 7.0334e-05 | norm: 0.4588 | dt: 2942.69ms | tok/sec: 22270.77
step  9144 | loss: 3.551105 | lr 7.0310e-05 | norm: 0.4665 | dt: 2947.63ms | tok/sec: 22233.49
step  9145 | loss: 3.539174 | lr 7.0286e-05 | norm: 0.4971 | dt: 2943.32ms | tok/sec: 22266.05
step  9146 | loss: 3.571417 | lr 7.0262e-05 | norm: 0.4594 | dt: 2932.94ms | tok/sec: 22344.79
step  9147 | loss: 3.566246 | lr 7.0238e-05 | norm: 0.4591 | dt: 2940.05ms | tok/sec: 22290.80
step  9148 | loss: 3.441353 | lr 7.0214e-05 | norm: 0.5376 | dt: 2942.01ms | tok/sec: 22275.95
step  9149 | loss: 3.614447 | lr 7.0191e-05 | norm: 0.4937 | dt: 2959.62ms | tok/sec: 22143.42
step  9150 | loss: 3.592690 | lr 7.0167e-05 | norm: 0.4613 | dt: 2926.58ms | tok/sec: 22393.38
step  9151 | loss: 3.558324 | lr 7.0143e-05 | norm: 0.4475 | dt: 2962.62ms | tok/sec: 22120.94
step  9152 | loss: 3.458417 | lr 7.0119e-05 | norm: 0.4623 | dt: 2939.67ms | tok/sec: 22293.67
step  9153 | loss: 3.643791 | lr 7.0096e-05 | norm: 0.5048 | dt: 2930.59ms | tok/sec: 22362.74
step  9154 | loss: 3.577022 | lr 7.0072e-05 | norm: 0.6151 | dt: 2943.22ms | tok/sec: 22266.75
step  9155 | loss: 3.501040 | lr 7.0048e-05 | norm: 0.4917 | dt: 4537.62ms | tok/sec: 14442.80
step  9156 | loss: 3.620167 | lr 7.0025e-05 | norm: 0.4861 | dt: 2946.49ms | tok/sec: 22242.09
step  9157 | loss: 3.425566 | lr 7.0001e-05 | norm: 0.4726 | dt: 2946.64ms | tok/sec: 22240.90
step  9158 | loss: 3.552881 | lr 6.9977e-05 | norm: 0.4641 | dt: 2947.53ms | tok/sec: 22234.20
step  9159 | loss: 3.450930 | lr 6.9954e-05 | norm: 0.4529 | dt: 2943.67ms | tok/sec: 22263.33
step  9160 | loss: 3.855579 | lr 6.9930e-05 | norm: 0.4884 | dt: 2936.03ms | tok/sec: 22321.31
step  9161 | loss: 3.536574 | lr 6.9907e-05 | norm: 0.4440 | dt: 2980.17ms | tok/sec: 21990.73
step  9162 | loss: 3.462785 | lr 6.9883e-05 | norm: 0.5326 | dt: 2944.32ms | tok/sec: 22258.44
step  9163 | loss: 3.469754 | lr 6.9860e-05 | norm: 0.4348 | dt: 2939.07ms | tok/sec: 22298.20
step  9164 | loss: 3.456229 | lr 6.9837e-05 | norm: 0.5098 | dt: 2943.57ms | tok/sec: 22264.12
step  9165 | loss: 3.521520 | lr 6.9813e-05 | norm: 0.4908 | dt: 2938.99ms | tok/sec: 22298.83
step  9166 | loss: 3.603332 | lr 6.9790e-05 | norm: 0.5792 | dt: 2934.46ms | tok/sec: 22333.21
step  9167 | loss: 3.651798 | lr 6.9767e-05 | norm: 0.5139 | dt: 2937.44ms | tok/sec: 22310.57
step  9168 | loss: 3.736364 | lr 6.9743e-05 | norm: 0.5251 | dt: 2933.41ms | tok/sec: 22341.23
step  9169 | loss: 3.553211 | lr 6.9720e-05 | norm: 0.5395 | dt: 2967.86ms | tok/sec: 22081.90
step  9170 | loss: 3.357009 | lr 6.9697e-05 | norm: 0.4619 | dt: 2939.08ms | tok/sec: 22298.14
step  9171 | loss: 3.359032 | lr 6.9674e-05 | norm: 0.4511 | dt: 2976.05ms | tok/sec: 22021.17
step  9172 | loss: 3.519022 | lr 6.9650e-05 | norm: 0.4957 | dt: 2936.26ms | tok/sec: 22319.57
step  9173 | loss: 3.371335 | lr 6.9627e-05 | norm: 0.4876 | dt: 2937.60ms | tok/sec: 22309.35
step  9174 | loss: 3.419725 | lr 6.9604e-05 | norm: 0.4787 | dt: 2934.86ms | tok/sec: 22330.19
step  9175 | loss: 3.424118 | lr 6.9581e-05 | norm: 0.5111 | dt: 2938.78ms | tok/sec: 22300.38
step  9176 | loss: 3.436439 | lr 6.9558e-05 | norm: 0.4638 | dt: 2942.46ms | tok/sec: 22272.50
step  9177 | loss: 3.458972 | lr 6.9535e-05 | norm: 0.4617 | dt: 2942.36ms | tok/sec: 22273.25
step  9178 | loss: 3.313435 | lr 6.9512e-05 | norm: 0.4293 | dt: 2940.81ms | tok/sec: 22285.04
step  9179 | loss: 3.505123 | lr 6.9489e-05 | norm: 0.4564 | dt: 2939.44ms | tok/sec: 22295.41
step  9180 | loss: 3.326381 | lr 6.9466e-05 | norm: 0.4511 | dt: 2935.96ms | tok/sec: 22321.81
step  9181 | loss: 3.354245 | lr 6.9443e-05 | norm: 0.4517 | dt: 2970.16ms | tok/sec: 22064.81
step  9182 | loss: 3.397534 | lr 6.9420e-05 | norm: 0.5728 | dt: 2931.84ms | tok/sec: 22353.21
step  9183 | loss: 3.397066 | lr 6.9397e-05 | norm: 0.4292 | dt: 2946.23ms | tok/sec: 22244.04
step  9184 | loss: 3.450037 | lr 6.9374e-05 | norm: 0.4526 | dt: 2940.36ms | tok/sec: 22288.43
step  9185 | loss: 3.672098 | lr 6.9352e-05 | norm: 0.5729 | dt: 2930.50ms | tok/sec: 22363.38
step  9186 | loss: 3.355434 | lr 6.9329e-05 | norm: 0.5419 | dt: 2946.43ms | tok/sec: 22242.53
step  9187 | loss: 3.389562 | lr 6.9306e-05 | norm: 0.4482 | dt: 2938.24ms | tok/sec: 22304.48
step  9188 | loss: 3.606737 | lr 6.9283e-05 | norm: 0.4810 | dt: 2941.28ms | tok/sec: 22281.47
step  9189 | loss: 3.413660 | lr 6.9260e-05 | norm: 0.4567 | dt: 2957.70ms | tok/sec: 22157.74
step  9190 | loss: 3.499152 | lr 6.9238e-05 | norm: 0.4850 | dt: 2942.31ms | tok/sec: 22273.65
step  9191 | loss: 3.401590 | lr 6.9215e-05 | norm: 0.4322 | dt: 2953.58ms | tok/sec: 22188.65
step  9192 | loss: 3.462855 | lr 6.9192e-05 | norm: 0.4973 | dt: 2938.72ms | tok/sec: 22300.88
step  9193 | loss: 3.488806 | lr 6.9170e-05 | norm: 0.4715 | dt: 2944.15ms | tok/sec: 22259.75
step  9194 | loss: 3.508598 | lr 6.9147e-05 | norm: 0.4767 | dt: 2945.90ms | tok/sec: 22246.49
step  9195 | loss: 3.406792 | lr 6.9125e-05 | norm: 0.4380 | dt: 2940.27ms | tok/sec: 22289.12
step  9196 | loss: 3.427647 | lr 6.9102e-05 | norm: 0.4568 | dt: 2939.87ms | tok/sec: 22292.14
step  9197 | loss: 3.385986 | lr 6.9080e-05 | norm: 0.4878 | dt: 2937.08ms | tok/sec: 22313.32
step  9198 | loss: 3.534512 | lr 6.9057e-05 | norm: 0.4727 | dt: 2937.88ms | tok/sec: 22307.24
step  9199 | loss: 3.402368 | lr 6.9035e-05 | norm: 0.4619 | dt: 2941.28ms | tok/sec: 22281.47
step  9200 | loss: 3.411984 | lr 6.9012e-05 | norm: 0.4874 | dt: 2934.07ms | tok/sec: 22336.18
step  9201 | loss: 3.408499 | lr 6.8990e-05 | norm: 0.4446 | dt: 2940.83ms | tok/sec: 22284.87
step  9202 | loss: 3.406408 | lr 6.8968e-05 | norm: 0.4719 | dt: 2967.64ms | tok/sec: 22083.55
step  9203 | loss: 3.420148 | lr 6.8945e-05 | norm: 0.4537 | dt: 2943.53ms | tok/sec: 22264.45
step  9204 | loss: 3.289058 | lr 6.8923e-05 | norm: 0.4421 | dt: 2935.97ms | tok/sec: 22321.74
step  9205 | loss: 3.340537 | lr 6.8901e-05 | norm: 0.4622 | dt: 2935.44ms | tok/sec: 22325.77
step  9206 | loss: 3.428716 | lr 6.8878e-05 | norm: 0.4531 | dt: 2940.73ms | tok/sec: 22285.61
step  9207 | loss: 3.251788 | lr 6.8856e-05 | norm: 0.4242 | dt: 2932.44ms | tok/sec: 22348.59
step  9208 | loss: 3.466367 | lr 6.8834e-05 | norm: 0.4309 | dt: 2936.00ms | tok/sec: 22321.50
step  9209 | loss: 3.479151 | lr 6.8812e-05 | norm: 0.4560 | dt: 2943.05ms | tok/sec: 22268.05
step  9210 | loss: 3.615497 | lr 6.8790e-05 | norm: 0.6006 | dt: 2955.03ms | tok/sec: 22177.80
step  9211 | loss: 3.411318 | lr 6.8768e-05 | norm: 0.5270 | dt: 2950.86ms | tok/sec: 22209.14
step  9212 | loss: 3.392631 | lr 6.8745e-05 | norm: 0.4855 | dt: 2930.04ms | tok/sec: 22366.95
step  9213 | loss: 3.453125 | lr 6.8723e-05 | norm: 0.4745 | dt: 2943.26ms | tok/sec: 22266.45
step  9214 | loss: 3.479369 | lr 6.8701e-05 | norm: 0.4508 | dt: 2940.40ms | tok/sec: 22288.10
step  9215 | loss: 3.766423 | lr 6.8679e-05 | norm: 0.7795 | dt: 2933.24ms | tok/sec: 22342.52
step  9216 | loss: 3.384807 | lr 6.8657e-05 | norm: 0.4811 | dt: 2937.53ms | tok/sec: 22309.89
step  9217 | loss: 3.396593 | lr 6.8635e-05 | norm: 0.4743 | dt: 2938.80ms | tok/sec: 22300.29
step  9218 | loss: 3.472794 | lr 6.8614e-05 | norm: 0.4615 | dt: 2940.74ms | tok/sec: 22285.58
step  9219 | loss: 3.235724 | lr 6.8592e-05 | norm: 0.4489 | dt: 2935.05ms | tok/sec: 22328.74
step  9220 | loss: 3.518904 | lr 6.8570e-05 | norm: 0.4837 | dt: 2932.48ms | tok/sec: 22348.32
step  9221 | loss: 3.287829 | lr 6.8548e-05 | norm: 0.4445 | dt: 2935.14ms | tok/sec: 22328.05
step  9222 | loss: 3.351740 | lr 6.8526e-05 | norm: 0.4545 | dt: 2970.28ms | tok/sec: 22063.89
step  9223 | loss: 3.476182 | lr 6.8504e-05 | norm: 0.4637 | dt: 2938.82ms | tok/sec: 22300.14
step  9224 | loss: 3.348145 | lr 6.8483e-05 | norm: 0.4422 | dt: 2945.58ms | tok/sec: 22248.95
step  9225 | loss: 3.421986 | lr 6.8461e-05 | norm: 0.5636 | dt: 2938.99ms | tok/sec: 22298.80
step  9226 | loss: 3.453834 | lr 6.8439e-05 | norm: 0.4876 | dt: 2931.24ms | tok/sec: 22357.76
step  9227 | loss: 3.304555 | lr 6.8417e-05 | norm: 0.4433 | dt: 2933.41ms | tok/sec: 22341.23
step  9228 | loss: 3.404033 | lr 6.8396e-05 | norm: 0.4937 | dt: 2934.87ms | tok/sec: 22330.13
step  9229 | loss: 3.444134 | lr 6.8374e-05 | norm: 0.4858 | dt: 2944.02ms | tok/sec: 22260.75
step  9230 | loss: 3.421416 | lr 6.8353e-05 | norm: 0.4975 | dt: 2939.80ms | tok/sec: 22292.64
step  9231 | loss: 3.454476 | lr 6.8331e-05 | norm: 0.4598 | dt: 2934.69ms | tok/sec: 22331.45
step  9232 | loss: 3.535432 | lr 6.8309e-05 | norm: 0.4332 | dt: 2947.81ms | tok/sec: 22232.10
step  9233 | loss: 3.378986 | lr 6.8288e-05 | norm: 0.4412 | dt: 2930.24ms | tok/sec: 22365.43
step  9234 | loss: 3.479234 | lr 6.8266e-05 | norm: 0.4664 | dt: 2934.13ms | tok/sec: 22335.74
step  9235 | loss: 3.490191 | lr 6.8245e-05 | norm: 0.4415 | dt: 2935.37ms | tok/sec: 22326.30
step  9236 | loss: 3.268178 | lr 6.8224e-05 | norm: 0.4755 | dt: 2941.11ms | tok/sec: 22282.74
step  9237 | loss: 3.536222 | lr 6.8202e-05 | norm: 0.4737 | dt: 2936.77ms | tok/sec: 22315.64
step  9238 | loss: 3.490980 | lr 6.8181e-05 | norm: 0.4657 | dt: 2940.29ms | tok/sec: 22288.99
step  9239 | loss: 3.408430 | lr 6.8159e-05 | norm: 0.4581 | dt: 2942.75ms | tok/sec: 22270.30
step  9240 | loss: 3.437864 | lr 6.8138e-05 | norm: 0.4459 | dt: 2931.63ms | tok/sec: 22354.77
step  9241 | loss: 3.484623 | lr 6.8117e-05 | norm: 0.4666 | dt: 2929.18ms | tok/sec: 22373.46
step  9242 | loss: 3.356287 | lr 6.8096e-05 | norm: 0.5499 | dt: 2983.50ms | tok/sec: 21966.14
step  9243 | loss: 3.358026 | lr 6.8074e-05 | norm: 0.4641 | dt: 2936.88ms | tok/sec: 22314.84
step  9244 | loss: 3.444919 | lr 6.8053e-05 | norm: 0.4385 | dt: 2946.37ms | tok/sec: 22242.97
step  9245 | loss: 3.385048 | lr 6.8032e-05 | norm: 0.4352 | dt: 2940.64ms | tok/sec: 22286.32
step  9246 | loss: 3.401008 | lr 6.8011e-05 | norm: 0.4489 | dt: 2933.95ms | tok/sec: 22337.14
step  9247 | loss: 3.456516 | lr 6.7990e-05 | norm: 0.4629 | dt: 2934.90ms | tok/sec: 22329.87
step  9248 | loss: 3.361491 | lr 6.7969e-05 | norm: 0.4499 | dt: 2935.62ms | tok/sec: 22324.38
step  9249 | loss: 3.417265 | lr 6.7947e-05 | norm: 0.4296 | dt: 2931.59ms | tok/sec: 22355.07
step  9250 | loss: 3.261594 | lr 6.7926e-05 | norm: 0.4768 | dt: 2937.75ms | tok/sec: 22308.26
step  9251 | loss: 3.465894 | lr 6.7905e-05 | norm: 0.4384 | dt: 2949.08ms | tok/sec: 22222.56
step  9252 | loss: 3.411016 | lr 6.7884e-05 | norm: 0.4732 | dt: 2964.26ms | tok/sec: 22108.76
step  9253 | loss: 3.383456 | lr 6.7863e-05 | norm: 0.4798 | dt: 2928.80ms | tok/sec: 22376.42
step  9254 | loss: 3.454551 | lr 6.7842e-05 | norm: 0.4478 | dt: 2936.30ms | tok/sec: 22319.25
step  9255 | loss: 3.554808 | lr 6.7822e-05 | norm: 0.4512 | dt: 2938.28ms | tok/sec: 22304.24
step  9256 | loss: 3.319965 | lr 6.7801e-05 | norm: 0.4455 | dt: 2935.39ms | tok/sec: 22326.18
step  9257 | loss: 3.326625 | lr 6.7780e-05 | norm: 0.8165 | dt: 2936.22ms | tok/sec: 22319.83
step  9258 | loss: 3.550672 | lr 6.7759e-05 | norm: 0.5016 | dt: 2931.50ms | tok/sec: 22355.81
step  9259 | loss: 3.466843 | lr 6.7738e-05 | norm: 0.4899 | dt: 2942.89ms | tok/sec: 22269.29
step  9260 | loss: 3.601127 | lr 6.7717e-05 | norm: 0.4941 | dt: 2946.34ms | tok/sec: 22243.16
step  9261 | loss: 3.340889 | lr 6.7697e-05 | norm: 0.4710 | dt: 2940.02ms | tok/sec: 22291.04
step  9262 | loss: 3.563704 | lr 6.7676e-05 | norm: 0.4518 | dt: 2939.30ms | tok/sec: 22296.48
step  9263 | loss: 3.510292 | lr 6.7655e-05 | norm: 0.4657 | dt: 2967.51ms | tok/sec: 22084.49
step  9264 | loss: 3.528323 | lr 6.7635e-05 | norm: 0.4859 | dt: 2931.25ms | tok/sec: 22357.71
step  9265 | loss: 3.644703 | lr 6.7614e-05 | norm: 0.4879 | dt: 2937.91ms | tok/sec: 22307.02
step  9266 | loss: 3.523231 | lr 6.7593e-05 | norm: 0.4742 | dt: 2935.64ms | tok/sec: 22324.25
step  9267 | loss: 3.495347 | lr 6.7573e-05 | norm: 0.5094 | dt: 2943.72ms | tok/sec: 22262.95
step  9268 | loss: 3.518646 | lr 6.7552e-05 | norm: 0.5226 | dt: 2945.67ms | tok/sec: 22248.27
step  9269 | loss: 3.558612 | lr 6.7532e-05 | norm: 0.4749 | dt: 2935.01ms | tok/sec: 22329.02
step  9270 | loss: 3.538961 | lr 6.7511e-05 | norm: 0.5114 | dt: 2929.29ms | tok/sec: 22372.63
step  9271 | loss: 3.576656 | lr 6.7491e-05 | norm: 0.4623 | dt: 2939.97ms | tok/sec: 22291.36
step  9272 | loss: 3.483401 | lr 6.7470e-05 | norm: 0.4818 | dt: 2953.35ms | tok/sec: 22190.38
step  9273 | loss: 3.525963 | lr 6.7450e-05 | norm: 0.4748 | dt: 2949.53ms | tok/sec: 22219.15
step  9274 | loss: 3.334617 | lr 6.7430e-05 | norm: 0.4851 | dt: 2939.83ms | tok/sec: 22292.45
step  9275 | loss: 3.471143 | lr 6.7409e-05 | norm: 0.4699 | dt: 2937.74ms | tok/sec: 22308.28
step  9276 | loss: 3.446477 | lr 6.7389e-05 | norm: 0.4860 | dt: 2942.59ms | tok/sec: 22271.50
step  9277 | loss: 3.657334 | lr 6.7369e-05 | norm: 0.5101 | dt: 2935.98ms | tok/sec: 22321.70
step  9278 | loss: 3.616608 | lr 6.7348e-05 | norm: 0.4851 | dt: 2935.15ms | tok/sec: 22328.00
step  9279 | loss: 3.525967 | lr 6.7328e-05 | norm: 0.4562 | dt: 2948.63ms | tok/sec: 22225.91
step  9280 | loss: 3.517136 | lr 6.7308e-05 | norm: 0.4532 | dt: 2933.48ms | tok/sec: 22340.72
step  9281 | loss: 3.570784 | lr 6.7288e-05 | norm: 0.4845 | dt: 2938.70ms | tok/sec: 22301.01
step  9282 | loss: 3.539158 | lr 6.7267e-05 | norm: 0.4613 | dt: 2938.49ms | tok/sec: 22302.58
step  9283 | loss: 3.550670 | lr 6.7247e-05 | norm: 0.4471 | dt: 2973.89ms | tok/sec: 22037.14
step  9284 | loss: 3.420301 | lr 6.7227e-05 | norm: 0.5280 | dt: 2930.43ms | tok/sec: 22363.98
step  9285 | loss: 3.573980 | lr 6.7207e-05 | norm: 0.4764 | dt: 2947.40ms | tok/sec: 22235.17
step  9286 | loss: 3.637474 | lr 6.7187e-05 | norm: 0.4962 | dt: 2934.77ms | tok/sec: 22330.89
step  9287 | loss: 3.677335 | lr 6.7167e-05 | norm: 0.7125 | dt: 2942.61ms | tok/sec: 22271.37
step  9288 | loss: 3.512380 | lr 6.7147e-05 | norm: 0.4554 | dt: 2943.81ms | tok/sec: 22262.34
step  9289 | loss: 3.590178 | lr 6.7127e-05 | norm: 0.4833 | dt: 2939.96ms | tok/sec: 22291.43
step  9290 | loss: 3.601821 | lr 6.7107e-05 | norm: 0.4635 | dt: 2939.01ms | tok/sec: 22298.68
step  9291 | loss: 3.630410 | lr 6.7087e-05 | norm: 0.6953 | dt: 2936.92ms | tok/sec: 22314.55
step  9292 | loss: 3.580604 | lr 6.7067e-05 | norm: 0.5727 | dt: 2961.19ms | tok/sec: 22131.68
step  9293 | loss: 3.671167 | lr 6.7047e-05 | norm: 0.5050 | dt: 2955.60ms | tok/sec: 22173.49
step  9294 | loss: 3.624269 | lr 6.7028e-05 | norm: 0.4701 | dt: 2938.83ms | tok/sec: 22300.02
step  9295 | loss: 3.544667 | lr 6.7008e-05 | norm: 0.4837 | dt: 2938.86ms | tok/sec: 22299.82
step  9296 | loss: 3.514018 | lr 6.6988e-05 | norm: 0.4749 | dt: 2937.88ms | tok/sec: 22307.24
step  9297 | loss: 3.646941 | lr 6.6968e-05 | norm: 0.4775 | dt: 2932.22ms | tok/sec: 22350.26
step  9298 | loss: 3.564132 | lr 6.6949e-05 | norm: 0.4762 | dt: 2941.28ms | tok/sec: 22281.47
step  9299 | loss: 3.569443 | lr 6.6929e-05 | norm: 0.4488 | dt: 2941.95ms | tok/sec: 22276.36
step  9300 | loss: 3.516562 | lr 6.6909e-05 | norm: 0.4529 | dt: 2940.91ms | tok/sec: 22284.28
step  9301 | loss: 3.415671 | lr 6.6890e-05 | norm: 0.4842 | dt: 2937.14ms | tok/sec: 22312.89
step  9302 | loss: 3.445375 | lr 6.6870e-05 | norm: 0.4611 | dt: 2938.89ms | tok/sec: 22299.58
step  9303 | loss: 3.667867 | lr 6.6850e-05 | norm: 0.4592 | dt: 2932.73ms | tok/sec: 22346.38
step  9304 | loss: 3.618944 | lr 6.6831e-05 | norm: 0.4690 | dt: 2976.76ms | tok/sec: 22015.86
step  9305 | loss: 3.511777 | lr 6.6811e-05 | norm: 0.4575 | dt: 2940.02ms | tok/sec: 22291.03
step  9306 | loss: 3.634252 | lr 6.6792e-05 | norm: 0.5758 | dt: 2940.60ms | tok/sec: 22286.59
step  9307 | loss: 3.537358 | lr 6.6772e-05 | norm: 0.5103 | dt: 2937.75ms | tok/sec: 22308.22
step  9308 | loss: 3.591469 | lr 6.6753e-05 | norm: 0.4602 | dt: 2943.52ms | tok/sec: 22264.51
step  9309 | loss: 3.576241 | lr 6.6733e-05 | norm: 0.4848 | dt: 2939.93ms | tok/sec: 22291.70
step  9310 | loss: 3.578812 | lr 6.6714e-05 | norm: 0.4742 | dt: 2934.84ms | tok/sec: 22330.36
step  9311 | loss: 3.576679 | lr 6.6695e-05 | norm: 0.4513 | dt: 2942.52ms | tok/sec: 22272.04
step  9312 | loss: 3.461991 | lr 6.6675e-05 | norm: 0.4637 | dt: 2936.18ms | tok/sec: 22320.18
step  9313 | loss: 3.500392 | lr 6.6656e-05 | norm: 0.4593 | dt: 2972.41ms | tok/sec: 22048.13
step  9314 | loss: 3.477899 | lr 6.6637e-05 | norm: 0.4405 | dt: 2938.22ms | tok/sec: 22304.69
step  9315 | loss: 3.529943 | lr 6.6617e-05 | norm: 0.4412 | dt: 2940.69ms | tok/sec: 22285.95
step  9316 | loss: 3.581249 | lr 6.6598e-05 | norm: 0.4737 | dt: 2941.83ms | tok/sec: 22277.32
step  9317 | loss: 3.712655 | lr 6.6579e-05 | norm: 0.5035 | dt: 2946.06ms | tok/sec: 22245.30
step  9318 | loss: 3.628563 | lr 6.6560e-05 | norm: 0.4857 | dt: 2930.33ms | tok/sec: 22364.71
step  9319 | loss: 3.467235 | lr 6.6541e-05 | norm: 0.4586 | dt: 2935.36ms | tok/sec: 22326.37
step  9320 | loss: 3.456099 | lr 6.6522e-05 | norm: 0.4666 | dt: 2943.14ms | tok/sec: 22267.41
step  9321 | loss: 3.554604 | lr 6.6502e-05 | norm: 0.5170 | dt: 2931.85ms | tok/sec: 22353.11
step  9322 | loss: 3.368420 | lr 6.6483e-05 | norm: 0.4561 | dt: 2940.94ms | tok/sec: 22284.05
step  9323 | loss: 3.655540 | lr 6.6464e-05 | norm: 0.5475 | dt: 2941.51ms | tok/sec: 22279.72
step  9324 | loss: 3.701696 | lr 6.6445e-05 | norm: 0.5012 | dt: 2992.74ms | tok/sec: 21898.34
step  9325 | loss: 3.476251 | lr 6.6426e-05 | norm: 0.4663 | dt: 2933.98ms | tok/sec: 22336.92
step  9326 | loss: 3.586167 | lr 6.6407e-05 | norm: 0.4651 | dt: 2938.88ms | tok/sec: 22299.63
step  9327 | loss: 3.483030 | lr 6.6389e-05 | norm: 0.4617 | dt: 2931.37ms | tok/sec: 22356.82
step  9328 | loss: 3.296244 | lr 6.6370e-05 | norm: 0.4669 | dt: 2931.98ms | tok/sec: 22352.16
step  9329 | loss: 3.572417 | lr 6.6351e-05 | norm: 0.4598 | dt: 2942.18ms | tok/sec: 22274.66
step  9330 | loss: 3.605028 | lr 6.6332e-05 | norm: 0.4592 | dt: 2941.04ms | tok/sec: 22283.27
step  9331 | loss: 3.561100 | lr 6.6313e-05 | norm: 0.4654 | dt: 2931.95ms | tok/sec: 22352.36
step  9332 | loss: 3.401354 | lr 6.6294e-05 | norm: 0.5155 | dt: 2925.68ms | tok/sec: 22400.23
step  9333 | loss: 3.612777 | lr 6.6276e-05 | norm: 0.4992 | dt: 2949.45ms | tok/sec: 22219.77
step  9334 | loss: 3.692647 | lr 6.6257e-05 | norm: 0.5203 | dt: 2958.83ms | tok/sec: 22149.26
step  9335 | loss: 3.492808 | lr 6.6238e-05 | norm: 0.4512 | dt: 2937.69ms | tok/sec: 22308.70
step  9336 | loss: 3.515981 | lr 6.6219e-05 | norm: 0.4451 | dt: 2930.59ms | tok/sec: 22362.70
step  9337 | loss: 3.587509 | lr 6.6201e-05 | norm: 0.4867 | dt: 2936.56ms | tok/sec: 22317.24
step  9338 | loss: 3.512166 | lr 6.6182e-05 | norm: 0.4787 | dt: 2933.02ms | tok/sec: 22344.23
step  9339 | loss: 3.590348 | lr 6.6164e-05 | norm: 0.4374 | dt: 2934.18ms | tok/sec: 22335.35
step  9340 | loss: 3.609799 | lr 6.6145e-05 | norm: 0.4615 | dt: 2933.30ms | tok/sec: 22342.11
step  9341 | loss: 3.586839 | lr 6.6126e-05 | norm: 0.5478 | dt: 2942.13ms | tok/sec: 22275.03
step  9342 | loss: 3.470388 | lr 6.6108e-05 | norm: 0.5209 | dt: 2938.31ms | tok/sec: 22304.01
step  9343 | loss: 3.577645 | lr 6.6089e-05 | norm: 0.4689 | dt: 2928.36ms | tok/sec: 22379.73
step  9344 | loss: 3.720817 | lr 6.6071e-05 | norm: 0.5137 | dt: 2973.41ms | tok/sec: 22040.68
step  9345 | loss: 3.561307 | lr 6.6053e-05 | norm: 0.4639 | dt: 2934.46ms | tok/sec: 22333.23
step  9346 | loss: 3.475522 | lr 6.6034e-05 | norm: 0.4718 | dt: 2945.11ms | tok/sec: 22252.46
step  9347 | loss: 3.501734 | lr 6.6016e-05 | norm: 0.4501 | dt: 2938.47ms | tok/sec: 22302.77
step  9348 | loss: 3.526765 | lr 6.5998e-05 | norm: 0.4750 | dt: 2943.22ms | tok/sec: 22266.80
step  9349 | loss: 3.548859 | lr 6.5979e-05 | norm: 0.6221 | dt: 2946.90ms | tok/sec: 22238.95
step  9350 | loss: 3.461358 | lr 6.5961e-05 | norm: 0.5161 | dt: 2936.30ms | tok/sec: 22319.27
step  9351 | loss: 3.621053 | lr 6.5943e-05 | norm: 0.5242 | dt: 2937.47ms | tok/sec: 22310.38
step  9352 | loss: 3.579463 | lr 6.5924e-05 | norm: 0.4454 | dt: 2940.47ms | tok/sec: 22287.62
step  9353 | loss: 3.629936 | lr 6.5906e-05 | norm: 0.4731 | dt: 2955.56ms | tok/sec: 22173.81
step  9354 | loss: 3.546897 | lr 6.5888e-05 | norm: 0.4512 | dt: 2951.79ms | tok/sec: 22202.10
step  9355 | loss: 3.731090 | lr 6.5870e-05 | norm: 0.6723 | dt: 2951.31ms | tok/sec: 22205.70
step  9356 | loss: 3.584075 | lr 6.5852e-05 | norm: 0.4770 | dt: 2938.45ms | tok/sec: 22302.95
step  9357 | loss: 3.449062 | lr 6.5834e-05 | norm: 0.4798 | dt: 2935.42ms | tok/sec: 22325.93
step  9358 | loss: 3.859916 | lr 6.5816e-05 | norm: 0.5334 | dt: 2942.38ms | tok/sec: 22273.12
step  9359 | loss: 3.510193 | lr 6.5798e-05 | norm: 0.4676 | dt: 2939.92ms | tok/sec: 22291.77
step  9360 | loss: 3.579384 | lr 6.5780e-05 | norm: 0.4410 | dt: 2948.73ms | tok/sec: 22225.17
step  9361 | loss: 4.273730 | lr 6.5762e-05 | norm: 0.6410 | dt: 2941.88ms | tok/sec: 22276.93
step  9362 | loss: 3.440386 | lr 6.5744e-05 | norm: 0.4878 | dt: 2942.74ms | tok/sec: 22270.43
step  9363 | loss: 3.654264 | lr 6.5726e-05 | norm: 0.4745 | dt: 2931.77ms | tok/sec: 22353.75
step  9364 | loss: 3.498747 | lr 6.5708e-05 | norm: 0.4407 | dt: 2937.95ms | tok/sec: 22306.72
step  9365 | loss: 3.362266 | lr 6.5690e-05 | norm: 0.6084 | dt: 2969.30ms | tok/sec: 22071.21
step  9366 | loss: 3.510566 | lr 6.5672e-05 | norm: 0.4550 | dt: 2940.87ms | tok/sec: 22284.56
step  9367 | loss: 3.668075 | lr 6.5654e-05 | norm: 0.4918 | dt: 2931.66ms | tok/sec: 22354.60
step  9368 | loss: 3.642798 | lr 6.5636e-05 | norm: 0.4783 | dt: 2937.90ms | tok/sec: 22307.09
step  9369 | loss: 3.582322 | lr 6.5619e-05 | norm: 0.4742 | dt: 2936.76ms | tok/sec: 22315.76
step  9370 | loss: 3.461607 | lr 6.5601e-05 | norm: 0.4974 | dt: 2941.24ms | tok/sec: 22281.79
step  9371 | loss: 3.572788 | lr 6.5583e-05 | norm: 0.4350 | dt: 2939.50ms | tok/sec: 22294.98
step  9372 | loss: 3.753637 | lr 6.5566e-05 | norm: 0.4877 | dt: 2933.09ms | tok/sec: 22343.69
step  9373 | loss: 3.538285 | lr 6.5548e-05 | norm: 0.4711 | dt: 2939.33ms | tok/sec: 22296.26
step  9374 | loss: 3.402630 | lr 6.5530e-05 | norm: 0.6847 | dt: 2962.03ms | tok/sec: 22125.36
step  9375 | loss: 3.492148 | lr 6.5513e-05 | norm: 0.4669 | dt: 2957.07ms | tok/sec: 22162.47
step  9376 | loss: 3.510438 | lr 6.5495e-05 | norm: 0.4804 | dt: 2941.76ms | tok/sec: 22277.79
step  9377 | loss: 3.529436 | lr 6.5478e-05 | norm: 0.4513 | dt: 2937.09ms | tok/sec: 22313.27
step  9378 | loss: 3.518433 | lr 6.5460e-05 | norm: 0.4562 | dt: 2931.64ms | tok/sec: 22354.71
step  9379 | loss: 3.503358 | lr 6.5443e-05 | norm: 0.4776 | dt: 2942.15ms | tok/sec: 22274.86
step  9380 | loss: 3.475239 | lr 6.5425e-05 | norm: 0.5099 | dt: 2940.63ms | tok/sec: 22286.40
step  9381 | loss: 3.489498 | lr 6.5408e-05 | norm: 0.4862 | dt: 2938.93ms | tok/sec: 22299.28
step  9382 | loss: 3.485659 | lr 6.5390e-05 | norm: 0.4954 | dt: 2938.81ms | tok/sec: 22300.19
step  9383 | loss: 3.611390 | lr 6.5373e-05 | norm: 0.5173 | dt: 2939.56ms | tok/sec: 22294.52
step  9384 | loss: 3.615695 | lr 6.5356e-05 | norm: 0.4806 | dt: 2933.90ms | tok/sec: 22337.53
step  9385 | loss: 3.631316 | lr 6.5338e-05 | norm: 0.4807 | dt: 2965.60ms | tok/sec: 22098.76
step  9386 | loss: 3.583972 | lr 6.5321e-05 | norm: 0.4753 | dt: 2936.49ms | tok/sec: 22317.77
step  9387 | loss: 3.644930 | lr 6.5304e-05 | norm: 0.5528 | dt: 2939.99ms | tok/sec: 22291.21
step  9388 | loss: 3.613728 | lr 6.5287e-05 | norm: 0.4578 | dt: 2931.56ms | tok/sec: 22355.33
step  9389 | loss: 3.545496 | lr 6.5269e-05 | norm: 0.4692 | dt: 2936.51ms | tok/sec: 22317.65
step  9390 | loss: 3.589432 | lr 6.5252e-05 | norm: 0.4775 | dt: 2930.69ms | tok/sec: 22361.94
step  9391 | loss: 3.640499 | lr 6.5235e-05 | norm: 0.4978 | dt: 2938.05ms | tok/sec: 22305.99
step  9392 | loss: 3.457953 | lr 6.5218e-05 | norm: 0.4384 | dt: 2937.86ms | tok/sec: 22307.39
step  9393 | loss: 3.510277 | lr 6.5201e-05 | norm: 0.4517 | dt: 2937.53ms | tok/sec: 22309.87
step  9394 | loss: 3.509422 | lr 6.5184e-05 | norm: 0.4682 | dt: 2954.35ms | tok/sec: 22182.86
step  9395 | loss: 3.529937 | lr 6.5167e-05 | norm: 0.4362 | dt: 2956.17ms | tok/sec: 22169.20
step  9396 | loss: 3.648599 | lr 6.5150e-05 | norm: 0.4959 | dt: 2932.13ms | tok/sec: 22350.96
step  9397 | loss: 3.475583 | lr 6.5133e-05 | norm: 0.4405 | dt: 2947.80ms | tok/sec: 22232.16
step  9398 | loss: 3.475337 | lr 6.5116e-05 | norm: 0.4688 | dt: 2951.13ms | tok/sec: 22207.12
step  9399 | loss: 3.476515 | lr 6.5099e-05 | norm: 0.4305 | dt: 2935.50ms | tok/sec: 22325.33
step  9400 | loss: 3.511085 | lr 6.5082e-05 | norm: 0.4290 | dt: 2934.84ms | tok/sec: 22330.35
step  9401 | loss: 3.629231 | lr 6.5065e-05 | norm: 0.4654 | dt: 2932.54ms | tok/sec: 22347.84
step  9402 | loss: 3.586781 | lr 6.5048e-05 | norm: 0.4893 | dt: 2942.42ms | tok/sec: 22272.82
step  9403 | loss: 3.460340 | lr 6.5031e-05 | norm: 0.4488 | dt: 2947.09ms | tok/sec: 22237.51
step  9404 | loss: 3.528180 | lr 6.5015e-05 | norm: 0.4491 | dt: 2924.92ms | tok/sec: 22406.05
step  9405 | loss: 3.637789 | lr 6.4998e-05 | norm: 0.4982 | dt: 2936.16ms | tok/sec: 22320.28
step  9406 | loss: 3.556766 | lr 6.4981e-05 | norm: 0.4833 | dt: 2980.71ms | tok/sec: 21986.68
step  9407 | loss: 3.705193 | lr 6.4964e-05 | norm: 0.5032 | dt: 2951.46ms | tok/sec: 22204.64
step  9408 | loss: 3.448935 | lr 6.4948e-05 | norm: 0.4577 | dt: 2936.46ms | tok/sec: 22318.03
step  9409 | loss: 3.485465 | lr 6.4931e-05 | norm: 0.5090 | dt: 2949.91ms | tok/sec: 22216.28
step  9410 | loss: 3.576909 | lr 6.4914e-05 | norm: 0.4701 | dt: 2933.40ms | tok/sec: 22341.29
step  9411 | loss: 3.604858 | lr 6.4898e-05 | norm: 0.4912 | dt: 2947.95ms | tok/sec: 22231.05
step  9412 | loss: 3.778199 | lr 6.4881e-05 | norm: 0.5173 | dt: 2940.54ms | tok/sec: 22287.10
step  9413 | loss: 3.512760 | lr 6.4865e-05 | norm: 0.4753 | dt: 2931.70ms | tok/sec: 22354.23
step  9414 | loss: 3.631260 | lr 6.4848e-05 | norm: 0.5090 | dt: 2933.47ms | tok/sec: 22340.80
step  9415 | loss: 3.445098 | lr 6.4832e-05 | norm: 0.4887 | dt: 2957.68ms | tok/sec: 22157.92
step  9416 | loss: 3.561519 | lr 6.4815e-05 | norm: 0.4688 | dt: 2967.56ms | tok/sec: 22084.13
step  9417 | loss: 3.549226 | lr 6.4799e-05 | norm: 0.4648 | dt: 2939.26ms | tok/sec: 22296.79
step  9418 | loss: 3.682622 | lr 6.4782e-05 | norm: 0.5083 | dt: 2938.16ms | tok/sec: 22305.11
step  9419 | loss: 3.577291 | lr 6.4766e-05 | norm: 0.4364 | dt: 2937.14ms | tok/sec: 22312.86
step  9420 | loss: 3.661103 | lr 6.4750e-05 | norm: 0.7800 | dt: 2945.60ms | tok/sec: 22248.80
step  9421 | loss: 3.389286 | lr 6.4733e-05 | norm: 0.4891 | dt: 2940.97ms | tok/sec: 22283.77
step  9422 | loss: 3.567023 | lr 6.4717e-05 | norm: 0.5047 | dt: 2940.19ms | tok/sec: 22289.73
step  9423 | loss: 3.607109 | lr 6.4701e-05 | norm: 0.4882 | dt: 2944.31ms | tok/sec: 22258.54
step  9424 | loss: 3.662758 | lr 6.4685e-05 | norm: 0.4873 | dt: 2936.25ms | tok/sec: 22319.64
step  9425 | loss: 3.569072 | lr 6.4668e-05 | norm: 0.4518 | dt: 2944.51ms | tok/sec: 22257.02
step  9426 | loss: 3.546239 | lr 6.4652e-05 | norm: 0.4415 | dt: 2979.01ms | tok/sec: 21999.25
step  9427 | loss: 3.557705 | lr 6.4636e-05 | norm: 0.4744 | dt: 2947.79ms | tok/sec: 22232.22
step  9428 | loss: 3.596305 | lr 6.4620e-05 | norm: 0.4723 | dt: 2948.51ms | tok/sec: 22226.79
step  9429 | loss: 3.555422 | lr 6.4604e-05 | norm: 0.4639 | dt: 2942.62ms | tok/sec: 22271.31
step  9430 | loss: 3.445919 | lr 6.4588e-05 | norm: 0.5775 | dt: 2955.57ms | tok/sec: 22173.75
step  9431 | loss: 3.534911 | lr 6.4572e-05 | norm: 0.4869 | dt: 2942.62ms | tok/sec: 22271.30
step  9432 | loss: 3.533513 | lr 6.4556e-05 | norm: 0.4539 | dt: 2930.77ms | tok/sec: 22361.36
step  9433 | loss: 3.658121 | lr 6.4540e-05 | norm: 0.6837 | dt: 2929.99ms | tok/sec: 22367.28
step  9434 | loss: 3.586795 | lr 6.4524e-05 | norm: 0.4785 | dt: 2938.73ms | tok/sec: 22300.77
step  9435 | loss: 3.628029 | lr 6.4508e-05 | norm: 0.4656 | dt: 2953.14ms | tok/sec: 22192.00
step  9436 | loss: 3.520178 | lr 6.4492e-05 | norm: 0.4731 | dt: 2953.17ms | tok/sec: 22191.71
step  9437 | loss: 3.687969 | lr 6.4476e-05 | norm: 0.4733 | dt: 2941.39ms | tok/sec: 22280.63
step  9438 | loss: 3.558556 | lr 6.4460e-05 | norm: 0.4684 | dt: 2932.43ms | tok/sec: 22348.68
step  9439 | loss: 3.446055 | lr 6.4444e-05 | norm: 0.4645 | dt: 2936.44ms | tok/sec: 22318.21
step  9440 | loss: 3.420994 | lr 6.4429e-05 | norm: 0.5212 | dt: 2944.18ms | tok/sec: 22259.48
step  9441 | loss: 3.515190 | lr 6.4413e-05 | norm: 0.4763 | dt: 2943.48ms | tok/sec: 22264.81
step  9442 | loss: 3.510315 | lr 6.4397e-05 | norm: 0.4538 | dt: 2930.98ms | tok/sec: 22359.73
step  9443 | loss: 3.523730 | lr 6.4381e-05 | norm: 0.4381 | dt: 2949.47ms | tok/sec: 22219.55
step  9444 | loss: 3.483036 | lr 6.4366e-05 | norm: 0.4399 | dt: 2936.22ms | tok/sec: 22319.89
step  9445 | loss: 3.518542 | lr 6.4350e-05 | norm: 0.4763 | dt: 2930.46ms | tok/sec: 22363.75
step  9446 | loss: 3.737559 | lr 6.4335e-05 | norm: 0.6485 | dt: 2967.28ms | tok/sec: 22086.20
step  9447 | loss: 3.493522 | lr 6.4319e-05 | norm: 0.4646 | dt: 2942.14ms | tok/sec: 22274.95
step  9448 | loss: 3.502485 | lr 6.4303e-05 | norm: 0.4509 | dt: 2942.26ms | tok/sec: 22274.02
step  9449 | loss: 3.442225 | lr 6.4288e-05 | norm: 0.4827 | dt: 2929.60ms | tok/sec: 22370.29
step  9450 | loss: 3.514157 | lr 6.4272e-05 | norm: 0.4728 | dt: 2931.33ms | tok/sec: 22357.06
step  9451 | loss: 3.554755 | lr 6.4257e-05 | norm: 0.4497 | dt: 2936.24ms | tok/sec: 22319.72
step  9452 | loss: 3.570745 | lr 6.4241e-05 | norm: 0.4692 | dt: 2940.44ms | tok/sec: 22287.86
step  9453 | loss: 3.659804 | lr 6.4226e-05 | norm: 0.5415 | dt: 2933.16ms | tok/sec: 22343.14
step  9454 | loss: 3.424471 | lr 6.4211e-05 | norm: 0.4580 | dt: 2945.24ms | tok/sec: 22251.50
step  9455 | loss: 3.507748 | lr 6.4195e-05 | norm: 0.4581 | dt: 2954.23ms | tok/sec: 22183.81
step  9456 | loss: 3.619044 | lr 6.4180e-05 | norm: 0.4593 | dt: 2970.73ms | tok/sec: 22060.58
step  9457 | loss: 3.620757 | lr 6.4165e-05 | norm: 0.4707 | dt: 2925.67ms | tok/sec: 22400.37
step  9458 | loss: 3.516563 | lr 6.4149e-05 | norm: 0.4504 | dt: 2932.34ms | tok/sec: 22349.40
step  9459 | loss: 3.560145 | lr 6.4134e-05 | norm: 0.4702 | dt: 2938.30ms | tok/sec: 22304.04
step  9460 | loss: 3.612087 | lr 6.4119e-05 | norm: 0.5164 | dt: 2933.81ms | tok/sec: 22338.15
step  9461 | loss: 3.512182 | lr 6.4104e-05 | norm: 0.4947 | dt: 2942.94ms | tok/sec: 22268.90
step  9462 | loss: 3.491483 | lr 6.4088e-05 | norm: 0.4573 | dt: 2952.38ms | tok/sec: 22197.65
step  9463 | loss: 3.714378 | lr 6.4073e-05 | norm: 0.5192 | dt: 2934.71ms | tok/sec: 22331.32
step  9464 | loss: 3.553980 | lr 6.4058e-05 | norm: 0.4838 | dt: 2925.62ms | tok/sec: 22400.73
step  9465 | loss: 3.570597 | lr 6.4043e-05 | norm: 0.4524 | dt: 2929.33ms | tok/sec: 22372.35
step  9466 | loss: 3.531074 | lr 6.4028e-05 | norm: 0.4551 | dt: 2938.29ms | tok/sec: 22304.10
step  9467 | loss: 3.390502 | lr 6.4013e-05 | norm: 0.5332 | dt: 2966.90ms | tok/sec: 22089.06
step  9468 | loss: 3.408169 | lr 6.3998e-05 | norm: 0.4965 | dt: 2939.67ms | tok/sec: 22293.64
step  9469 | loss: 3.510244 | lr 6.3983e-05 | norm: 0.4671 | dt: 2938.79ms | tok/sec: 22300.36
step  9470 | loss: 3.490297 | lr 6.3968e-05 | norm: 0.4371 | dt: 2934.97ms | tok/sec: 22329.35
step  9471 | loss: 3.603921 | lr 6.3953e-05 | norm: 0.4742 | dt: 2939.11ms | tok/sec: 22297.93
step  9472 | loss: 3.455638 | lr 6.3938e-05 | norm: 0.4545 | dt: 2934.43ms | tok/sec: 22333.47
step  9473 | loss: 3.427463 | lr 6.3923e-05 | norm: 0.4470 | dt: 2932.00ms | tok/sec: 22352.02
step  9474 | loss: 3.445443 | lr 6.3909e-05 | norm: 0.4467 | dt: 2933.02ms | tok/sec: 22344.20
step  9475 | loss: 3.530874 | lr 6.3894e-05 | norm: 0.4658 | dt: 2933.20ms | tok/sec: 22342.80
step  9476 | loss: 3.591148 | lr 6.3879e-05 | norm: 0.4635 | dt: 2966.57ms | tok/sec: 22091.51
step  9477 | loss: 3.631160 | lr 6.3864e-05 | norm: 0.5499 | dt: 2964.36ms | tok/sec: 22107.98
step  9478 | loss: 3.499029 | lr 6.3849e-05 | norm: 0.4463 | dt: 2938.25ms | tok/sec: 22304.44
step  9479 | loss: 3.445060 | lr 6.3835e-05 | norm: 0.4530 | dt: 2938.64ms | tok/sec: 22301.44
step  9480 | loss: 3.552988 | lr 6.3820e-05 | norm: 0.4447 | dt: 2942.77ms | tok/sec: 22270.19
step  9481 | loss: 3.606651 | lr 6.3805e-05 | norm: 0.4504 | dt: 2932.86ms | tok/sec: 22345.41
step  9482 | loss: 3.511207 | lr 6.3791e-05 | norm: 0.4794 | dt: 2927.76ms | tok/sec: 22384.37
step  9483 | loss: 3.687174 | lr 6.3776e-05 | norm: 0.5027 | dt: 2939.36ms | tok/sec: 22295.98
step  9484 | loss: 3.565377 | lr 6.3762e-05 | norm: 0.4443 | dt: 2938.73ms | tok/sec: 22300.75
step  9485 | loss: 3.396810 | lr 6.3747e-05 | norm: 0.4470 | dt: 2936.97ms | tok/sec: 22314.13
step  9486 | loss: 3.490879 | lr 6.3733e-05 | norm: 0.4453 | dt: 2935.05ms | tok/sec: 22328.76
step  9487 | loss: 3.879248 | lr 6.3718e-05 | norm: 0.8160 | dt: 2960.98ms | tok/sec: 22133.24
step  9488 | loss: 3.562275 | lr 6.3704e-05 | norm: 0.7155 | dt: 2928.53ms | tok/sec: 22378.45
step  9489 | loss: 3.463934 | lr 6.3689e-05 | norm: 0.5004 | dt: 2935.32ms | tok/sec: 22326.71
step  9490 | loss: 3.581479 | lr 6.3675e-05 | norm: 0.4938 | dt: 2929.36ms | tok/sec: 22372.13
step  9491 | loss: 3.551654 | lr 6.3661e-05 | norm: 0.4707 | dt: 2938.64ms | tok/sec: 22301.47
step  9492 | loss: 3.645931 | lr 6.3646e-05 | norm: 0.4676 | dt: 2939.41ms | tok/sec: 22295.62
step  9493 | loss: 3.546001 | lr 6.3632e-05 | norm: 0.6745 | dt: 2948.05ms | tok/sec: 22230.32
step  9494 | loss: 3.569616 | lr 6.3618e-05 | norm: 0.4786 | dt: 2941.77ms | tok/sec: 22277.74
step  9495 | loss: 3.530759 | lr 6.3603e-05 | norm: 0.4709 | dt: 2927.06ms | tok/sec: 22389.71
step  9496 | loss: 3.533759 | lr 6.3589e-05 | norm: 0.4587 | dt: 2960.38ms | tok/sec: 22137.70
step  9497 | loss: 3.486783 | lr 6.3575e-05 | norm: 0.4637 | dt: 2955.59ms | tok/sec: 22173.61
step  9498 | loss: 3.511245 | lr 6.3561e-05 | norm: 0.6583 | dt: 2934.51ms | tok/sec: 22332.87
step  9499 | loss: 3.525574 | lr 6.3547e-05 | norm: 0.4570 | dt: 2940.32ms | tok/sec: 22288.71
validation loss: 3.5083
HellaSwag accuracy: 2620/10042=0.2609
rank 0 sample 0: Hello, I'm a language model, and I like to do something to figure out this. I've read every grammar book that I can find at the bottom
rank 0 sample 1: Hello, I'm a language model, but they're not going to make the story of those I've heard because the language models will not really understand the language
rank 0 sample 2: Hello, I'm a language model, but I will explain about your child to me how it works to understand and understand how language can be used to teach our
rank 0 sample 3: Hello, I'm a language model, not quite as useful as the one with which such a model can be constructed and produced. A model could be constructed only
step  9500 | loss: 3.564458 | lr 6.3532e-05 | norm: 0.4656 | dt: 109520.48ms | tok/sec: 598.39
step  9501 | loss: 3.643912 | lr 6.3518e-05 | norm: 0.4591 | dt: 2959.50ms | tok/sec: 22144.28
step  9502 | loss: 3.399171 | lr 6.3504e-05 | norm: 0.4470 | dt: 2946.51ms | tok/sec: 22241.88
step  9503 | loss: 3.434978 | lr 6.3490e-05 | norm: 0.4490 | dt: 2935.40ms | tok/sec: 22326.11
step  9504 | loss: 3.467589 | lr 6.3476e-05 | norm: 0.4275 | dt: 2934.73ms | tok/sec: 22331.22
step  9505 | loss: 3.555456 | lr 6.3462e-05 | norm: 0.5153 | dt: 2927.21ms | tok/sec: 22388.54
step  9506 | loss: 3.413559 | lr 6.3448e-05 | norm: 0.4644 | dt: 2931.45ms | tok/sec: 22356.13
step  9507 | loss: 3.415262 | lr 6.3434e-05 | norm: 0.4505 | dt: 2939.06ms | tok/sec: 22298.30
step  9508 | loss: 3.598722 | lr 6.3421e-05 | norm: 0.5066 | dt: 2935.89ms | tok/sec: 22322.33
step  9509 | loss: 3.523103 | lr 6.3407e-05 | norm: 0.4735 | dt: 2933.21ms | tok/sec: 22342.78
step  9510 | loss: 3.532680 | lr 6.3393e-05 | norm: 0.4866 | dt: 2933.99ms | tok/sec: 22336.84
step  9511 | loss: 3.447386 | lr 6.3379e-05 | norm: 0.4439 | dt: 2927.94ms | tok/sec: 22382.97
step  9512 | loss: 3.486921 | lr 6.3365e-05 | norm: 0.4582 | dt: 2985.29ms | tok/sec: 21953.01
step  9513 | loss: 3.470054 | lr 6.3352e-05 | norm: 0.4807 | dt: 2943.43ms | tok/sec: 22265.17
step  9514 | loss: 3.385970 | lr 6.3338e-05 | norm: 0.4542 | dt: 2942.75ms | tok/sec: 22270.33
step  9515 | loss: 3.401822 | lr 6.3324e-05 | norm: 0.4870 | dt: 2947.00ms | tok/sec: 22238.18
step  9516 | loss: 3.601968 | lr 6.3310e-05 | norm: 0.4549 | dt: 2943.93ms | tok/sec: 22261.38
step  9517 | loss: 3.594735 | lr 6.3297e-05 | norm: 0.4843 | dt: 2944.11ms | tok/sec: 22260.06
step  9518 | loss: 3.382335 | lr 6.3283e-05 | norm: 0.4881 | dt: 2956.04ms | tok/sec: 22170.19
step  9519 | loss: 3.492070 | lr 6.3270e-05 | norm: 0.4841 | dt: 2938.67ms | tok/sec: 22301.21
step  9520 | loss: 3.461902 | lr 6.3256e-05 | norm: 0.4795 | dt: 2946.48ms | tok/sec: 22242.14
step  9521 | loss: 3.424567 | lr 6.3243e-05 | norm: 0.4912 | dt: 2932.23ms | tok/sec: 22350.24
step  9522 | loss: 3.606103 | lr 6.3229e-05 | norm: 0.4778 | dt: 2957.79ms | tok/sec: 22157.09
step  9523 | loss: 3.609745 | lr 6.3216e-05 | norm: 0.4699 | dt: 2928.08ms | tok/sec: 22381.93
step  9524 | loss: 3.543226 | lr 6.3202e-05 | norm: 0.4962 | dt: 2945.99ms | tok/sec: 22245.82
step  9525 | loss: 3.527967 | lr 6.3189e-05 | norm: 0.4456 | dt: 2948.70ms | tok/sec: 22225.39
step  9526 | loss: 3.411007 | lr 6.3175e-05 | norm: 0.4392 | dt: 2939.20ms | tok/sec: 22297.19
step  9527 | loss: 3.663138 | lr 6.3162e-05 | norm: 0.4539 | dt: 2942.62ms | tok/sec: 22271.34
step  9528 | loss: 3.552330 | lr 6.3149e-05 | norm: 0.4528 | dt: 2940.22ms | tok/sec: 22289.48
step  9529 | loss: 3.563685 | lr 6.3135e-05 | norm: 0.4876 | dt: 2949.82ms | tok/sec: 22216.96
step  9530 | loss: 3.554833 | lr 6.3122e-05 | norm: 0.4728 | dt: 2942.71ms | tok/sec: 22270.61
step  9531 | loss: 3.499515 | lr 6.3109e-05 | norm: 0.4320 | dt: 2945.83ms | tok/sec: 22247.02
step  9532 | loss: 3.539872 | lr 6.3096e-05 | norm: 0.4547 | dt: 2948.91ms | tok/sec: 22223.78
step  9533 | loss: 3.554338 | lr 6.3082e-05 | norm: 0.4569 | dt: 2975.87ms | tok/sec: 22022.43
step  9534 | loss: 3.508507 | lr 6.3069e-05 | norm: 0.4434 | dt: 2946.68ms | tok/sec: 22240.61
step  9535 | loss: 3.577214 | lr 6.3056e-05 | norm: 0.4868 | dt: 2940.29ms | tok/sec: 22288.96
step  9536 | loss: 3.413057 | lr 6.3043e-05 | norm: 0.4760 | dt: 2950.07ms | tok/sec: 22215.04
step  9537 | loss: 3.265904 | lr 6.3030e-05 | norm: 0.5208 | dt: 2949.34ms | tok/sec: 22220.57
step  9538 | loss: 3.505959 | lr 6.3017e-05 | norm: 0.4416 | dt: 2938.44ms | tok/sec: 22303.00
step  9539 | loss: 3.531804 | lr 6.3004e-05 | norm: 0.4496 | dt: 2959.51ms | tok/sec: 22144.18
step  9540 | loss: 3.293121 | lr 6.2991e-05 | norm: 0.4916 | dt: 2951.17ms | tok/sec: 22206.80
step  9541 | loss: 3.607551 | lr 6.2978e-05 | norm: 0.4750 | dt: 2934.25ms | tok/sec: 22334.84
step  9542 | loss: 3.572628 | lr 6.2965e-05 | norm: 0.4774 | dt: 2959.52ms | tok/sec: 22144.13
step  9543 | loss: 3.504659 | lr 6.2952e-05 | norm: 0.4756 | dt: 2937.22ms | tok/sec: 22312.25
step  9544 | loss: 3.507161 | lr 6.2939e-05 | norm: 0.4862 | dt: 2951.40ms | tok/sec: 22205.08
step  9545 | loss: 3.401236 | lr 6.2926e-05 | norm: 0.4639 | dt: 2971.28ms | tok/sec: 22056.51
step  9546 | loss: 3.351097 | lr 6.2914e-05 | norm: 0.4561 | dt: 2942.62ms | tok/sec: 22271.32
step  9547 | loss: 3.385028 | lr 6.2901e-05 | norm: 0.4947 | dt: 2950.10ms | tok/sec: 22214.87
step  9548 | loss: 3.368534 | lr 6.2888e-05 | norm: 0.4989 | dt: 2939.18ms | tok/sec: 22297.39
step  9549 | loss: 3.604137 | lr 6.2875e-05 | norm: 0.4611 | dt: 2955.69ms | tok/sec: 22172.81
step  9550 | loss: 3.397559 | lr 6.2863e-05 | norm: 0.4414 | dt: 2941.08ms | tok/sec: 22282.96
step  9551 | loss: 3.337651 | lr 6.2850e-05 | norm: 0.4393 | dt: 2943.42ms | tok/sec: 22265.29
step  9552 | loss: 3.345514 | lr 6.2837e-05 | norm: 0.4593 | dt: 2946.51ms | tok/sec: 22241.93
step  9553 | loss: 3.362267 | lr 6.2825e-05 | norm: 0.4487 | dt: 2983.36ms | tok/sec: 21967.14
step  9554 | loss: 3.295762 | lr 6.2812e-05 | norm: 0.4528 | dt: 2944.49ms | tok/sec: 22257.16
step  9555 | loss: 3.277512 | lr 6.2799e-05 | norm: 0.4814 | dt: 2944.88ms | tok/sec: 22254.21
step  9556 | loss: 3.356886 | lr 6.2787e-05 | norm: 0.4198 | dt: 2952.41ms | tok/sec: 22197.46
step  9557 | loss: 3.476191 | lr 6.2774e-05 | norm: 0.5781 | dt: 2953.29ms | tok/sec: 22190.82
step  9558 | loss: 3.469779 | lr 6.2762e-05 | norm: 0.5036 | dt: 2942.04ms | tok/sec: 22275.68
step  9559 | loss: 3.394259 | lr 6.2749e-05 | norm: 0.4581 | dt: 2948.64ms | tok/sec: 22225.80
step  9560 | loss: 3.384142 | lr 6.2737e-05 | norm: 0.4527 | dt: 2937.44ms | tok/sec: 22310.55
step  9561 | loss: 3.594968 | lr 6.2725e-05 | norm: 0.4993 | dt: 2938.25ms | tok/sec: 22304.45
step  9562 | loss: 3.286731 | lr 6.2712e-05 | norm: 0.4582 | dt: 2950.32ms | tok/sec: 22213.21
step  9563 | loss: 3.365829 | lr 6.2700e-05 | norm: 0.4551 | dt: 2993.65ms | tok/sec: 21891.66
step  9564 | loss: 3.397557 | lr 6.2687e-05 | norm: 0.4568 | dt: 2942.84ms | tok/sec: 22269.63
step  9565 | loss: 3.484379 | lr 6.2675e-05 | norm: 0.4575 | dt: 2947.55ms | tok/sec: 22234.04
step  9566 | loss: 3.389364 | lr 6.2663e-05 | norm: 0.4678 | dt: 2955.39ms | tok/sec: 22175.06
step  9567 | loss: 3.374170 | lr 6.2651e-05 | norm: 0.4905 | dt: 2954.71ms | tok/sec: 22180.21
step  9568 | loss: 3.491333 | lr 6.2638e-05 | norm: 0.4668 | dt: 2946.59ms | tok/sec: 22241.30
step  9569 | loss: 3.458747 | lr 6.2626e-05 | norm: 0.4427 | dt: 2951.90ms | tok/sec: 22201.31
step  9570 | loss: 3.437366 | lr 6.2614e-05 | norm: 0.4410 | dt: 2938.28ms | tok/sec: 22304.21
step  9571 | loss: 3.434240 | lr 6.2602e-05 | norm: 0.5011 | dt: 2950.89ms | tok/sec: 22208.93
step  9572 | loss: 3.440746 | lr 6.2590e-05 | norm: 0.4629 | dt: 2954.14ms | tok/sec: 22184.48
step  9573 | loss: 3.565891 | lr 6.2578e-05 | norm: 0.4469 | dt: 2981.64ms | tok/sec: 21979.83
step  9574 | loss: 3.527539 | lr 6.2566e-05 | norm: 0.7882 | dt: 2943.82ms | tok/sec: 22262.25
step  9575 | loss: 3.334757 | lr 6.2554e-05 | norm: 0.4338 | dt: 2934.54ms | tok/sec: 22332.65
step  9576 | loss: 3.443270 | lr 6.2542e-05 | norm: 0.4732 | dt: 2943.33ms | tok/sec: 22265.93
step  9577 | loss: 3.315570 | lr 6.2530e-05 | norm: 0.4442 | dt: 2939.80ms | tok/sec: 22292.67
step  9578 | loss: 3.561107 | lr 6.2518e-05 | norm: 0.4725 | dt: 2941.13ms | tok/sec: 22282.55
step  9579 | loss: 3.524238 | lr 6.2506e-05 | norm: 0.4682 | dt: 2934.37ms | tok/sec: 22333.95
step  9580 | loss: 3.367392 | lr 6.2494e-05 | norm: 0.4461 | dt: 2940.99ms | tok/sec: 22283.65
step  9581 | loss: 3.476106 | lr 6.2482e-05 | norm: 0.4746 | dt: 2951.00ms | tok/sec: 22208.03
step  9582 | loss: 3.346648 | lr 6.2470e-05 | norm: 0.4530 | dt: 2941.01ms | tok/sec: 22283.47
step  9583 | loss: 3.453691 | lr 6.2459e-05 | norm: 0.4371 | dt: 2966.21ms | tok/sec: 22094.18
step  9584 | loss: 3.386693 | lr 6.2447e-05 | norm: 0.4702 | dt: 2953.87ms | tok/sec: 22186.45
step  9585 | loss: 3.443205 | lr 6.2435e-05 | norm: 0.4526 | dt: 2954.09ms | tok/sec: 22184.83
step  9586 | loss: 3.361353 | lr 6.2423e-05 | norm: 0.4878 | dt: 2965.96ms | tok/sec: 22096.06
step  9587 | loss: 3.509409 | lr 6.2412e-05 | norm: 0.4498 | dt: 2946.96ms | tok/sec: 22238.49
step  9588 | loss: 3.371036 | lr 6.2400e-05 | norm: 0.4301 | dt: 2939.40ms | tok/sec: 22295.69
step  9589 | loss: 3.382693 | lr 6.2389e-05 | norm: 0.4873 | dt: 2954.97ms | tok/sec: 22178.25
step  9590 | loss: 3.447253 | lr 6.2377e-05 | norm: 0.5232 | dt: 2944.87ms | tok/sec: 22254.29
step  9591 | loss: 3.382229 | lr 6.2365e-05 | norm: 0.4850 | dt: 2940.70ms | tok/sec: 22285.85
step  9592 | loss: 3.410812 | lr 6.2354e-05 | norm: 0.4995 | dt: 2946.10ms | tok/sec: 22245.03
step  9593 | loss: 3.404659 | lr 6.2342e-05 | norm: 0.4435 | dt: 2939.66ms | tok/sec: 22293.74
step  9594 | loss: 3.502021 | lr 6.2331e-05 | norm: 0.4816 | dt: 2990.98ms | tok/sec: 21911.19
step  9595 | loss: 3.402489 | lr 6.2319e-05 | norm: 0.4524 | dt: 2942.42ms | tok/sec: 22272.85
step  9596 | loss: 3.469771 | lr 6.2308e-05 | norm: 0.5104 | dt: 2943.15ms | tok/sec: 22267.31
step  9597 | loss: 3.446206 | lr 6.2297e-05 | norm: 0.4482 | dt: 2957.64ms | tok/sec: 22158.17
step  9598 | loss: 3.389498 | lr 6.2285e-05 | norm: 0.4589 | dt: 2942.82ms | tok/sec: 22269.79
step  9599 | loss: 3.330868 | lr 6.2274e-05 | norm: 0.4642 | dt: 2944.28ms | tok/sec: 22258.76
step  9600 | loss: 3.474973 | lr 6.2263e-05 | norm: 0.4823 | dt: 2942.06ms | tok/sec: 22275.56
step  9601 | loss: 3.379495 | lr 6.2251e-05 | norm: 0.4624 | dt: 2942.32ms | tok/sec: 22273.56
step  9602 | loss: 3.486984 | lr 6.2240e-05 | norm: 0.4660 | dt: 2935.50ms | tok/sec: 22325.31
step  9603 | loss: 3.433574 | lr 6.2229e-05 | norm: 0.5333 | dt: 2943.13ms | tok/sec: 22267.41
step  9604 | loss: 3.329047 | lr 6.2218e-05 | norm: 0.4836 | dt: 2961.22ms | tok/sec: 22131.42
step  9605 | loss: 3.242006 | lr 6.2206e-05 | norm: 0.4364 | dt: 2952.56ms | tok/sec: 22196.32
step  9606 | loss: 3.408773 | lr 6.2195e-05 | norm: 0.5042 | dt: 2953.59ms | tok/sec: 22188.60
step  9607 | loss: 3.292058 | lr 6.2184e-05 | norm: 0.6500 | dt: 2939.93ms | tok/sec: 22291.70
step  9608 | loss: 3.516780 | lr 6.2173e-05 | norm: 0.4835 | dt: 2956.61ms | tok/sec: 22165.94
step  9609 | loss: 3.407698 | lr 6.2162e-05 | norm: 0.4984 | dt: 2948.48ms | tok/sec: 22227.04
step  9610 | loss: 3.697926 | lr 6.2151e-05 | norm: 0.4881 | dt: 2942.10ms | tok/sec: 22275.28
step  9611 | loss: 3.369589 | lr 6.2140e-05 | norm: 0.4511 | dt: 2942.47ms | tok/sec: 22272.41
step  9612 | loss: 3.472712 | lr 6.2129e-05 | norm: 0.5535 | dt: 2938.42ms | tok/sec: 22303.13
step  9613 | loss: 3.418001 | lr 6.2118e-05 | norm: 0.4572 | dt: 2946.08ms | tok/sec: 22245.16
step  9614 | loss: 3.441748 | lr 6.2107e-05 | norm: 0.4528 | dt: 2970.07ms | tok/sec: 22065.49
step  9615 | loss: 3.355185 | lr 6.2096e-05 | norm: 0.4484 | dt: 2935.55ms | tok/sec: 22324.92
step  9616 | loss: 3.613523 | lr 6.2085e-05 | norm: 0.4938 | dt: 2939.63ms | tok/sec: 22293.97
step  9617 | loss: 3.492169 | lr 6.2075e-05 | norm: 0.4585 | dt: 2938.98ms | tok/sec: 22298.88
step  9618 | loss: 3.369566 | lr 6.2064e-05 | norm: 0.4529 | dt: 2936.42ms | tok/sec: 22318.34
step  9619 | loss: 3.347194 | lr 6.2053e-05 | norm: 0.4560 | dt: 2932.18ms | tok/sec: 22350.64
step  9620 | loss: 3.504749 | lr 6.2042e-05 | norm: 0.5343 | dt: 2936.96ms | tok/sec: 22314.23
step  9621 | loss: 3.509995 | lr 6.2032e-05 | norm: 0.4569 | dt: 2936.84ms | tok/sec: 22315.17
step  9622 | loss: 3.413788 | lr 6.2021e-05 | norm: 0.4673 | dt: 2941.36ms | tok/sec: 22280.84
step  9623 | loss: 3.541369 | lr 6.2010e-05 | norm: 0.4845 | dt: 2954.21ms | tok/sec: 22183.95
step  9624 | loss: 3.367901 | lr 6.2000e-05 | norm: 0.8299 | dt: 2953.49ms | tok/sec: 22189.34
step  9625 | loss: 3.581498 | lr 6.1989e-05 | norm: 0.5458 | dt: 2942.79ms | tok/sec: 22270.01
step  9626 | loss: 3.430277 | lr 6.1978e-05 | norm: 0.4809 | dt: 2939.11ms | tok/sec: 22297.89
step  9627 | loss: 3.285151 | lr 6.1968e-05 | norm: 0.5208 | dt: 2937.56ms | tok/sec: 22309.66
step  9628 | loss: 3.508058 | lr 6.1957e-05 | norm: 0.5289 | dt: 2932.10ms | tok/sec: 22351.21
step  9629 | loss: 3.318659 | lr 6.1947e-05 | norm: 0.4592 | dt: 2944.92ms | tok/sec: 22253.95
step  9630 | loss: 3.463928 | lr 6.1936e-05 | norm: 0.4557 | dt: 2936.36ms | tok/sec: 22318.78
step  9631 | loss: 3.387486 | lr 6.1926e-05 | norm: 0.4487 | dt: 2946.51ms | tok/sec: 22241.89
step  9632 | loss: 3.261168 | lr 6.1915e-05 | norm: 0.4985 | dt: 2933.47ms | tok/sec: 22340.76
step  9633 | loss: 3.535524 | lr 6.1905e-05 | norm: 0.4699 | dt: 2938.90ms | tok/sec: 22299.49
step  9634 | loss: 3.379691 | lr 6.1895e-05 | norm: 0.4880 | dt: 2971.15ms | tok/sec: 22057.42
step  9635 | loss: 3.495050 | lr 6.1884e-05 | norm: 0.4825 | dt: 2929.32ms | tok/sec: 22372.46
step  9636 | loss: 3.366053 | lr 6.1874e-05 | norm: 0.4616 | dt: 2945.68ms | tok/sec: 22248.14
step  9637 | loss: 3.364468 | lr 6.1864e-05 | norm: 0.4833 | dt: 2934.63ms | tok/sec: 22331.97
step  9638 | loss: 3.367274 | lr 6.1854e-05 | norm: 0.4941 | dt: 2934.39ms | tok/sec: 22333.75
step  9639 | loss: 3.418422 | lr 6.1843e-05 | norm: 0.4479 | dt: 2934.48ms | tok/sec: 22333.10
step  9640 | loss: 3.404935 | lr 6.1833e-05 | norm: 0.4614 | dt: 2933.17ms | tok/sec: 22343.07
step  9641 | loss: 3.425388 | lr 6.1823e-05 | norm: 0.4449 | dt: 2928.37ms | tok/sec: 22379.70
step  9642 | loss: 3.740093 | lr 6.1813e-05 | norm: 0.4862 | dt: 2948.74ms | tok/sec: 22225.07
step  9643 | loss: 3.464912 | lr 6.1803e-05 | norm: 0.4787 | dt: 2938.46ms | tok/sec: 22302.84
step  9644 | loss: 3.524287 | lr 6.1793e-05 | norm: 0.4567 | dt: 2989.08ms | tok/sec: 21925.15
step  9645 | loss: 3.332423 | lr 6.1783e-05 | norm: 0.4884 | dt: 2937.43ms | tok/sec: 22310.69
step  9646 | loss: 3.451788 | lr 6.1773e-05 | norm: 0.5023 | dt: 2935.81ms | tok/sec: 22322.99
step  9647 | loss: 3.593762 | lr 6.1763e-05 | norm: 0.4613 | dt: 2936.37ms | tok/sec: 22318.71
step  9648 | loss: 3.569510 | lr 6.1753e-05 | norm: 0.4794 | dt: 2936.71ms | tok/sec: 22316.10
step  9649 | loss: 3.532024 | lr 6.1743e-05 | norm: 0.4288 | dt: 2950.44ms | tok/sec: 22212.25
step  9650 | loss: 3.613214 | lr 6.1733e-05 | norm: 0.4842 | dt: 2940.47ms | tok/sec: 22287.59
step  9651 | loss: 3.624155 | lr 6.1723e-05 | norm: 0.4730 | dt: 2945.97ms | tok/sec: 22245.95
step  9652 | loss: 3.483079 | lr 6.1713e-05 | norm: 0.5003 | dt: 2940.48ms | tok/sec: 22287.55
step  9653 | loss: 3.628481 | lr 6.1703e-05 | norm: 0.4775 | dt: 2936.08ms | tok/sec: 22320.91
step  9654 | loss: 3.521753 | lr 6.1694e-05 | norm: 0.4956 | dt: 2944.18ms | tok/sec: 22259.51
step  9655 | loss: 3.534549 | lr 6.1684e-05 | norm: 0.4843 | dt: 2979.97ms | tok/sec: 21992.16
step  9656 | loss: 3.426905 | lr 6.1674e-05 | norm: 0.5187 | dt: 2948.26ms | tok/sec: 22228.72
step  9657 | loss: 3.644760 | lr 6.1664e-05 | norm: 0.5001 | dt: 2946.55ms | tok/sec: 22241.61
step  9658 | loss: 3.620521 | lr 6.1655e-05 | norm: 0.4995 | dt: 2949.52ms | tok/sec: 22219.20
step  9659 | loss: 3.810173 | lr 6.1645e-05 | norm: 0.5935 | dt: 2941.51ms | tok/sec: 22279.73
step  9660 | loss: 3.686362 | lr 6.1635e-05 | norm: 0.4478 | dt: 2934.48ms | tok/sec: 22333.12
step  9661 | loss: 3.504632 | lr 6.1626e-05 | norm: 0.4696 | dt: 2941.20ms | tok/sec: 22282.04
step  9662 | loss: 3.403587 | lr 6.1616e-05 | norm: 0.4924 | dt: 2945.67ms | tok/sec: 22248.24
step  9663 | loss: 3.513794 | lr 6.1607e-05 | norm: 0.4952 | dt: 2935.36ms | tok/sec: 22326.43
step  9664 | loss: 3.588278 | lr 6.1597e-05 | norm: 0.4816 | dt: 2960.37ms | tok/sec: 22137.77
step  9665 | loss: 3.627355 | lr 6.1588e-05 | norm: 0.5157 | dt: 2955.14ms | tok/sec: 22176.98
step  9666 | loss: 3.420109 | lr 6.1578e-05 | norm: 0.4966 | dt: 2942.73ms | tok/sec: 22270.47
step  9667 | loss: 3.680658 | lr 6.1569e-05 | norm: 0.4912 | dt: 2950.58ms | tok/sec: 22211.25
step  9668 | loss: 3.575036 | lr 6.1559e-05 | norm: 0.4912 | dt: 2934.89ms | tok/sec: 22330.00
step  9669 | loss: 3.699023 | lr 6.1550e-05 | norm: 0.5134 | dt: 2948.62ms | tok/sec: 22226.00
step  9670 | loss: 3.620804 | lr 6.1541e-05 | norm: 0.4885 | dt: 2946.07ms | tok/sec: 22245.23
step  9671 | loss: 3.457275 | lr 6.1531e-05 | norm: 0.4615 | dt: 2941.95ms | tok/sec: 22276.39
step  9672 | loss: 3.472917 | lr 6.1522e-05 | norm: 0.4534 | dt: 2947.02ms | tok/sec: 22238.08
step  9673 | loss: 3.522169 | lr 6.1513e-05 | norm: 0.4698 | dt: 2939.93ms | tok/sec: 22291.67
step  9674 | loss: 3.664320 | lr 6.1504e-05 | norm: 0.5607 | dt: 2933.83ms | tok/sec: 22338.03
step  9675 | loss: 3.455301 | lr 6.1494e-05 | norm: 0.4608 | dt: 2970.15ms | tok/sec: 22064.87
step  9676 | loss: 3.571417 | lr 6.1485e-05 | norm: 0.6436 | dt: 2940.41ms | tok/sec: 22288.03
step  9677 | loss: 3.529820 | lr 6.1476e-05 | norm: 0.4693 | dt: 2941.85ms | tok/sec: 22277.14
step  9678 | loss: 3.568110 | lr 6.1467e-05 | norm: 0.4546 | dt: 2938.00ms | tok/sec: 22306.32
step  9679 | loss: 3.479791 | lr 6.1458e-05 | norm: 0.4788 | dt: 2935.70ms | tok/sec: 22323.81
step  9680 | loss: 3.537636 | lr 6.1449e-05 | norm: 0.4531 | dt: 2948.65ms | tok/sec: 22225.78
step  9681 | loss: 3.626296 | lr 6.1440e-05 | norm: 0.8421 | dt: 2944.70ms | tok/sec: 22255.57
step  9682 | loss: 3.621210 | lr 6.1431e-05 | norm: 0.5206 | dt: 2947.92ms | tok/sec: 22231.28
step  9683 | loss: 3.597643 | lr 6.1422e-05 | norm: 0.4949 | dt: 2943.27ms | tok/sec: 22266.38
step  9684 | loss: 3.507315 | lr 6.1413e-05 | norm: 0.4845 | dt: 2967.64ms | tok/sec: 22083.53
step  9685 | loss: 3.728393 | lr 6.1404e-05 | norm: 0.6143 | dt: 2959.96ms | tok/sec: 22140.84
step  9686 | loss: 3.537074 | lr 6.1395e-05 | norm: 0.4724 | dt: 2942.51ms | tok/sec: 22272.12
step  9687 | loss: 3.670318 | lr 6.1386e-05 | norm: 0.5230 | dt: 2937.29ms | tok/sec: 22311.74
step  9688 | loss: 3.456191 | lr 6.1377e-05 | norm: 0.4819 | dt: 2939.00ms | tok/sec: 22298.71
step  9689 | loss: 3.469442 | lr 6.1368e-05 | norm: 0.4823 | dt: 2957.37ms | tok/sec: 22160.24
step  9690 | loss: 3.473643 | lr 6.1360e-05 | norm: 0.4480 | dt: 2942.84ms | tok/sec: 22269.67
step  9691 | loss: 3.446715 | lr 6.1351e-05 | norm: 0.4901 | dt: 2953.39ms | tok/sec: 22190.07
step  9692 | loss: 3.570403 | lr 6.1342e-05 | norm: 0.4812 | dt: 2941.61ms | tok/sec: 22278.95
step  9693 | loss: 3.611336 | lr 6.1334e-05 | norm: 0.4745 | dt: 2940.58ms | tok/sec: 22286.75
step  9694 | loss: 3.587353 | lr 6.1325e-05 | norm: 0.4698 | dt: 2948.22ms | tok/sec: 22229.04
step  9695 | loss: 3.551661 | lr 6.1316e-05 | norm: 0.4638 | dt: 2972.37ms | tok/sec: 22048.37
step  9696 | loss: 3.513297 | lr 6.1308e-05 | norm: 0.4769 | dt: 2937.84ms | tok/sec: 22307.57
step  9697 | loss: 3.529932 | lr 6.1299e-05 | norm: 0.4578 | dt: 2939.44ms | tok/sec: 22295.39
step  9698 | loss: 3.607962 | lr 6.1290e-05 | norm: 0.4664 | dt: 2939.62ms | tok/sec: 22294.04
step  9699 | loss: 3.652717 | lr 6.1282e-05 | norm: 0.6088 | dt: 2943.25ms | tok/sec: 22266.53
step  9700 | loss: 4.116145 | lr 6.1273e-05 | norm: 0.6197 | dt: 2943.19ms | tok/sec: 22266.96
step  9701 | loss: 3.547322 | lr 6.1265e-05 | norm: 0.4693 | dt: 2937.26ms | tok/sec: 22311.93
step  9702 | loss: 3.548929 | lr 6.1257e-05 | norm: 0.4980 | dt: 2947.88ms | tok/sec: 22231.58
step  9703 | loss: 3.464933 | lr 6.1248e-05 | norm: 0.4916 | dt: 2940.48ms | tok/sec: 22287.49
step  9704 | loss: 3.635477 | lr 6.1240e-05 | norm: 0.4789 | dt: 2936.72ms | tok/sec: 22316.09
step  9705 | loss: 3.500670 | lr 6.1231e-05 | norm: 0.4484 | dt: 2963.75ms | tok/sec: 22112.50
step  9706 | loss: 3.523233 | lr 6.1223e-05 | norm: 0.4635 | dt: 2955.08ms | tok/sec: 22177.44
step  9707 | loss: 3.440512 | lr 6.1215e-05 | norm: 0.4445 | dt: 2943.14ms | tok/sec: 22267.37
step  9708 | loss: 3.267126 | lr 6.1207e-05 | norm: 0.8616 | dt: 2942.40ms | tok/sec: 22272.96
step  9709 | loss: 3.609867 | lr 6.1198e-05 | norm: 0.5516 | dt: 2940.64ms | tok/sec: 22286.27
step  9710 | loss: 3.539536 | lr 6.1190e-05 | norm: 0.5001 | dt: 2952.73ms | tok/sec: 22195.08
step  9711 | loss: 3.758079 | lr 6.1182e-05 | norm: 0.6392 | dt: 2942.95ms | tok/sec: 22268.83
step  9712 | loss: 3.634926 | lr 6.1174e-05 | norm: 0.5020 | dt: 2942.32ms | tok/sec: 22273.61
step  9713 | loss: 3.505759 | lr 6.1166e-05 | norm: 0.4843 | dt: 2945.39ms | tok/sec: 22250.39
step  9714 | loss: 3.501898 | lr 6.1157e-05 | norm: 0.4434 | dt: 2935.44ms | tok/sec: 22325.82
step  9715 | loss: 3.477827 | lr 6.1149e-05 | norm: 0.4591 | dt: 2933.10ms | tok/sec: 22343.59
step  9716 | loss: 3.571721 | lr 6.1141e-05 | norm: 0.4880 | dt: 2980.11ms | tok/sec: 21991.10
step  9717 | loss: 3.507516 | lr 6.1133e-05 | norm: 0.4522 | dt: 2955.62ms | tok/sec: 22173.35
step  9718 | loss: 3.578331 | lr 6.1125e-05 | norm: 0.5293 | dt: 2938.81ms | tok/sec: 22300.16
step  9719 | loss: 3.575333 | lr 6.1117e-05 | norm: 0.8567 | dt: 2939.28ms | tok/sec: 22296.63
step  9720 | loss: 3.497284 | lr 6.1109e-05 | norm: 0.4814 | dt: 2943.29ms | tok/sec: 22266.21
step  9721 | loss: 3.557062 | lr 6.1102e-05 | norm: 0.4945 | dt: 2949.17ms | tok/sec: 22221.87
step  9722 | loss: 3.579010 | lr 6.1094e-05 | norm: 0.4675 | dt: 2934.43ms | tok/sec: 22333.47
step  9723 | loss: 3.440381 | lr 6.1086e-05 | norm: 0.4793 | dt: 2948.06ms | tok/sec: 22230.22
step  9724 | loss: 3.624253 | lr 6.1078e-05 | norm: 0.4958 | dt: 2939.45ms | tok/sec: 22295.35
step  9725 | loss: 3.487128 | lr 6.1070e-05 | norm: 0.4891 | dt: 2947.31ms | tok/sec: 22235.89
step  9726 | loss: 3.574232 | lr 6.1062e-05 | norm: 0.4945 | dt: 2948.20ms | tok/sec: 22229.18
step  9727 | loss: 3.815252 | lr 6.1055e-05 | norm: 0.5135 | dt: 2941.66ms | tok/sec: 22278.56
step  9728 | loss: 3.604265 | lr 6.1047e-05 | norm: 0.5083 | dt: 2937.19ms | tok/sec: 22312.48
step  9729 | loss: 3.523712 | lr 6.1039e-05 | norm: 0.5412 | dt: 2939.05ms | tok/sec: 22298.33
step  9730 | loss: 3.422182 | lr 6.1032e-05 | norm: 0.4831 | dt: 2943.68ms | tok/sec: 22263.28
step  9731 | loss: 3.496376 | lr 6.1024e-05 | norm: 0.5076 | dt: 2947.14ms | tok/sec: 22237.14
step  9732 | loss: 3.514727 | lr 6.1016e-05 | norm: 0.4799 | dt: 2942.53ms | tok/sec: 22271.98
step  9733 | loss: 3.693040 | lr 6.1009e-05 | norm: 0.5127 | dt: 2941.96ms | tok/sec: 22276.34
step  9734 | loss: 3.590258 | lr 6.1001e-05 | norm: 0.4905 | dt: 2941.60ms | tok/sec: 22279.01
step  9735 | loss: 3.385260 | lr 6.0994e-05 | norm: 0.4666 | dt: 2955.50ms | tok/sec: 22174.29
step  9736 | loss: 3.514151 | lr 6.0986e-05 | norm: 0.4855 | dt: 2978.09ms | tok/sec: 22006.03
step  9737 | loss: 3.454425 | lr 6.0979e-05 | norm: 0.4603 | dt: 2950.98ms | tok/sec: 22208.20
step  9738 | loss: 3.646666 | lr 6.0971e-05 | norm: 0.4734 | dt: 2951.45ms | tok/sec: 22204.70
step  9739 | loss: 3.460921 | lr 6.0964e-05 | norm: 0.5267 | dt: 2945.68ms | tok/sec: 22248.19
step  9740 | loss: 3.528267 | lr 6.0957e-05 | norm: 0.4673 | dt: 2943.32ms | tok/sec: 22266.02
step  9741 | loss: 3.531588 | lr 6.0949e-05 | norm: 0.4518 | dt: 2936.58ms | tok/sec: 22317.15
step  9742 | loss: 3.608925 | lr 6.0942e-05 | norm: 0.7305 | dt: 2938.67ms | tok/sec: 22301.22
step  9743 | loss: 3.617999 | lr 6.0935e-05 | norm: 0.4827 | dt: 2941.67ms | tok/sec: 22278.49
step  9744 | loss: 3.496830 | lr 6.0928e-05 | norm: 0.4682 | dt: 2941.95ms | tok/sec: 22276.37
step  9745 | loss: 3.666967 | lr 6.0920e-05 | norm: 0.4947 | dt: 2943.12ms | tok/sec: 22267.53
step  9746 | loss: 3.522613 | lr 6.0913e-05 | norm: 0.4613 | dt: 2963.22ms | tok/sec: 22116.46
step  9747 | loss: 3.341218 | lr 6.0906e-05 | norm: 0.4457 | dt: 2950.66ms | tok/sec: 22210.61
step  9748 | loss: 3.572809 | lr 6.0899e-05 | norm: 0.4704 | dt: 2950.98ms | tok/sec: 22208.25
step  9749 | loss: 3.545008 | lr 6.0892e-05 | norm: 0.4586 | dt: 2967.03ms | tok/sec: 22088.08
step  9750 | loss: 3.642261 | lr 6.0885e-05 | norm: 0.4704 | dt: 2945.09ms | tok/sec: 22252.61
step  9751 | loss: 3.565079 | lr 6.0878e-05 | norm: 0.6363 | dt: 2942.51ms | tok/sec: 22272.14
step  9752 | loss: 3.641481 | lr 6.0870e-05 | norm: 0.5067 | dt: 2947.86ms | tok/sec: 22231.76
step  9753 | loss: 3.548152 | lr 6.0863e-05 | norm: 0.4492 | dt: 2937.40ms | tok/sec: 22310.88
step  9754 | loss: 3.561715 | lr 6.0857e-05 | norm: 0.4508 | dt: 2944.33ms | tok/sec: 22258.38
step  9755 | loss: 3.630726 | lr 6.0850e-05 | norm: 0.4975 | dt: 2936.55ms | tok/sec: 22317.37
step  9756 | loss: 3.426741 | lr 6.0843e-05 | norm: 0.4625 | dt: 2944.34ms | tok/sec: 22258.33
step  9757 | loss: 3.492335 | lr 6.0836e-05 | norm: 0.4468 | dt: 2984.66ms | tok/sec: 21957.61
step  9758 | loss: 3.624866 | lr 6.0829e-05 | norm: 0.4920 | dt: 2941.45ms | tok/sec: 22280.15
step  9759 | loss: 3.523590 | lr 6.0822e-05 | norm: 0.4534 | dt: 2949.28ms | tok/sec: 22221.04
step  9760 | loss: 3.553019 | lr 6.0815e-05 | norm: 0.4636 | dt: 2938.58ms | tok/sec: 22301.96
step  9761 | loss: 3.473485 | lr 6.0808e-05 | norm: 0.5110 | dt: 2946.61ms | tok/sec: 22241.12
step  9762 | loss: 3.668948 | lr 6.0802e-05 | norm: 0.4955 | dt: 2936.18ms | tok/sec: 22320.15
step  9763 | loss: 3.562608 | lr 6.0795e-05 | norm: 0.4433 | dt: 2939.33ms | tok/sec: 22296.21
step  9764 | loss: 3.680177 | lr 6.0788e-05 | norm: 0.6075 | dt: 2926.40ms | tok/sec: 22394.72
step  9765 | loss: 3.677566 | lr 6.0782e-05 | norm: 0.4489 | dt: 2939.45ms | tok/sec: 22295.33
step  9766 | loss: 3.488662 | lr 6.0775e-05 | norm: 0.4809 | dt: 2927.82ms | tok/sec: 22383.90
step  9767 | loss: 3.541103 | lr 6.0768e-05 | norm: 0.4710 | dt: 2978.10ms | tok/sec: 22005.98
step  9768 | loss: 3.445973 | lr 6.0762e-05 | norm: 0.4841 | dt: 2945.15ms | tok/sec: 22252.20
step  9769 | loss: 3.429704 | lr 6.0755e-05 | norm: 0.4528 | dt: 2939.92ms | tok/sec: 22291.75
step  9770 | loss: 3.577017 | lr 6.0749e-05 | norm: 0.4446 | dt: 2935.20ms | tok/sec: 22327.64
step  9771 | loss: 3.980484 | lr 6.0742e-05 | norm: 0.7450 | dt: 2932.90ms | tok/sec: 22345.14
step  9772 | loss: 3.432218 | lr 6.0736e-05 | norm: 0.4644 | dt: 2938.76ms | tok/sec: 22300.53
step  9773 | loss: 3.514071 | lr 6.0729e-05 | norm: 0.4541 | dt: 2930.41ms | tok/sec: 22364.10
step  9774 | loss: 3.616405 | lr 6.0723e-05 | norm: 0.5721 | dt: 2942.06ms | tok/sec: 22275.52
step  9775 | loss: 3.615520 | lr 6.0717e-05 | norm: 0.4848 | dt: 2935.00ms | tok/sec: 22329.16
step  9776 | loss: 3.509779 | lr 6.0710e-05 | norm: 0.4539 | dt: 2947.67ms | tok/sec: 22233.17
step  9777 | loss: 3.491912 | lr 6.0704e-05 | norm: 0.4674 | dt: 2970.59ms | tok/sec: 22061.63
step  9778 | loss: 3.592504 | lr 6.0698e-05 | norm: 0.4525 | dt: 2936.59ms | tok/sec: 22317.03
step  9779 | loss: 3.484485 | lr 6.0691e-05 | norm: 0.4534 | dt: 2935.20ms | tok/sec: 22327.63
step  9780 | loss: 3.371531 | lr 6.0685e-05 | norm: 0.5854 | dt: 2945.62ms | tok/sec: 22248.61
step  9781 | loss: 3.695482 | lr 6.0679e-05 | norm: 0.4766 | dt: 2935.68ms | tok/sec: 22323.95
step  9782 | loss: 3.640626 | lr 6.0673e-05 | norm: 0.5136 | dt: 2932.58ms | tok/sec: 22347.56
step  9783 | loss: 3.446879 | lr 6.0667e-05 | norm: 0.4708 | dt: 2945.40ms | tok/sec: 22250.28
step  9784 | loss: 3.539203 | lr 6.0660e-05 | norm: 0.4829 | dt: 2939.94ms | tok/sec: 22291.58
step  9785 | loss: 3.583216 | lr 6.0654e-05 | norm: 0.4849 | dt: 2937.92ms | tok/sec: 22306.97
step  9786 | loss: 3.626909 | lr 6.0648e-05 | norm: 0.4675 | dt: 2940.97ms | tok/sec: 22283.81
step  9787 | loss: 3.524933 | lr 6.0642e-05 | norm: 0.4683 | dt: 2960.00ms | tok/sec: 22140.57
step  9788 | loss: 3.559522 | lr 6.0636e-05 | norm: 0.4495 | dt: 2932.16ms | tok/sec: 22350.79
step  9789 | loss: 3.602736 | lr 6.0630e-05 | norm: 0.5969 | dt: 2963.62ms | tok/sec: 22113.51
step  9790 | loss: 3.509806 | lr 6.0624e-05 | norm: 0.4554 | dt: 2944.94ms | tok/sec: 22253.79
step  9791 | loss: 3.556147 | lr 6.0618e-05 | norm: 0.4675 | dt: 2950.19ms | tok/sec: 22214.18
step  9792 | loss: 3.645295 | lr 6.0612e-05 | norm: 0.5044 | dt: 2947.98ms | tok/sec: 22230.79
step  9793 | loss: 3.583045 | lr 6.0607e-05 | norm: 0.5893 | dt: 2954.91ms | tok/sec: 22178.70
step  9794 | loss: 3.634380 | lr 6.0601e-05 | norm: 0.4757 | dt: 2943.36ms | tok/sec: 22265.71
step  9795 | loss: 3.559559 | lr 6.0595e-05 | norm: 0.4902 | dt: 2941.33ms | tok/sec: 22281.08
step  9796 | loss: 3.520798 | lr 6.0589e-05 | norm: 0.4723 | dt: 2951.30ms | tok/sec: 22205.84
step  9797 | loss: 3.627955 | lr 6.0583e-05 | norm: 0.4955 | dt: 2979.07ms | tok/sec: 21998.78
step  9798 | loss: 3.588762 | lr 6.0578e-05 | norm: 0.5146 | dt: 2943.97ms | tok/sec: 22261.13
step  9799 | loss: 3.599767 | lr 6.0572e-05 | norm: 0.4457 | dt: 2945.89ms | tok/sec: 22246.56
step  9800 | loss: 3.509621 | lr 6.0566e-05 | norm: 0.4676 | dt: 2941.04ms | tok/sec: 22283.25
step  9801 | loss: 3.513999 | lr 6.0561e-05 | norm: 0.4655 | dt: 2933.03ms | tok/sec: 22344.13
step  9802 | loss: 3.679507 | lr 6.0555e-05 | norm: 0.4756 | dt: 2947.29ms | tok/sec: 22236.00
step  9803 | loss: 3.480508 | lr 6.0549e-05 | norm: 0.4892 | dt: 2940.47ms | tok/sec: 22287.58
step  9804 | loss: 3.298373 | lr 6.0544e-05 | norm: 0.4680 | dt: 2947.57ms | tok/sec: 22233.89
step  9805 | loss: 3.366302 | lr 6.0538e-05 | norm: 0.4686 | dt: 2931.79ms | tok/sec: 22353.54
step  9806 | loss: 3.523120 | lr 6.0533e-05 | norm: 0.4522 | dt: 2934.11ms | tok/sec: 22335.94
step  9807 | loss: 3.374210 | lr 6.0527e-05 | norm: 0.6151 | dt: 2931.25ms | tok/sec: 22357.69
step  9808 | loss: 3.414854 | lr 6.0522e-05 | norm: 0.4598 | dt: 2946.94ms | tok/sec: 22238.67
step  9809 | loss: 3.559298 | lr 6.0516e-05 | norm: 0.4542 | dt: 2936.87ms | tok/sec: 22314.94
step  9810 | loss: 3.502594 | lr 6.0511e-05 | norm: 0.4473 | dt: 2938.24ms | tok/sec: 22304.52
step  9811 | loss: 3.516996 | lr 6.0506e-05 | norm: 0.4586 | dt: 2932.51ms | tok/sec: 22348.06
step  9812 | loss: 3.518910 | lr 6.0500e-05 | norm: 0.4431 | dt: 2939.09ms | tok/sec: 22298.03
step  9813 | loss: 3.654921 | lr 6.0495e-05 | norm: 0.4543 | dt: 2939.76ms | tok/sec: 22292.98
step  9814 | loss: 3.706015 | lr 6.0490e-05 | norm: 0.4923 | dt: 2938.46ms | tok/sec: 22302.81
step  9815 | loss: 3.544144 | lr 6.0485e-05 | norm: 0.4705 | dt: 2937.65ms | tok/sec: 22308.95
step  9816 | loss: 3.516124 | lr 6.0479e-05 | norm: 0.4595 | dt: 2933.84ms | tok/sec: 22337.95
step  9817 | loss: 3.699130 | lr 6.0474e-05 | norm: 0.4960 | dt: 2945.65ms | tok/sec: 22248.41
step  9818 | loss: 3.524536 | lr 6.0469e-05 | norm: 0.4516 | dt: 2985.14ms | tok/sec: 21954.10
step  9819 | loss: 3.515547 | lr 6.0464e-05 | norm: 0.4494 | dt: 2942.23ms | tok/sec: 22274.27
step  9820 | loss: 3.295970 | lr 6.0459e-05 | norm: 0.9032 | dt: 2926.97ms | tok/sec: 22390.39
step  9821 | loss: 3.402900 | lr 6.0454e-05 | norm: 0.4944 | dt: 2931.01ms | tok/sec: 22359.56
step  9822 | loss: 3.563778 | lr 6.0449e-05 | norm: 0.4956 | dt: 2936.27ms | tok/sec: 22319.46
step  9823 | loss: 3.338511 | lr 6.0444e-05 | norm: 0.4827 | dt: 2936.92ms | tok/sec: 22314.57
step  9824 | loss: 3.599894 | lr 6.0439e-05 | norm: 0.5284 | dt: 2934.62ms | tok/sec: 22332.00
step  9825 | loss: 3.657036 | lr 6.0434e-05 | norm: 0.5037 | dt: 2945.46ms | tok/sec: 22249.83
step  9826 | loss: 3.607915 | lr 6.0429e-05 | norm: 0.8147 | dt: 2944.18ms | tok/sec: 22259.49
step  9827 | loss: 3.480560 | lr 6.0424e-05 | norm: 0.4680 | dt: 2967.31ms | tok/sec: 22086.02
step  9828 | loss: 3.567411 | lr 6.0419e-05 | norm: 0.5703 | dt: 2968.47ms | tok/sec: 22077.40
step  9829 | loss: 3.487812 | lr 6.0414e-05 | norm: 0.5087 | dt: 2943.64ms | tok/sec: 22263.60
step  9830 | loss: 3.476828 | lr 6.0409e-05 | norm: 0.4633 | dt: 2932.60ms | tok/sec: 22347.42
step  9831 | loss: 3.480311 | lr 6.0404e-05 | norm: 0.4915 | dt: 2940.90ms | tok/sec: 22284.36
step  9832 | loss: 3.381700 | lr 6.0400e-05 | norm: 0.4706 | dt: 2945.90ms | tok/sec: 22246.48
step  9833 | loss: 3.641021 | lr 6.0395e-05 | norm: 0.5023 | dt: 2939.06ms | tok/sec: 22298.26
step  9834 | loss: 3.448484 | lr 6.0390e-05 | norm: 0.5012 | dt: 2944.42ms | tok/sec: 22257.68
step  9835 | loss: 3.477837 | lr 6.0385e-05 | norm: 0.4599 | dt: 2944.10ms | tok/sec: 22260.11
step  9836 | loss: 3.488469 | lr 6.0381e-05 | norm: 0.4376 | dt: 2939.02ms | tok/sec: 22298.56
step  9837 | loss: 3.433967 | lr 6.0376e-05 | norm: 0.4823 | dt: 2938.01ms | tok/sec: 22306.29
step  9838 | loss: 3.432826 | lr 6.0372e-05 | norm: 0.4778 | dt: 2979.64ms | tok/sec: 21994.58
step  9839 | loss: 3.526128 | lr 6.0367e-05 | norm: 0.5084 | dt: 2939.81ms | tok/sec: 22292.61
step  9840 | loss: 3.548015 | lr 6.0362e-05 | norm: 0.5259 | dt: 2940.16ms | tok/sec: 22289.98
step  9841 | loss: 3.462427 | lr 6.0358e-05 | norm: 0.4888 | dt: 2944.68ms | tok/sec: 22255.71
step  9842 | loss: 3.512503 | lr 6.0353e-05 | norm: 0.4437 | dt: 2937.14ms | tok/sec: 22312.84
step  9843 | loss: 3.448328 | lr 6.0349e-05 | norm: 0.5160 | dt: 2932.68ms | tok/sec: 22346.81
step  9844 | loss: 3.398733 | lr 6.0345e-05 | norm: 0.4624 | dt: 2940.71ms | tok/sec: 22285.76
step  9845 | loss: 3.500101 | lr 6.0340e-05 | norm: 0.4479 | dt: 2932.85ms | tok/sec: 22345.49
step  9846 | loss: 3.451785 | lr 6.0336e-05 | norm: 0.4535 | dt: 2936.93ms | tok/sec: 22314.49
step  9847 | loss: 3.536914 | lr 6.0331e-05 | norm: 0.4970 | dt: 2937.76ms | tok/sec: 22308.12
step  9848 | loss: 3.520457 | lr 6.0327e-05 | norm: 0.4852 | dt: 2981.32ms | tok/sec: 21982.23
step  9849 | loss: 3.492361 | lr 6.0323e-05 | norm: 0.4341 | dt: 2946.48ms | tok/sec: 22242.12
step  9850 | loss: 3.380905 | lr 6.0319e-05 | norm: 0.4445 | dt: 2948.20ms | tok/sec: 22229.12
step  9851 | loss: 3.536791 | lr 6.0314e-05 | norm: 0.4593 | dt: 2933.26ms | tok/sec: 22342.41
step  9852 | loss: 3.550239 | lr 6.0310e-05 | norm: 0.4635 | dt: 2938.94ms | tok/sec: 22299.22
step  9853 | loss: 3.529541 | lr 6.0306e-05 | norm: 0.4613 | dt: 2956.36ms | tok/sec: 22167.79
step  9854 | loss: 3.677839 | lr 6.0302e-05 | norm: 0.5082 | dt: 2952.67ms | tok/sec: 22195.54
step  9855 | loss: 3.588007 | lr 6.0298e-05 | norm: 0.4492 | dt: 2940.86ms | tok/sec: 22284.61
step  9856 | loss: 3.419423 | lr 6.0294e-05 | norm: 0.6358 | dt: 2945.94ms | tok/sec: 22246.18
step  9857 | loss: 3.441599 | lr 6.0290e-05 | norm: 0.4495 | dt: 2942.12ms | tok/sec: 22275.13
step  9858 | loss: 3.402851 | lr 6.0285e-05 | norm: 0.5168 | dt: 2985.07ms | tok/sec: 21954.58
step  9859 | loss: 3.465031 | lr 6.0281e-05 | norm: 0.4529 | dt: 2931.01ms | tok/sec: 22359.51
step  9860 | loss: 3.422260 | lr 6.0278e-05 | norm: 0.4613 | dt: 2938.18ms | tok/sec: 22304.98
step  9861 | loss: 3.502927 | lr 6.0274e-05 | norm: 0.5069 | dt: 2941.54ms | tok/sec: 22279.45
step  9862 | loss: 3.461031 | lr 6.0270e-05 | norm: 0.4843 | dt: 2949.65ms | tok/sec: 22218.22
step  9863 | loss: 3.581356 | lr 6.0266e-05 | norm: 0.4599 | dt: 2933.34ms | tok/sec: 22341.75
step  9864 | loss: 3.510359 | lr 6.0262e-05 | norm: 0.4365 | dt: 2941.04ms | tok/sec: 22283.30
step  9865 | loss: 3.532673 | lr 6.0258e-05 | norm: 0.4578 | dt: 2942.70ms | tok/sec: 22270.70
step  9866 | loss: 3.444501 | lr 6.0254e-05 | norm: 0.5121 | dt: 2938.86ms | tok/sec: 22299.77
step  9867 | loss: 3.537940 | lr 6.0250e-05 | norm: 0.4485 | dt: 2925.36ms | tok/sec: 22402.69
step  9868 | loss: 3.491998 | lr 6.0247e-05 | norm: 0.4527 | dt: 2960.79ms | tok/sec: 22134.63
step  9869 | loss: 3.469805 | lr 6.0243e-05 | norm: 0.4680 | dt: 2960.82ms | tok/sec: 22134.38
step  9870 | loss: 3.624459 | lr 6.0239e-05 | norm: 0.4791 | dt: 2942.79ms | tok/sec: 22270.05
step  9871 | loss: 3.406989 | lr 6.0236e-05 | norm: 0.4388 | dt: 2933.17ms | tok/sec: 22343.04
step  9872 | loss: 3.522393 | lr 6.0232e-05 | norm: 0.5033 | dt: 2942.06ms | tok/sec: 22275.54
step  9873 | loss: 3.496781 | lr 6.0228e-05 | norm: 0.4409 | dt: 2936.23ms | tok/sec: 22319.77
step  9874 | loss: 3.559396 | lr 6.0225e-05 | norm: 0.4412 | dt: 2940.34ms | tok/sec: 22288.61
step  9875 | loss: 3.503736 | lr 6.0221e-05 | norm: 0.4734 | dt: 2936.68ms | tok/sec: 22316.35
step  9876 | loss: 3.497726 | lr 6.0218e-05 | norm: 0.4598 | dt: 2944.18ms | tok/sec: 22259.53
step  9877 | loss: 3.518888 | lr 6.0214e-05 | norm: 0.4820 | dt: 2934.60ms | tok/sec: 22332.19
step  9878 | loss: 3.552737 | lr 6.0211e-05 | norm: 0.4645 | dt: 2937.32ms | tok/sec: 22311.48
step  9879 | loss: 3.607086 | lr 6.0207e-05 | norm: 0.4562 | dt: 2978.33ms | tok/sec: 22004.30
step  9880 | loss: 3.484478 | lr 6.0204e-05 | norm: 0.4418 | dt: 2942.67ms | tok/sec: 22270.92
step  9881 | loss: 3.389917 | lr 6.0201e-05 | norm: 0.4820 | dt: 2959.80ms | tok/sec: 22142.04
step  9882 | loss: 3.518922 | lr 6.0197e-05 | norm: 0.4651 | dt: 2935.42ms | tok/sec: 22325.90
step  9883 | loss: 3.489627 | lr 6.0194e-05 | norm: 0.4625 | dt: 2946.28ms | tok/sec: 22243.61
step  9884 | loss: 3.622489 | lr 6.0191e-05 | norm: 0.5101 | dt: 2949.42ms | tok/sec: 22219.95
step  9885 | loss: 3.361531 | lr 6.0187e-05 | norm: 0.4356 | dt: 2947.92ms | tok/sec: 22231.24
step  9886 | loss: 3.613569 | lr 6.0184e-05 | norm: 0.4566 | dt: 2942.19ms | tok/sec: 22274.53
step  9887 | loss: 3.576464 | lr 6.0181e-05 | norm: 0.4580 | dt: 2931.25ms | tok/sec: 22357.68
step  9888 | loss: 3.416565 | lr 6.0178e-05 | norm: 0.5542 | dt: 2934.65ms | tok/sec: 22331.81
step  9889 | loss: 3.464337 | lr 6.0174e-05 | norm: 0.4437 | dt: 2951.37ms | tok/sec: 22205.27
step  9890 | loss: 3.516932 | lr 6.0171e-05 | norm: 0.5178 | dt: 2938.23ms | tok/sec: 22304.60
step  9891 | loss: 3.488667 | lr 6.0168e-05 | norm: 0.4558 | dt: 2936.02ms | tok/sec: 22321.37
step  9892 | loss: 3.417421 | lr 6.0165e-05 | norm: 0.4554 | dt: 2930.45ms | tok/sec: 22363.76
step  9893 | loss: 3.514117 | lr 6.0162e-05 | norm: 0.4424 | dt: 2932.98ms | tok/sec: 22344.53
step  9894 | loss: 3.554143 | lr 6.0159e-05 | norm: 0.4511 | dt: 2941.88ms | tok/sec: 22276.93
step  9895 | loss: 3.452764 | lr 6.0156e-05 | norm: 0.5524 | dt: 2945.54ms | tok/sec: 22249.24
step  9896 | loss: 3.484793 | lr 6.0153e-05 | norm: 0.5016 | dt: 2945.45ms | tok/sec: 22249.92
step  9897 | loss: 3.556438 | lr 6.0150e-05 | norm: 0.4803 | dt: 2945.13ms | tok/sec: 22252.32
step  9898 | loss: 3.345420 | lr 6.0147e-05 | norm: 0.4266 | dt: 2932.65ms | tok/sec: 22347.00
step  9899 | loss: 3.511463 | lr 6.0144e-05 | norm: 0.4589 | dt: 2973.78ms | tok/sec: 22037.94
step  9900 | loss: 3.452113 | lr 6.0142e-05 | norm: 0.4556 | dt: 2930.39ms | tok/sec: 22364.29
step  9901 | loss: 3.478088 | lr 6.0139e-05 | norm: 0.4407 | dt: 2928.47ms | tok/sec: 22378.90
step  9902 | loss: 3.317835 | lr 6.0136e-05 | norm: 0.4502 | dt: 2934.87ms | tok/sec: 22330.12
step  9903 | loss: 3.437856 | lr 6.0133e-05 | norm: 0.4361 | dt: 2935.54ms | tok/sec: 22325.01
step  9904 | loss: 3.536595 | lr 6.0130e-05 | norm: 0.4819 | dt: 2931.56ms | tok/sec: 22355.37
step  9905 | loss: 3.436132 | lr 6.0128e-05 | norm: 0.4634 | dt: 2935.68ms | tok/sec: 22323.94
step  9906 | loss: 3.333932 | lr 6.0125e-05 | norm: 0.5152 | dt: 2937.70ms | tok/sec: 22308.61
step  9907 | loss: 3.428649 | lr 6.0122e-05 | norm: 0.4955 | dt: 2940.97ms | tok/sec: 22283.80
step  9908 | loss: 3.510896 | lr 6.0120e-05 | norm: 0.4581 | dt: 2931.21ms | tok/sec: 22358.02
step  9909 | loss: 3.500481 | lr 6.0117e-05 | norm: 0.4645 | dt: 2938.80ms | tok/sec: 22300.29
step  9910 | loss: 3.616308 | lr 6.0115e-05 | norm: 0.6108 | dt: 2957.13ms | tok/sec: 22162.00
step  9911 | loss: 3.484079 | lr 6.0112e-05 | norm: 0.4820 | dt: 2938.30ms | tok/sec: 22304.05
step  9912 | loss: 3.428693 | lr 6.0110e-05 | norm: 0.4424 | dt: 2966.14ms | tok/sec: 22094.72
step  9913 | loss: 3.527012 | lr 6.0107e-05 | norm: 0.4822 | dt: 2927.42ms | tok/sec: 22386.98
step  9914 | loss: 3.526758 | lr 6.0105e-05 | norm: 0.5676 | dt: 2929.05ms | tok/sec: 22374.51
step  9915 | loss: 3.583776 | lr 6.0102e-05 | norm: 0.4789 | dt: 2927.55ms | tok/sec: 22385.94
step  9916 | loss: 3.435528 | lr 6.0100e-05 | norm: 0.4695 | dt: 2940.33ms | tok/sec: 22288.63
step  9917 | loss: 3.508888 | lr 6.0098e-05 | norm: 0.4573 | dt: 2936.96ms | tok/sec: 22314.24
step  9918 | loss: 3.651954 | lr 6.0095e-05 | norm: 0.4711 | dt: 2934.55ms | tok/sec: 22332.57
step  9919 | loss: 3.457366 | lr 6.0093e-05 | norm: 0.4506 | dt: 2928.98ms | tok/sec: 22375.00
step  9920 | loss: 3.524435 | lr 6.0091e-05 | norm: 0.4404 | dt: 2981.58ms | tok/sec: 21980.32
step  9921 | loss: 3.538628 | lr 6.0088e-05 | norm: 0.4735 | dt: 2934.31ms | tok/sec: 22334.35
step  9922 | loss: 3.457062 | lr 6.0086e-05 | norm: 0.4315 | dt: 2938.25ms | tok/sec: 22304.45
step  9923 | loss: 3.438482 | lr 6.0084e-05 | norm: 0.5062 | dt: 2940.71ms | tok/sec: 22285.79
step  9924 | loss: 3.432710 | lr 6.0082e-05 | norm: 0.4619 | dt: 2932.56ms | tok/sec: 22347.68
step  9925 | loss: 3.491303 | lr 6.0080e-05 | norm: 0.4686 | dt: 2943.92ms | tok/sec: 22261.49
step  9926 | loss: 3.525643 | lr 6.0078e-05 | norm: 0.4895 | dt: 2942.64ms | tok/sec: 22271.13
step  9927 | loss: 3.504453 | lr 6.0075e-05 | norm: 0.4542 | dt: 2937.07ms | tok/sec: 22313.36
step  9928 | loss: 3.459717 | lr 6.0073e-05 | norm: 0.4920 | dt: 2933.93ms | tok/sec: 22337.29
step  9929 | loss: 3.295703 | lr 6.0071e-05 | norm: 0.4678 | dt: 2943.65ms | tok/sec: 22263.54
step  9930 | loss: 3.556074 | lr 6.0069e-05 | norm: 0.4811 | dt: 2948.56ms | tok/sec: 22226.42
step  9931 | loss: 3.254011 | lr 6.0067e-05 | norm: 0.4826 | dt: 2940.86ms | tok/sec: 22284.66
step  9932 | loss: 3.508046 | lr 6.0065e-05 | norm: 0.5172 | dt: 2952.52ms | tok/sec: 22196.67
step  9933 | loss: 3.386971 | lr 6.0064e-05 | norm: 0.5391 | dt: 2930.26ms | tok/sec: 22365.24
step  9934 | loss: 3.306733 | lr 6.0062e-05 | norm: 0.5351 | dt: 2942.79ms | tok/sec: 22270.05
step  9935 | loss: 3.348633 | lr 6.0060e-05 | norm: 0.4498 | dt: 2941.98ms | tok/sec: 22276.18
step  9936 | loss: 3.317531 | lr 6.0058e-05 | norm: 0.4592 | dt: 2945.01ms | tok/sec: 22253.24
step  9937 | loss: 3.511957 | lr 6.0056e-05 | norm: 0.5158 | dt: 2927.61ms | tok/sec: 22385.51
step  9938 | loss: 3.471050 | lr 6.0054e-05 | norm: 0.5107 | dt: 2941.93ms | tok/sec: 22276.51
step  9939 | loss: 3.375571 | lr 6.0053e-05 | norm: 0.4676 | dt: 2937.69ms | tok/sec: 22308.70
step  9940 | loss: 3.527179 | lr 6.0051e-05 | norm: 0.5082 | dt: 2974.71ms | tok/sec: 22031.06
step  9941 | loss: 3.588186 | lr 6.0049e-05 | norm: 0.5132 | dt: 2933.45ms | tok/sec: 22340.94
step  9942 | loss: 3.385381 | lr 6.0048e-05 | norm: 0.4682 | dt: 2940.76ms | tok/sec: 22285.37
step  9943 | loss: 3.422397 | lr 6.0046e-05 | norm: 0.5026 | dt: 2934.50ms | tok/sec: 22332.93
step  9944 | loss: 3.382114 | lr 6.0044e-05 | norm: 0.4545 | dt: 2932.79ms | tok/sec: 22345.93
step  9945 | loss: 3.425298 | lr 6.0043e-05 | norm: 0.4510 | dt: 2934.05ms | tok/sec: 22336.35
step  9946 | loss: 3.504670 | lr 6.0041e-05 | norm: 0.4854 | dt: 2938.26ms | tok/sec: 22304.36
step  9947 | loss: 3.220140 | lr 6.0040e-05 | norm: 0.4873 | dt: 2933.57ms | tok/sec: 22339.98
step  9948 | loss: 3.411573 | lr 6.0038e-05 | norm: 0.4960 | dt: 2939.37ms | tok/sec: 22295.93
step  9949 | loss: 3.377498 | lr 6.0037e-05 | norm: 0.4638 | dt: 2929.96ms | tok/sec: 22367.54
step  9950 | loss: 3.536881 | lr 6.0035e-05 | norm: 0.4749 | dt: 2956.30ms | tok/sec: 22168.27
step  9951 | loss: 3.520710 | lr 6.0034e-05 | norm: 0.4745 | dt: 2943.16ms | tok/sec: 22267.22
step  9952 | loss: 3.332383 | lr 6.0033e-05 | norm: 0.4542 | dt: 2961.92ms | tok/sec: 22126.20
step  9953 | loss: 3.499708 | lr 6.0031e-05 | norm: 0.4775 | dt: 2932.89ms | tok/sec: 22345.17
step  9954 | loss: 3.454568 | lr 6.0030e-05 | norm: 0.4634 | dt: 2934.47ms | tok/sec: 22333.14
step  9955 | loss: 3.533764 | lr 6.0029e-05 | norm: 0.4532 | dt: 2947.18ms | tok/sec: 22236.82
step  9956 | loss: 3.478205 | lr 6.0027e-05 | norm: 0.5018 | dt: 2944.25ms | tok/sec: 22259.01
step  9957 | loss: 3.171201 | lr 6.0026e-05 | norm: 0.4703 | dt: 2941.67ms | tok/sec: 22278.48
step  9958 | loss: 3.528841 | lr 6.0025e-05 | norm: 0.4781 | dt: 2932.50ms | tok/sec: 22348.14
step  9959 | loss: 3.297556 | lr 6.0024e-05 | norm: 0.4655 | dt: 2938.13ms | tok/sec: 22305.35
step  9960 | loss: 3.462915 | lr 6.0023e-05 | norm: 0.4832 | dt: 2983.29ms | tok/sec: 21967.68
step  9961 | loss: 3.336200 | lr 6.0022e-05 | norm: 0.4531 | dt: 2939.80ms | tok/sec: 22292.69
step  9962 | loss: 3.496728 | lr 6.0020e-05 | norm: 0.4662 | dt: 2934.32ms | tok/sec: 22334.34
step  9963 | loss: 3.620080 | lr 6.0019e-05 | norm: 0.4869 | dt: 2937.58ms | tok/sec: 22309.52
step  9964 | loss: 3.393230 | lr 6.0018e-05 | norm: 0.4434 | dt: 2935.67ms | tok/sec: 22324.05
step  9965 | loss: 3.468879 | lr 6.0017e-05 | norm: 0.4597 | dt: 2932.68ms | tok/sec: 22346.79
step  9966 | loss: 3.421413 | lr 6.0016e-05 | norm: 0.4583 | dt: 2935.47ms | tok/sec: 22325.54
step  9967 | loss: 3.422441 | lr 6.0015e-05 | norm: 0.4776 | dt: 2937.01ms | tok/sec: 22313.85
step  9968 | loss: 3.372285 | lr 6.0015e-05 | norm: 0.4747 | dt: 2940.23ms | tok/sec: 22289.38
step  9969 | loss: 3.469354 | lr 6.0014e-05 | norm: 0.4616 | dt: 2941.39ms | tok/sec: 22280.59
step  9970 | loss: 3.300882 | lr 6.0013e-05 | norm: 0.4709 | dt: 2938.96ms | tok/sec: 22299.05
step  9971 | loss: 3.518978 | lr 6.0012e-05 | norm: 0.6694 | dt: 2978.08ms | tok/sec: 22006.14
step  9972 | loss: 3.378079 | lr 6.0011e-05 | norm: 0.4719 | dt: 2944.07ms | tok/sec: 22260.32
step  9973 | loss: 3.407644 | lr 6.0010e-05 | norm: 0.4453 | dt: 2938.10ms | tok/sec: 22305.60
step  9974 | loss: 3.438000 | lr 6.0010e-05 | norm: 0.4809 | dt: 2950.66ms | tok/sec: 22210.62
step  9975 | loss: 3.540262 | lr 6.0009e-05 | norm: 0.4690 | dt: 2939.84ms | tok/sec: 22292.34
step  9976 | loss: 3.262748 | lr 6.0008e-05 | norm: 0.4867 | dt: 2941.76ms | tok/sec: 22277.85
step  9977 | loss: 3.358843 | lr 6.0007e-05 | norm: 0.4489 | dt: 2940.46ms | tok/sec: 22287.64
step  9978 | loss: 3.542464 | lr 6.0007e-05 | norm: 0.6459 | dt: 2934.90ms | tok/sec: 22329.86
step  9979 | loss: 3.549808 | lr 6.0006e-05 | norm: 0.5169 | dt: 2935.30ms | tok/sec: 22326.87
step  9980 | loss: 3.435313 | lr 6.0006e-05 | norm: 0.4594 | dt: 2943.06ms | tok/sec: 22268.00
step  9981 | loss: 3.437068 | lr 6.0005e-05 | norm: 0.4854 | dt: 2965.90ms | tok/sec: 22096.47
step  9982 | loss: 3.386407 | lr 6.0005e-05 | norm: 0.4782 | dt: 2931.40ms | tok/sec: 22356.59
step  9983 | loss: 3.469488 | lr 6.0004e-05 | norm: 0.4685 | dt: 2938.77ms | tok/sec: 22300.47
step  9984 | loss: 3.389212 | lr 6.0004e-05 | norm: 0.4540 | dt: 2950.43ms | tok/sec: 22212.32
step  9985 | loss: 3.452702 | lr 6.0003e-05 | norm: 0.5149 | dt: 2938.07ms | tok/sec: 22305.78
step  9986 | loss: 3.437555 | lr 6.0003e-05 | norm: 0.4665 | dt: 2940.18ms | tok/sec: 22289.79
step  9987 | loss: 3.406460 | lr 6.0002e-05 | norm: 0.4576 | dt: 2938.88ms | tok/sec: 22299.63
step  9988 | loss: 3.529690 | lr 6.0002e-05 | norm: 0.5237 | dt: 2928.17ms | tok/sec: 22381.21
step  9989 | loss: 3.341455 | lr 6.0002e-05 | norm: 0.4748 | dt: 2933.32ms | tok/sec: 22341.93
step  9990 | loss: 3.397218 | lr 6.0001e-05 | norm: 0.4955 | dt: 2932.20ms | tok/sec: 22350.42
step  9991 | loss: 3.317539 | lr 6.0001e-05 | norm: 0.4617 | dt: 2964.49ms | tok/sec: 22107.04
step  9992 | loss: 3.446450 | lr 6.0001e-05 | norm: 0.4525 | dt: 2935.67ms | tok/sec: 22324.03
step  9993 | loss: 3.514225 | lr 6.0001e-05 | norm: 0.4470 | dt: 2958.85ms | tok/sec: 22149.11
step  9994 | loss: 3.414264 | lr 6.0001e-05 | norm: 0.4926 | dt: 2937.92ms | tok/sec: 22306.92
step  9995 | loss: 3.362466 | lr 6.0000e-05 | norm: 0.4445 | dt: 2945.65ms | tok/sec: 22248.44
step  9996 | loss: 3.445877 | lr 6.0000e-05 | norm: 0.5172 | dt: 2936.44ms | tok/sec: 22318.22
step  9997 | loss: 3.497139 | lr 6.0000e-05 | norm: 0.4962 | dt: 2937.76ms | tok/sec: 22308.12
step  9998 | loss: 3.333752 | lr 6.0000e-05 | norm: 0.4715 | dt: 2943.78ms | tok/sec: 22262.50
validation loss: 3.5023
HellaSwag accuracy: 2645/10042=0.2634
rank 0 sample 0: Hello, I'm a language model, and I know that it's easy to recognize any language code in its history of use by English. So I'm looking
rank 0 sample 1: Hello, I'm a language model, so how do I get to this course?<|endoftext|>HVN, the name for this summer's heat, is a
rank 0 sample 2: Hello, I'm a language model, but I use this expression instead of my own!
I am trying to make use of this expression in my code.
rank 0 sample 3: Hello, I'm a language model, and can be used to solve problems such as learning problems, when problems are difficult to solve, or what are they in
step  9999 | loss: 3.348827 | lr 6.0000e-05 | norm: 0.4475 | dt: 109412.10ms | tok/sec: 598.98
